Date,Open,High,Low,Close,Volume
2015-01-12 00:00:00-05:00,24.916193490455274,24.922831637875944,24.075328281845096,24.174903869628906,198603200
2015-01-13 00:00:00-05:00,24.657287022815467,24.96044192591161,24.09966088663629,24.389537811279297,268367600
2015-01-14 00:00:00-05:00,24.128432366224875,24.449288501616856,24.008940661725582,24.296606063842773,195826400
2015-01-15 00:00:00-05:00,24.34086016459694,24.35413645717828,23.60178394813456,23.637187957763672,240056000
2015-01-16 00:00:00-05:00,23.68365752291758,23.805362503417978,23.27871370223808,23.45352554321289,314053200
2015-01-20 00:00:00-05:00,23.862891151189643,24.112939226436037,23.566376056234642,24.057619094848633,199599600
2015-01-21 00:00:00-05:00,24.108513744434763,24.575415810890004,23.95804291228469,24.241283416748047,194303600
2015-01-22 00:00:00-05:00,24.398400247951475,24.887430187783597,24.278908517350764,24.87194061279297,215185600
2015-01-23 00:00:00-05:00,24.849807624202118,25.170663761693863,24.679420647171945,25.00027847290039,185859200
2015-01-26 00:00:00-05:00,25.168448176577243,25.305642719304203,24.960445616732773,25.02682876586914,222460000
2015-01-27 00:00:00-05:00,24.8763564222506,24.88963440186182,24.126215571319666,24.150556564331055,382274800
2015-01-28 00:00:00-05:00,26.02923430226332,26.13766300317951,25.5158634185791,25.5158634185791,585908400
2015-01-29 00:00:00-05:00,25.739352750639867,26.374428518206834,25.571179064885065,26.310256958007812,337745600
2015-01-30 00:00:00-05:00,26.199615507769245,26.553664023772246,25.856630005500925,25.925228118896484,334982000
2015-02-02 00:00:00-05:00,26.122171630877833,26.370004785647765,25.68624864341562,26.250513076782227,250956400
2015-02-03 00:00:00-05:00,26.221741894917805,26.352296592733122,26.024802365111935,26.254934310913086,207662800
2015-02-04 00:00:00-05:00,26.221745794516334,26.666520183230848,26.179701948787283,26.456302642822266,280598800
2015-02-05 00:00:00-05:00,26.662906901105913,26.70956070561401,26.49184916587451,26.6451358795166,168984800
2015-02-06 00:00:00-05:00,26.662908024891667,26.714004163225805,26.314126499870483,26.420761108398438,174826400
2015-02-09 00:00:00-05:00,26.336336687082827,26.62291363042409,26.309677617863073,26.596256256103516,155559200
2015-02-10 00:00:00-05:00,26.696229661023946,27.136095061304506,26.69400934269236,27.107213973999023,248034000
2015-02-11 00:00:00-05:00,27.273828015082834,27.75145914200605,27.213847220027088,27.742572784423828,294247200
2015-02-12 00:00:00-05:00,28.004716451194586,28.3201762363106,27.895861528916974,28.093578338623047,297898000
2015-02-13 00:00:00-05:00,28.27574571104656,28.27574571104656,27.913635495070917,28.23131561279297,217088800
2015-02-17 00:00:00-05:00,28.32239314213835,28.63118854509799,28.195765518652458,28.397926330566406,252609600
2015-02-18 00:00:00-05:00,28.35348974444908,28.608966961183373,28.313501991439374,28.595638275146484,179566800
2015-02-19 00:00:00-05:00,28.54232794957795,28.664513254672688,28.50900622536984,28.535663604736328,149449600
2015-02-20 00:00:00-05:00,28.573432021439938,28.76892852783203,28.446806067835475,28.76892852783203,195793600
2015-02-23 00:00:00-05:00,28.884445467268826,29.546463012695312,28.80446994307108,29.546463012695312,283896400
2015-02-24 00:00:00-05:00,29.533133311671225,29.679755665976195,29.139920048689255,29.36207389831543,276912400
2015-02-25 00:00:00-05:00,29.22656565884979,29.23545371286905,28.469020069179415,28.61119842529297,298846800
2015-02-26 00:00:00-05:00,28.61119665484146,29.07327713106697,28.126902824541162,28.973308563232422,365150000
2015-02-27 00:00:00-05:00,28.88000304082967,29.00663237357377,28.4890134507584,28.537887573242188,248059200
2015-03-02 00:00:00-05:00,28.713384708226034,28.94220289932046,28.502339231657224,28.677839279174805,192386800
2015-03-03 00:00:00-05:00,28.648965199633246,28.773370827213807,28.455689023399984,28.737825393676758,151265200
2015-03-04 00:00:00-05:00,28.680067361107007,28.78225624796574,28.506787605303753,28.5556583404541,126665200
2015-03-05 00:00:00-05:00,28.56454146409485,28.602307210529034,27.93806769628933,28.082468032836914,226068400
2015-03-06 00:00:00-05:00,28.524553579488252,28.740043089670174,28.049146161056143,28.124677658081055,291368400
2015-03-09 00:00:00-04:00,28.426814118126977,28.784483743692554,27.782567440194263,28.244647979736328,354114000
2015-03-10 00:00:00-04:00,28.08246823773491,28.262412309033678,27.502646569217422,27.660375595092773,275426400
2015-03-11 00:00:00-04:00,27.71369844190335,27.718140774053996,27.127212293835008,27.156091690063477,275756000
2015-03-12 00:00:00-04:00,27.171639795275006,27.747019210467062,27.02057509311064,27.647048950195312,193450800
2015-03-13 00:00:00-04:00,27.635943264020362,27.85809714605445,27.23162326651431,27.455997467041016,207309200
2015-03-16 00:00:00-04:00,27.520413168639212,27.75811767578125,27.296039042529728,27.75811767578125,143497200
2015-03-17 00:00:00-04:00,27.96916453533174,28.284622533312284,27.913626083790135,28.22241973876953,204092400
2015-03-18 00:00:00-04:00,28.21354315504293,28.693396356113592,28.073586818847133,28.540109634399414,261083600
2015-03-19 00:00:00-04:00,28.60231549132104,28.713392444685393,28.302408056217246,28.324623107910156,183238000
2015-03-20 00:00:00-04:00,28.491232760007673,28.52455448333958,27.80477814097911,27.96917152404785,274780400
2015-03-23 00:00:00-04:00,28.240197930861452,28.402369291693496,28.106904265372904,28.260190963745117,150838800
2015-03-24 00:00:00-04:00,28.26463759420105,28.44457999143216,28.115793213344112,28.14467430114746,131369200
2015-03-25 00:00:00-04:00,28.11135075836797,28.17355357044147,27.409343719482422,27.409343719482422,206620800
2015-03-26 00:00:00-04:00,27.271606553032868,27.742571620841588,27.236061124194826,27.600393295288086,190291600
2015-03-27 00:00:00-04:00,27.673713378583198,27.70259277763518,27.30493875763532,27.380470275878906,158184800
2015-03-30 00:00:00-04:00,27.55819046558957,28.080251763054054,27.54708209323727,28.07358741760254,188398800
2015-03-31 00:00:00-04:00,28.01138128639751,28.100243175381227,27.62705603177481,27.642606735229492,168362400
2015-04-01 00:00:00-04:00,27.729246813025078,27.79589365397358,27.347141874039412,27.602619171142578,162485600
2015-04-02 00:00:00-04:00,27.77589957273979,27.89364085892032,27.589291125563008,27.84032440185547,128880400
2015-04-06 00:00:00-04:00,27.651491582989873,28.32683952951182,27.62039017777961,28.29129409790039,148776000
2015-04-07 00:00:00-04:00,28.35572058970243,28.462353501011048,27.986946036985735,27.993610382080078,140049200
2015-04-08 00:00:00-04:00,27.95806150291271,28.080246797583147,27.76256672633937,27.902523040771484,149316800
2015-04-09 00:00:00-04:00,27.9580622872825,28.1202353470404,27.693700352605102,28.11579132080078,129936000
2015-04-10 00:00:00-04:00,27.98027863651839,28.260192981167595,27.82699362210292,28.235755920410156,160752000
2015-04-13 00:00:00-04:00,28.517894736045996,28.56232822738355,28.126905096791532,28.180221557617188,145460400
2015-04-14 00:00:00-04:00,28.213543848237514,28.277968679310423,27.97139692324936,28.05803680419922,102098400
2015-04-15 00:00:00-04:00,28.082463675917698,28.242412993923118,27.993601813759764,28.16465950012207,115881600
2015-04-16 00:00:00-04:00,28.053596612573845,28.23576275830874,28.015830853129998,28.029159545898438,113476000
2015-04-17 00:00:00-04:00,27.891419301645175,28.022489272545602,27.649270699868765,27.713695526123047,207828000
2015-04-20 00:00:00-04:00,27.89586396353667,28.4623553673972,27.80700206835276,28.34683609008789,188217200
2015-04-21 00:00:00-04:00,28.457911847812642,28.48012520073409,28.140230053864958,28.19354820251465,129740400
2015-04-22 00:00:00-04:00,28.21131515056167,28.628963751952003,28.062472487262376,28.57342529296875,150618000
2015-04-23 00:00:00-04:00,28.50234240405872,28.973307527112027,28.46679697105117,28.806692123413086,183083600
2015-04-24 00:00:00-04:00,28.98885732208639,29.019958725725385,28.70894129953666,28.942203521728516,178103600
2015-04-27 00:00:00-04:00,29.393182247206862,29.57535007404952,29.135482907195097,29.468713760375977,387816800
2015-04-28 00:00:00-04:00,29.870811948737703,29.888581275967137,28.784479620133364,29.004409790039062,475696000
2015-04-29 00:00:00-04:00,28.91554998584197,29.23322840880269,28.502343631285193,28.5778751373291,253544400
2015-04-30 00:00:00-04:00,28.57787547888214,28.57787547888214,27.675931252944945,27.80255889892578,332781600
2015-05-01 00:00:00-04:00,28.013603654255334,28.90888520558984,27.835881568938238,28.64674186706543,234050400
2015-05-04 00:00:00-04:00,28.768927471606737,29.00663375040625,28.49345543996789,28.591203689575195,203953200
2015-05-05 00:00:00-04:00,28.46901229256979,28.535659120311355,27.942508794028523,27.94695281982422,197085600
2015-05-06 00:00:00-04:00,28.115799039342757,28.158008825709807,27.40490718679169,27.771461486816406,288564000
2015-05-07 00:00:00-04:00,27.833916456516,28.126154782564676,27.666605100388406,27.943227767944336,175763600
2015-05-08 00:00:00-04:00,28.260004316794557,28.469701766967773,28.132847750663366,28.469701766967773,222201600
2015-05-11 00:00:00-04:00,28.41839452963739,28.456318032718876,28.02577002755684,28.179697036743164,168143200
2015-05-12 00:00:00-04:00,28.019070708862035,28.30461510965887,27.845067196000144,28.079303741455078,192640000
2015-05-13 00:00:00-04:00,28.141773617874353,28.37377892879897,28.07931097685221,28.11054229736328,138776800
2015-05-14 00:00:00-04:00,28.422853001376712,28.76639747619629,28.367082551285613,28.76639747619629,180814000
2015-05-15 00:00:00-04:00,28.79316728092419,28.886861221033353,28.60131681195081,28.726242065429688,152832000
2015-05-18 00:00:00-04:00,28.639237090303414,29.1612475854149,28.6347745020495,29.043014526367188,203531600
2015-05-19 00:00:00-04:00,29.154562149952394,29.196948238276978,28.920325569814313,29.016252517700195,178532800
2015-05-20 00:00:00-04:00,29.000640368191327,29.219259627089205,28.85340553091038,29.01402473449707,145819600
2015-05-21 00:00:00-04:00,29.016254208871537,29.364261306407442,28.96271334618968,29.310720443725586,158921600
2015-05-22 00:00:00-04:00,29.357566706193726,29.66318768776386,29.312947622321087,29.5672607421875,182384000
2015-05-26 00:00:00-04:00,29.580649279786215,29.649804096047635,28.804322132440436,28.915863037109375,282790400
2015-05-27 00:00:00-04:00,29.07647873703444,29.504795351297332,29.01178651779987,29.455717086791992,183332800
2015-05-28 00:00:00-04:00,29.415563472986186,29.435640016117567,29.246022546613716,29.397716522216797,122933200
2015-05-29 00:00:00-04:00,29.275024032017086,29.32410230095591,28.978324825780795,29.06309700012207,203538000
2015-06-01 00:00:00-04:00,29.06310132744831,29.310722301615094,29.011793458266705,29.12110137939453,128451200
2015-06-02 00:00:00-04:00,28.96940684010392,29.147872986498268,28.848944148563945,28.991716384887695,134670400
2015-06-03 00:00:00-04:00,29.147868956651138,29.210331588659578,28.978324609235536,29.027402877807617,123934000
2015-06-04 00:00:00-04:00,28.906938831429102,29.130020622006,28.757474440217543,28.857860565185547,153800400
2015-06-05 00:00:00-04:00,28.889099080250205,28.931485175657727,28.63478591176388,28.699478149414062,142507200
2015-06-08 00:00:00-04:00,28.755241288975867,28.8243995030071,28.293463755025808,28.50985336303711,210699200
2015-06-09 00:00:00-04:00,28.264471574904388,28.572325637437768,28.023544454548144,28.425090789794922,224301600
2015-06-10 00:00:00-04:00,28.53662199807562,28.85339772951078,28.521006340947945,28.750782012939453,156349200
2015-06-11 00:00:00-04:00,28.81770601035133,29.040787815926894,28.66154942724008,28.68608856201172,141563600
2015-06-12 00:00:00-04:00,28.59685667699997,28.62808799304955,28.355927922921154,28.369312286376953,147544800
2015-06-15 00:00:00-04:00,28.130614405952066,28.384927519681423,28.043612640833025,28.313541412353516,175955600
2015-06-16 00:00:00-04:00,28.338085805401363,28.52101284575113,28.190852676329285,28.465242385864258,125976400
2015-06-17 00:00:00-04:00,28.492018950728255,28.52771116770745,28.27339795205414,28.398324966430664,131672400
2015-06-18 00:00:00-04:00,28.382704306437173,28.623631409082858,28.38047301140006,28.527706146240234,141628800
2015-06-19 00:00:00-04:00,28.489777929230502,28.51431706464247,28.1975413009342,28.242156982421875,218867600
2015-06-22 00:00:00-04:00,28.440707361131462,28.56786395998679,28.34924467871674,28.467477798461914,136157200
2015-06-23 00:00:00-04:00,28.438469193098925,28.46746921497815,28.304618748784733,28.33808135986328,121075600
2015-06-24 00:00:00-04:00,28.378237939977645,28.956020735183053,28.358161393253585,28.579011917114258,221123600
2015-06-25 00:00:00-04:00,28.746323541106253,28.822170543166646,28.44293212890625,28.44293212890625,127752400
2015-06-26 00:00:00-04:00,28.480854364209378,28.552240475555756,28.222080348820942,28.275619506835938,176267200
2015-06-29 00:00:00-04:00,27.987852185509634,28.21316535864966,27.76923289836675,27.780385971069336,196645600
2015-06-30 00:00:00-04:00,28.012388626579046,28.135084328331757,27.854000712848862,27.981157302856445,177482800
2015-07-01 00:00:00-04:00,28.309082206632535,28.3180056833259,28.106076941311578,28.242156982421875,120955200
2015-07-02 00:00:00-04:00,28.20423537998648,28.262237131404994,28.057000557611623,28.206466674804688,108844000
2015-07-06 00:00:00-04:00,27.871835046777658,28.159610715300094,27.851756803775352,28.108301162719727,112241600
2015-07-07 00:00:00-04:00,28.083771645613904,28.141773398387514,27.610837549881598,28.039155960083008,187787200
2015-07-08 00:00:00-04:00,27.769224820709265,27.804917025746732,27.33644555901804,27.343137741088867,243046400
2015-07-09 00:00:00-04:00,27.628685718469345,27.675532700928322,26.595817405444773,26.785436630249023,314380000
2015-07-10 00:00:00-04:00,27.202600837011023,27.62868627770291,27.039750340613136,27.501529693603516,245418000
2015-07-13 00:00:00-04:00,27.8919185362896,28.05476900706943,27.733530654834784,28.032461166381836,165762000
2015-07-14 00:00:00-04:00,28.117232240357136,28.19084964797463,27.89415042477383,28.02130699157715,127072400
2015-07-15 00:00:00-04:00,28.045845320408258,28.36485237559187,28.014614003283636,28.291234970092773,134596800
2015-07-16 00:00:00-04:00,28.49647305192128,28.68163308494207,28.40947127265685,28.668245315551758,144889600
2015-07-17 00:00:00-04:00,28.79540035780856,28.915863037109375,28.623626411510077,28.915863037109375,184658800
2015-07-20 00:00:00-04:00,29.21703569625736,29.66319948069564,29.156802632249523,29.462427139282227,235600800
2015-07-21 00:00:00-04:00,29.636419011620063,29.652032967835815,29.072022320033117,29.167945861816406,307025600
2015-07-22 00:00:00-04:00,27.213750178573314,27.9967678270227,27.213750178573314,27.93430519104004,461802400
2015-07-23 00:00:00-04:00,28.15292299685926,28.35146566635156,27.898609876341503,27.92091941833496,203998000
2015-07-24 00:00:00-04:00,27.956614392080805,28.050308350612383,27.639838607343037,27.7736873626709,168649200
2015-07-27 00:00:00-04:00,27.459144379653896,27.57514789594571,27.24275641260931,27.387758255004883,177822000
2015-07-28 00:00:00-04:00,27.523832321166992,27.642067106761964,27.33867571764468,27.523832321166992,134472400
2015-07-29 00:00:00-04:00,27.47252251628997,27.550600801647835,27.27620945369995,27.43682861328125,148046800
2015-07-30 00:00:00-04:00,27.28737008398687,27.343140542930758,27.151290028005434,27.298524856567383,134513200
2015-07-31 00:00:00-04:00,27.34982353569634,27.35874701036645,26.972816517262167,27.059818267822266,171540000
2015-08-03 00:00:00-04:00,27.104434074985534,27.343131492175804,26.216567913617403,26.421804428100586,279904000
2015-08-04 00:00:00-04:00,26.1942696543237,26.25673229818468,25.26401877543825,25.5741024017334,496554400
2015-08-05 00:00:00-04:00,25.197091317507358,26.198729931797953,25.007472107672537,25.743642807006836,397250400
2015-08-06 00:00:00-04:00,25.98789560018216,26.106663840240888,25.573326602166386,25.799657821655273,211612000
2015-08-07 00:00:00-04:00,25.676413337974065,26.05064586175011,25.6584856014657,25.88705825805664,154681600
2015-08-10 00:00:00-04:00,26.11339987694189,26.888756786005377,26.11339987694189,26.8282527923584,219806400
2015-08-11 00:00:00-04:00,26.400231268115792,26.48314577691837,25.396301841596806,25.43215560913086,388331200
2015-08-12 00:00:00-04:00,25.21702611923066,25.86465067165119,24.56716017221928,25.82431411743164,404870000
2015-08-13 00:00:00-04:00,26.003592948948665,26.084266072518957,25.667455503966934,25.80415153503418,194143200
2015-08-14 00:00:00-04:00,25.618156123531538,26.064098006803345,25.54868826248213,25.985666275024414,171718000
2015-08-17 00:00:00-04:00,26.003584936240777,26.36437248612328,25.882575288173083,26.254568099975586,163538800
2015-08-18 00:00:00-04:00,26.090991661449458,26.31732471345808,25.996873575946978,26.106678009033203,138242800
2015-08-19 00:00:00-04:00,26.017030824945476,26.1111488736232,25.698821207216227,25.77277183532715,193146000
2015-08-20 00:00:00-04:00,25.564364637952508,25.62486860467399,25.01533931026963,25.243913650512695,274006400
2015-08-21 00:00:00-04:00,24.74643167057096,25.07584654572496,23.67527425999058,23.69992446899414,513102000
2015-08-24 00:00:00-04:00,21.259563275179026,24.381158240262096,20.616419992534855,23.108318328857422,648825200
2015-08-25 00:00:00-04:00,24.898816679691027,24.898816679691027,23.19347954452205,23.24726104736328,414406400
2015-08-26 00:00:00-04:00,23.997966972895647,24.625424093615674,23.540821644856987,24.58060646057129,387098400
2015-08-27 00:00:00-04:00,25.14980034129892,25.376131620216796,24.654556414147635,25.30442237854004,338464400
2015-08-28 00:00:00-04:00,25.136359197234547,25.39182353360435,24.995182077561836,25.38734245300293,212657600
2015-08-31 00:00:00-04:00,25.104984216810696,25.66521327354461,25.098261741679234,25.268571853637695,224917200
2015-09-01 00:00:00-04:00,24.683697248696085,25.071374871833285,24.058481298006495,24.1391544342041,307383600
2015-09-02 00:00:00-04:00,24.701606980954146,25.1744384765625,24.45510496137506,25.1744384765625,247555200
2015-09-03 00:00:00-04:00,25.20806724600581,25.273054024553623,24.659043430585424,24.732994079589844,212935600
2015-09-04 00:00:00-04:00,24.419261888197923,24.75091649826802,24.316179957517583,24.486488342285156,199985200
2015-09-08 00:00:00-04:00,25.042239566152308,25.223753238727728,24.721788467969912,25.1677303314209,219374400
2015-09-09 00:00:00-04:00,25.4926598985961,25.550922481347587,24.59853321856181,24.68368911743164,340043200
2015-09-10 00:00:00-04:00,24.710580821331632,25.38509703901559,24.627668020705055,25.22599220275879,251571200
2015-09-11 00:00:00-04:00,25.051195169193704,25.593496322631836,25.044472696084757,25.593496322631836,199662000
2015-09-14 00:00:00-04:00,26.124593566615918,26.19406140070157,25.73915582327062,25.839996337890625,233453600
2015-09-15 00:00:00-04:00,25.978939420966142,26.11339403988128,25.64056062411118,26.057371139526367,173364800
2015-09-16 00:00:00-04:00,26.050644696433867,26.11563145610736,25.869131074034687,26.08650016784668,148694000
2015-09-17 00:00:00-04:00,25.918433543611794,26.104428259816004,25.483695321581934,25.528512954711914,256450400
2015-09-18 00:00:00-04:00,25.145323627675072,25.6136760612309,25.069133287970605,25.42319679260254,297141200
2015-09-21 00:00:00-04:00,25.472491357167897,25.853448096928165,25.470251672175387,25.81759262084961,200888000
2015-09-22 00:00:00-04:00,25.407496887300407,25.586770793983757,25.21477803600475,25.41197967529297,201384800
2015-09-23 00:00:00-04:00,25.463523173916702,25.707783861688494,25.389574258979287,25.618146896362305,143026800
2015-09-24 00:00:00-04:00,25.37837608586187,25.882582233263097,25.181176074808743,25.770536422729492,200878000
2015-09-25 00:00:00-04:00,26.093234299019034,26.14925721586874,25.55093116455421,25.705554962158203,224607600
2015-09-28 00:00:00-04:00,25.51282568676956,25.674171895678256,25.196857452392578,25.196857452392578,208436000
2015-09-29 00:00:00-04:00,25.28425458365043,25.436636933681488,24.170519104557986,24.439428329467773,293461600
2015-09-30 00:00:00-04:00,24.688163607059273,24.995169620600915,24.36547296438771,24.717296600341797,265892000
2015-10-01 00:00:00-04:00,24.441664904734353,24.56491593916416,24.047263304241792,24.555952072143555,255716400
2015-10-02 00:00:00-04:00,24.20413724221264,24.876412126857616,24.101055298395757,24.735233306884766,232079200
2015-10-05 00:00:00-04:00,24.623190141555348,24.957087934485983,24.441676450274024,24.824872970581055,208258800
2015-10-06 00:00:00-04:00,24.791257372553925,25.03999922827215,24.59853842650767,24.943639755249023,192787200
2015-10-07 00:00:00-04:00,25.040000751647266,25.04672322766752,24.517868501098683,24.824872970581055,187062400
2015-10-08 00:00:00-04:00,24.692656297530114,24.692656297530114,24.248954135106484,24.53803253173828,247918400
2015-10-09 00:00:00-04:00,24.650077746740173,25.161006357395998,24.53579054393031,25.125152587890625,211064400
2015-10-12 00:00:00-04:00,25.26184773453085,25.26632881443241,24.972769354906614,25.008623123168945,121868800
2015-10-13 00:00:00-04:00,24.833826062701636,25.199094681953888,24.8024533817687,25.05119514465332,132197200
2015-10-14 00:00:00-04:00,24.939151420302792,24.99069152478597,24.551472245882195,24.697132110595703,177849600
2015-10-15 00:00:00-04:00,24.858479750742337,25.12066649653806,24.759878905615825,25.066884994506836,150694000
2015-10-16 00:00:00-04:00,25.048958329565178,25.098258754238888,24.768843834540192,24.88313102722168,156930400
2015-10-19 00:00:00-04:00,24.829341246227624,25.04222750760942,24.67471754941777,25.03774642944336,119036800
2015-10-20 00:00:00-04:00,24.950353377876468,25.584532900665106,24.833826519366045,25.494895935058594,195871200
2015-10-21 00:00:00-04:00,25.546438204219225,25.900503284391082,25.479210051387575,25.492656707763672,167180800
2015-10-22 00:00:00-04:00,25.62039304175565,25.882579803466797,25.568851221488128,25.882579803466797,166616400
2015-10-23 00:00:00-04:00,26.151483101357233,26.718436156827863,26.068570322370572,26.68482208251953,237467600
2015-10-26 00:00:00-04:00,26.460733848753367,26.47193740180466,25.75260364408249,25.833276748657227,265335200
2015-10-27 00:00:00-04:00,25.860166664731032,26.11563090930809,25.54419674083244,25.669689178466797,279537600
2015-10-28 00:00:00-04:00,26.203028261965798,26.734125916866574,26.0080679737833,26.727401733398438,342205600
2015-10-29 00:00:00-04:00,26.599671870270544,27.045615379108888,26.50331241520856,27.0097599029541,204909200
2015-10-30 00:00:00-04:00,27.112847718076413,27.164389548816906,26.76774637874583,26.77895164489746,197461200
2015-11-02 00:00:00-05:00,27.070262307634753,27.195753039586744,26.803592792553772,27.15541648864746,128813200
2015-11-03 00:00:00-05:00,27.06802848378026,27.67307520740972,27.04785934782809,27.46691131591797,182076000
2015-11-04 00:00:00-05:00,27.592397154535842,27.747020900378182,27.254020081010584,27.339174270629883,179544400
2015-11-05 00:00:00-05:00,27.422439708246415,27.61148327358103,27.046605283344793,27.21314239501953,158210800
2015-11-06 00:00:00-05:00,27.255903114128582,27.413437990731037,27.145628700506865,27.24464988708496,132169200
2015-11-09 00:00:00-05:00,27.22214620581893,27.413439053970233,27.017350858292687,27.134376525878906,135485600
2015-11-10 00:00:00-05:00,26.3084401383808,26.57174917506117,26.119396564378523,26.27918243408203,236511600
2015-11-11 00:00:00-05:00,26.189165169362212,26.42546750582627,25.92810538774302,26.130651473999023,180872000
2015-11-12 00:00:00-05:00,26.164416325085043,26.290444271023915,26.02713514811506,26.042888641357422,130102400
2015-11-13 00:00:00-05:00,25.925847083343587,26.0091164833646,25.266448282315263,25.282201766967773,183249600
2015-11-16 00:00:00-05:00,25.066155716913013,25.709801096849837,24.980637037068714,25.696298599243164,152426800
2015-11-17 00:00:00-05:00,25.862842536209097,25.89210024476018,25.50276152982468,25.586030960083008,110467600
2015-11-18 00:00:00-05:00,26.051884134608777,26.44122110260724,25.99337043900729,26.396211624145508,186698800
2015-11-19 00:00:00-05:00,26.47496961547529,26.949826826776903,26.276925577165027,26.73152732849121,173183200
2015-11-20 00:00:00-05:00,26.826055786065844,26.988092643508082,26.74728834619848,26.848562240600586,137148400
2015-11-23 00:00:00-05:00,26.841811380090192,26.945336271468783,26.40746321531177,26.49973487854004,129930000
2015-11-24 00:00:00-05:00,26.40521580289531,26.85981774995822,26.3579553319384,26.754043579101562,171212800
2015-11-25 00:00:00-05:00,26.82831184389144,26.832813822449566,26.537996038955068,26.56275177001953,85553200
2015-11-27 00:00:00-05:00,26.621258320164657,26.648265033252525,26.46597272466164,26.513233184814453,52185600
2015-11-30 00:00:00-05:00,26.553745347418406,26.873318811641276,26.499733632240492,26.623512268066406,156721200
2015-12-01 00:00:00-05:00,26.724785562251416,26.738288062358166,26.29943963887339,26.40746307373047,139409600
2015-12-02 00:00:00-05:00,26.407462392617234,26.5807524855248,26.123899595680022,26.168909072875977,133546400
2015-12-03 00:00:00-05:00,26.22967370928731,26.283685425226995,25.7053048875768,25.925853729248047,166278000
2015-12-04 00:00:00-05:00,25.946106522740475,26.837307470435537,25.905597310708824,26.787796020507812,231108000
2015-12-07 00:00:00-05:00,26.776549449375835,26.97459356861134,26.513238664106158,26.6190128326416,128336800
2015-12-08 00:00:00-05:00,26.447969985021057,26.691025267759507,26.29943734579293,26.607757568359375,137238000
2015-12-09 00:00:00-05:00,26.474981983845083,26.48623521319984,25.898852354517487,26.0203800201416,185445600
2015-12-10 00:00:00-05:00,26.114895700999856,26.31744176954201,25.99561904869208,26.14415168762207,116850800
2015-12-11 00:00:00-05:00,25.923605080402936,25.968614558600958,25.39698525707814,25.47125244140625,187544800
2015-12-14 00:00:00-05:00,25.24619334684994,25.358718722488067,24.708322188659775,25.313709259033203,257274800
2015-12-15 00:00:00-05:00,25.19219623799367,25.385740133547106,24.834364443376703,24.86587142944336,213292400
2015-12-16 00:00:00-05:00,24.996386939565244,25.20343321918921,24.48552248834074,25.05714988708496,224954000
2015-12-17 00:00:00-05:00,25.2101921054981,25.261954549588157,24.526039123535156,24.526039123535156,179091200
2015-12-18 00:00:00-05:00,24.51028230604477,24.647561707984263,23.81262348506665,23.86213493347168,385813200
2015-12-21 00:00:00-05:00,24.143448006828553,24.163703470375193,23.758611369454755,24.154701232910156,190362400
2015-12-22 00:00:00-05:00,24.170462289243822,24.242478494517847,23.956662945741538,24.132204055786133,131157600
2015-12-23 00:00:00-05:00,24.14119724121509,24.496777897863105,24.125443754756063,24.442766189575195,130629600
2015-12-24 00:00:00-05:00,24.5305363288565,24.5305363288565,24.294232310447736,24.312236785888672,54281600
2015-12-28 00:00:00-05:00,24.213218732665815,24.235725189970832,23.895897945284286,24.03993034362793,106816800
2015-12-29 00:00:00-05:00,24.071434745301563,24.62731052796695,24.048930007408522,24.47202491760254,123724800
2015-12-30 00:00:00-05:00,24.436015035892215,24.463020031640784,24.1209435884826,24.152450561523438,100855200
2015-12-31 00:00:00-05:00,24.082689347954826,24.08718960898984,23.58982749004638,23.68885040283203,163649200
2016-01-04 00:00:00-05:00,23.092469461544965,23.713610331495133,22.95518829613928,23.709108352661133,270597600
2016-01-05 00:00:00-05:00,23.79912394460722,23.821628682951236,23.047455038507994,23.11496925354004,223164000
2016-01-06 00:00:00-05:00,22.631105943121526,23.03844902348601,22.475822072099724,22.662612915039062,273829600
2016-01-07 00:00:00-05:00,22.20800826507846,22.534331168517,21.701644073328392,21.706144332885742,324377600
2016-01-08 00:00:00-05:00,22.178760291115495,22.30478820822411,21.77591909378435,21.8209285736084,283192000
2016-01-11 00:00:00-05:00,22.273278273971293,22.293532022104593,21.906444365766593,22.17425537109375,198957600
2016-01-12 00:00:00-05:00,22.628861278962535,22.66036825729513,22.244022854897278,22.49608039855957,196616800
2016-01-13 00:00:00-05:00,22.577096838183675,22.772891657948627,21.8974441580709,21.91769790649414,249758400
2016-01-14 00:00:00-05:00,22.045979731534,22.613108800881438,21.54636659991894,22.397058486938477,252680400
2016-01-15 00:00:00-05:00,21.649886945952915,21.989714145273158,21.46084509223923,21.85918426513672,319335600
2016-01-19 00:00:00-05:00,22.147247282759277,22.201258987245012,21.49234871249039,21.753408432006836,212350800
2016-01-20 00:00:00-05:00,21.402328884164366,22.097736688815445,21.024243504208727,21.782665252685547,289337600
2016-01-21 00:00:00-05:00,21.843436946251522,22.02797859142337,21.36633019956434,21.672399520874023,208646000
2016-01-22 00:00:00-05:00,22.196767199773134,22.83366158858116,22.13825520847064,22.82465934753418,263202000
2016-01-25 00:00:00-05:00,22.84715944338687,22.84941043244113,22.327292576954793,22.37905502319336,207178000
2016-01-26 00:00:00-05:00,22.48932800591499,22.703125593310077,22.07073335276125,22.502830505371094,300308000
2016-01-27 00:00:00-05:00,21.6138779941135,21.74665713553977,21.006239833260953,21.02424430847168,533478800
2016-01-28 00:00:00-05:00,21.10751934480162,21.271805503136676,20.79244781263631,21.175033569335938,222715200
2016-01-29 00:00:00-05:00,21.33257159876453,21.906450271606445,21.233548669191034,21.906450271606445,257666000
2016-02-01 00:00:00-05:00,21.710656674617656,21.76466840009718,21.46985232381094,21.7016544342041,163774000
2016-02-02 00:00:00-05:00,21.47434679989208,21.61387891320668,21.217789026733964,21.262800216674805,149428800
2016-02-03 00:00:00-05:00,21.37983263950845,21.793925415944344,21.172786251290503,21.683650970458984,183857200
2016-02-04 00:00:00-05:00,21.69043312718145,22.023053229116783,21.5388313080044,21.857873916625977,185886800
2016-02-05 00:00:00-05:00,21.839775611189257,21.930284768598725,21.199427077260204,21.27409553527832,185672400
2016-02-08 00:00:00-05:00,21.072711612963058,21.65423060804116,21.052347960750858,21.498104095458984,216085600
2016-02-09 00:00:00-05:00,21.33518445254245,21.7085335517024,21.253726404495982,21.493574142456055,177324800
2016-02-10 00:00:00-05:00,21.70400511588211,21.801302123821248,21.292190234299287,21.330656051635742,169374400
2016-02-11 00:00:00-05:00,21.22205605628221,21.432489134607646,20.95052855691329,21.201690673828125,200298800
2016-02-12 00:00:00-05:00,21.312555076943397,21.382698827553845,21.045554112477838,21.26729965209961,161405600
2016-02-16 00:00:00-05:00,21.500363052174144,21.914441195131964,21.40759243688531,21.866924285888672,196231600
2016-02-17 00:00:00-05:00,21.873711619396975,22.22217067140794,21.756050950844866,22.201807022094727,179452800
2016-02-18 00:00:00-05:00,22.364717481779145,22.3760317691853,21.742469653434018,21.78093719482422,156084000
2016-02-19 00:00:00-05:00,21.722115750878505,21.894082983942184,21.676862033591636,21.73116683959961,141496800
2016-02-22 00:00:00-05:00,21.792262932206345,21.925764353783066,21.704016961299242,21.92123794555664,137123200
2016-02-23 00:00:00-05:00,21.81261837567614,21.835245227539495,21.394015574090567,21.42569351196289,127770400
2016-02-24 00:00:00-05:00,21.265038386547598,21.808089679516666,21.11569807255853,21.744733810424805,145022800
2016-02-25 00:00:00-05:00,21.733424402142486,21.89407730102539,21.55240612734355,21.89407730102539,110330800
2016-02-26 00:00:00-05:00,21.99364166463213,22.179184668945958,21.853354104247696,21.928024291992188,115964400
2016-02-29 00:00:00-05:00,21.916704500929125,22.226697740378793,21.86918759146339,21.878238677978516,140865200
2016-03-01 00:00:00-05:00,22.095462837185025,22.801430426399506,22.04341951361982,22.74712562561035,201628400
2016-03-02 00:00:00-05:00,22.74259881452711,22.82858155158241,22.54574155641827,22.796903610229492,132678400
2016-03-03 00:00:00-05:00,22.758436331310968,23.01412304913054,22.729019868849395,22.96660614013672,147822800
2016-03-04 00:00:00-05:00,23.163468887608364,23.475723675015796,22.937196852186524,23.30828285217285,184220400
2016-03-07 00:00:00-05:00,23.16799180560761,23.267552046038453,22.844422750525865,23.050331115722656,143315600
2016-03-08 00:00:00-05:00,22.80369581471164,23.02544317251674,22.717713061364464,22.86026382446289,126247600
2016-03-09 00:00:00-05:00,22.923615276300346,22.98470968172931,22.688292194185372,22.880624771118164,108806800
2016-03-10 00:00:00-05:00,22.946238041836498,23.13404243821632,22.661134916828235,22.891931533813477,134054400
2016-03-11 00:00:00-05:00,23.134048193599433,23.143099280521703,22.966607401333224,23.138574600219727,109632800
2016-03-14 00:00:00-04:00,23.059380528585958,23.285652530351765,23.029964063512647,23.197404861450195,100304400
2016-03-15 00:00:00-04:00,23.523244855584707,23.799297065006073,23.49835478907498,23.66353416442871,160270800
2016-03-16 00:00:00-04:00,23.67032009534,24.05498190292259,23.665793687447238,23.978050231933594,153214000
2016-03-17 00:00:00-04:00,23.87621759339676,24.09117700139507,23.74950584220155,23.9395751953125,137682800
2016-03-18 00:00:00-04:00,24.061763944639747,24.09796829371383,23.801552522522893,23.96673011779785,176820800
2016-03-21 00:00:00-04:00,23.96899268267387,24.358180793260605,23.79023759809888,23.964468002319336,142010800
2016-03-22 00:00:00-04:00,23.81512881948704,24.276723922528895,23.806077732017386,24.147748947143555,129777600
2016-03-23 00:00:00-04:00,24.093442565514504,24.22694221270348,23.96220439530553,24.014245986938477,102814000
2016-03-24 00:00:00-04:00,23.864913973512262,24.04140590061874,23.733675766985318,23.910167694091797,104532000
2016-03-28 00:00:00-04:00,23.984833505276967,24.027825740397013,23.772137259506373,23.80155372619629,77645600
2016-03-29 00:00:00-04:00,23.73367201849436,24.38986122117192,23.731408814927196,24.364971160888672,124760400
2016-03-30 00:00:00-04:00,24.584460443028103,24.984961242334524,24.573146149142172,24.790367126464844,182404400
2016-03-31 00:00:00-04:00,24.826567740913212,24.867296775912425,24.636498335477356,24.661388397216797,103553600
2016-04-01 00:00:00-04:00,24.613864475895507,24.889916553885868,24.48262631974958,24.887653350830078,103496000
2016-04-04 00:00:00-04:00,24.9849496551014,25.38545199498632,24.95100851550331,25.143341064453125,149424800
2016-04-05 00:00:00-04:00,24.779052785367664,25.055104963765114,24.758687403094388,24.846933364868164,106314800
2016-04-06 00:00:00-04:00,24.94196389766093,25.111667901594167,24.70890228215183,25.107141494750977,105616400
2016-04-07 00:00:00-04:00,24.87860916442339,24.98495729540314,24.46453265892157,24.559566497802734,127207600
2016-04-08 00:00:00-04:00,24.6432836967458,24.837876023385373,24.475841178225927,24.586715698242188,94326800
2016-04-11 00:00:00-04:00,24.656858365549297,25.027944281096357,24.62518042590393,24.668170928955078,117630000
2016-04-12 00:00:00-04:00,24.74058416056817,25.00306055703974,24.586720829790774,24.989484786987305,108929200
2016-04-13 00:00:00-04:00,25.07093990889034,25.41939729222358,25.07093990889034,25.351516723632812,133029200
2016-04-14 00:00:00-04:00,25.256477930218843,25.430706587658513,25.190858851715603,25.365087509155273,101895600
2016-04-15 00:00:00-04:00,25.367362931065415,25.41035517852506,24.828836004174846,24.855987548828125,187756000
2016-04-18 00:00:00-04:00,24.638758124557654,24.652333892236424,24.197528411813874,24.31971549987793,243286000
2016-04-19 00:00:00-04:00,24.410224902021245,24.437378165902466,24.036877449985877,24.19074249267578,129539600
2016-04-20 00:00:00-04:00,24.12964007821244,24.457733707955903,23.99840193578788,24.24051284790039,122444000
2016-04-21 00:00:00-04:00,24.195271200178695,24.195271200178695,23.87622677017199,23.978050231933594,126210000
2016-04-22 00:00:00-04:00,23.760820372553717,24.093440449136978,23.672574441172625,23.91242218017578,134732400
2016-04-25 00:00:00-04:00,23.758562557621605,23.90563971871821,23.64768974905523,23.77666473388672,112126400
2016-04-26 00:00:00-04:00,23.51192981304323,23.826447828034933,23.51192981304323,23.611488342285156,224064800
2016-04-27 00:00:00-04:00,21.72211330329464,22.335310252927346,21.649706328003063,22.133928298950195,458408400
2016-04-28 00:00:00-04:00,22.086416358014535,22.147509055860482,21.32614208304913,21.457380294799805,328970800
2016-04-29 00:00:00-04:00,21.267305229545045,21.43248455248749,20.932423629466527,21.210737228393555,274126000
2016-05-02 00:00:00-04:00,21.262788183604336,21.287678251153437,20.907541077871446,21.18811798095703,192640400
2016-05-03 00:00:00-04:00,21.314822269926196,21.663281366246807,21.197161586412495,21.536569595336914,227325200
2016-05-04 00:00:00-04:00,21.54109452081471,21.699485962571515,21.228839770528293,21.31256103515625,164102000
2016-05-05 00:00:00-04:00,21.399065538251588,21.41500094311543,21.09856809165568,21.226051330566406,143562000
2016-05-06 00:00:00-04:00,21.255644328876752,21.2738549773596,20.90961595527273,21.1076717376709,174799600
2016-05-09 00:00:00-04:00,21.17141575710455,21.34670520938341,21.078078574390002,21.12360954284668,131745600
2016-05-10 00:00:00-04:00,21.246541174809746,21.301176601729335,20.968808337989397,21.26702880859375,134747200
2016-05-11 00:00:00-04:00,21.280692133636997,21.30117977046872,21.048488495235805,21.059871673583984,114876400
2016-05-12 00:00:00-04:00,21.1076795669824,21.121337992617917,20.367818073350588,20.565872192382812,305258800
2016-05-13 00:00:00-04:00,20.48847069657504,20.868645235994705,20.48847069657504,20.606847763061523,177571200
2016-05-16 00:00:00-04:00,21.032550487061453,21.487849775426163,20.864090236678617,21.371747970581055,245039200
2016-05-17 00:00:00-04:00,21.52427643879756,21.558422498954688,21.173695747608512,21.28296661376953,187667600
2016-05-18 00:00:00-04:00,21.435493721946084,21.67452483291446,21.3740273385334,21.526552200317383,168249600
2016-05-19 00:00:00-04:00,21.544761734036086,21.544761734036086,21.30117668934936,21.444595336914062,121768400
2016-05-20 00:00:00-04:00,21.544760665676776,21.72460408030558,21.517442085044827,21.67679786682129,128104000
2016-05-23 00:00:00-04:00,21.82477010784649,22.125267542462378,21.779239140887235,21.952253341674805,152074400
2016-05-24 00:00:00-04:00,22.132101533906077,22.33015563826558,22.04559354641188,22.286903381347656,140560800
2016-05-25 00:00:00-04:00,22.462189064821,22.705774104756745,22.33470582502775,22.678457260131836,152675200
2016-05-26 00:00:00-04:00,22.692110481039485,22.93114323769047,22.455354706528286,22.858295440673828,225324800
2016-05-27 00:00:00-04:00,22.63748235528845,22.871961223146894,22.594228364850043,22.844642639160156,145364800
2016-05-31 00:00:00-04:00,22.673901966435686,22.856022358466806,22.49633553946117,22.733091354370117,169228800
2016-06-01 00:00:00-04:00,22.54187001123874,22.66024881463697,22.384792916832613,22.414386749267578,116693200
2016-06-02 00:00:00-04:00,22.218607317817746,22.273242751993745,21.99778686128545,22.245925903320312,160766400
2016-06-03 00:00:00-04:00,22.261860484611056,22.371131348908463,22.184458696973742,22.291454315185547,114019600
2016-06-06 00:00:00-04:00,22.307383619871096,23.19521739936371,22.207218977802793,22.453079223632812,93170000
2016-06-07 00:00:00-04:00,22.59422878727063,22.735372201930687,22.52821017735685,22.544145584106445,89638000
2016-06-08 00:00:00-04:00,22.541865588145942,22.664796596709508,22.46446554765898,22.52365493774414,83392400
2016-06-09 00:00:00-04:00,22.42349003642433,22.762687521221583,22.41438384220326,22.685287475585938,106405600
2016-06-10 00:00:00-04:00,22.430319675347505,22.61699231836452,22.418938234975986,22.498615264892578,126851600
2016-06-13 00:00:00-04:00,22.466746550901703,22.564635978748562,22.104782671438503,22.1594181060791,152082000
2016-06-14 00:00:00-04:00,22.15486243585689,22.41893684645813,22.025102213221146,22.18673324584961,127727600
2016-06-15 00:00:00-04:00,22.268691545512738,22.403005759365648,22.08884809056043,22.113889694213867,117780800
2016-06-16 00:00:00-04:00,21.95681166123463,22.2527569496704,21.8703054052566,22.20722770690918,125307200
2016-06-17 00:00:00-04:00,21.995513474941784,22.002342687687584,21.69501595632158,21.701845169067383,244032800
2016-06-20 00:00:00-04:00,21.854365846882462,21.98412607462517,21.633545414078622,21.64948081970215,137647600
2016-06-21 00:00:00-04:00,21.613060913354236,21.934046055117438,21.553871510958555,21.833881378173828,142185600
2016-06-22 00:00:00-04:00,21.911272809333813,22.056968406470375,21.706387833101612,21.75191879272461,116876400
2016-06-23 00:00:00-04:00,21.8407036600755,21.920380674461924,21.683624876836088,21.877126693725586,128960800
2016-06-24 00:00:00-04:00,21.150928134085255,21.54931498992115,21.091738743477556,21.262475967407227,301245600
2016-06-27 00:00:00-04:00,21.17141667758771,21.182799854404006,20.82994221504597,20.95287322998047,181958400
2016-06-28 00:00:00-04:00,21.14865373553775,21.321667963238593,20.975639507836906,21.30573081970215,161779600
2016-06-29 00:00:00-04:00,21.392230548694826,21.524267717231687,21.31482879110038,21.49011993408203,146124000
2016-06-30 00:00:00-04:00,21.49923674803749,21.802009508264273,21.46736593117151,21.763309478759766,143345600
2016-07-01 00:00:00-04:00,21.738262615854342,21.961360016776208,21.70183957831682,21.829322814941406,104106000
2016-07-05 00:00:00-04:00,21.715501360026124,21.717778342983515,21.503787102545367,21.624441146850586,110820800
2016-07-06 00:00:00-04:00,21.5356536434154,21.776963420972997,21.483295203588348,21.74736785888672,123796400
2016-07-07 00:00:00-04:00,21.786063002600066,21.968183352063548,21.767852357116414,21.840700149536133,100558400
2016-07-08 00:00:00-04:00,21.96591653841968,22.05697675530456,21.86575186299257,22.009170532226562,115648400
2016-07-11 00:00:00-04:00,22.025110579211688,22.229995676151656,22.020558348981705,22.077470779418945,95179600
2016-07-12 00:00:00-04:00,22.120709445982424,22.241363446440136,22.109328008989863,22.177621841430664,96670000
2016-07-13 00:00:00-04:00,22.17535258561507,22.234540242351116,22.045590621589493,22.05242156982422,103568800
2016-07-14 00:00:00-04:00,22.17079971876806,22.53503881870016,22.154864312421935,22.48950958251953,155676000
2016-07-15 00:00:00-04:00,22.519104930441348,22.605612916576966,22.423492485919063,22.487234115600586,120548000
2016-07-18 00:00:00-04:00,22.469012194764773,22.794551154126253,22.446247584795604,22.72625732421875,145975600
2016-07-19 00:00:00-04:00,22.664796163674534,22.764962554700436,22.614712968161584,22.735368728637695,95119600
2016-07-20 00:00:00-04:00,22.764961753423556,22.869680369069854,22.705772366552605,22.755855560302734,105104000
2016-07-21 00:00:00-04:00,22.726262605703987,22.992612251581413,22.566906825229403,22.635202407836914,130808000
2016-07-22 00:00:00-04:00,22.596500765009953,22.605606957825405,22.38023259350751,22.459911346435547,113254800
2016-07-25 00:00:00-04:00,22.366580140036312,22.500892612033855,22.06380566125077,22.1594181060791,161531600
2016-07-26 00:00:00-04:00,22.041035224862693,22.302832624371444,21.9499750332733,22.006887435913086,224959200
2016-07-27 00:00:00-04:00,23.73702081197582,23.755233195114588,23.390994216481538,23.4365234375,369379200
2016-07-28 00:00:00-04:00,23.409212413656437,23.77800371125491,23.406935430991453,23.752962112426758,159479200
2016-07-29 00:00:00-04:00,23.718813555670316,23.80076755467956,23.602711767602433,23.723365783691406,110934800
2016-08-01 00:00:00-04:00,23.768902834521718,24.16501277327869,23.768902834521718,24.142248153686523,152671600
2016-08-02 00:00:00-04:00,24.1422456907347,24.146797919457065,23.675563220974293,23.784835815429688,135266400
2016-08-03 00:00:00-04:00,23.859961865354208,24.09444075255813,23.850855669940664,24.083059310913086,120810400
2016-08-04 00:00:00-04:00,24.16545245152314,24.26158283232779,24.096786895955468,24.231828689575195,109634800
2016-08-05 00:00:00-04:00,24.32338810134284,24.639247661018345,24.302789475923046,24.600337982177734,162213600
2016-08-08 00:00:00-04:00,24.609489043629477,24.804040908813477,24.527092804815823,24.804040908813477,112148800
2016-08-09 00:00:00-04:00,24.771992464217153,24.93449908368157,24.7216379561109,24.904743194580078,105260800
2016-08-10 00:00:00-04:00,24.881853608815113,24.925341907703924,24.66441560684608,24.71934700012207,96034000
2016-08-11 00:00:00-04:00,24.83836531054611,24.93220811420588,24.68501422510149,24.703325271606445,109938000
2016-08-12 00:00:00-04:00,24.6689960458263,24.820059581873906,24.6689960458263,24.760549545288086,74641600
2016-08-15 00:00:00-04:00,24.7513976478463,25.071834069801167,24.737665232097868,25.058101654052734,103472800
2016-08-16 00:00:00-04:00,25.09243420116639,25.229765351854663,24.996303792675096,25.035213470458984,135177600
2016-08-17 00:00:00-04:00,24.971118177118402,25.032917523500135,24.79716672501847,24.998584747314453,101424000
2016-08-18 00:00:00-04:00,25.00088170635739,25.085567267764063,24.95281475726303,24.966548919677734,87938800
2016-08-19 00:00:00-04:00,24.89559590231329,25.106169528222416,24.80175480764529,25.030637741088867,101472400
2016-08-22 00:00:00-04:00,24.91619111937978,24.971122523094618,24.685018915482996,24.836082458496094,103280800
2016-08-23 00:00:00-04:00,24.85439224223576,25.021477520652386,24.84065982760131,24.913902282714844,85030800
2016-08-24 00:00:00-04:00,24.849810400994954,24.89100938292654,24.646104808732535,24.726213455200195,94700400
2016-08-25 00:00:00-04:00,24.57974215741041,24.69189432444262,24.41723545727519,24.620941162109375,100344800
2016-08-26 00:00:00-04:00,24.584309387410602,24.707904597919814,24.332536838720074,24.476734161376953,111065200
2016-08-29 00:00:00-04:00,24.40349436889239,24.591178268907836,24.327962596069156,24.449270248413086,99881200
2016-08-30 00:00:00-04:00,24.215805550674766,24.37602284269513,24.147139999101746,24.261581420898438,99455600
2016-08-31 00:00:00-04:00,24.183764239161054,24.3920467372776,24.179185603989712,24.28447151184082,118649600
2016-09-01 00:00:00-04:00,24.29363097090216,24.44469452374681,24.1746126307344,24.428672790527344,106806000
2016-09-02 00:00:00-04:00,24.65068667289205,24.719352238716972,24.449270357370363,24.657554626464844,107210000
2016-09-06 00:00:00-04:00,24.696463889241397,24.788017393410165,24.607199702892252,24.650686264038086,107521600
2016-09-07 00:00:00-04:00,24.68044063237792,24.893301774270007,24.506489159826664,24.801748275756836,169457200
2016-09-08 00:00:00-04:00,24.54768430931672,24.55226119771989,24.087629317230586,24.151716232299805,212008000
2016-09-09 00:00:00-04:00,23.950306121353805,24.197500068374616,23.604692459106445,23.604692459106445,186228000
2016-09-12 00:00:00-04:00,23.49482982009149,24.19750024683711,23.467363243696187,24.133413314819336,181171200
2016-09-13 00:00:00-04:00,24.607191842824417,24.900161565593354,24.54539250509945,24.70789909362793,248704800
2016-09-14 00:00:00-04:00,24.886434865548,25.87063014465147,24.85667897528379,25.582237243652344,443554800
2016-09-15 00:00:00-04:00,26.0606044333641,26.488616040660265,25.97591714049353,26.451993942260742,359934400
2016-09-16 00:00:00-04:00,26.348996463017336,26.58016690302219,26.101802545821595,26.303218841552734,319547600
2016-09-19 00:00:00-04:00,26.365022616061893,26.5916162050447,25.920989217686817,25.99652099609375,188092000
2016-09-20 00:00:00-04:00,25.87520813630495,26.1201127277421,25.751611181808023,25.994226455688477,138057200
2016-09-21 00:00:00-04:00,26.058310715168247,26.090354172737744,25.735586822150456,25.989646911621094,144012800
2016-09-22 00:00:00-04:00,26.172756842947617,26.307798649490568,26.092648184610844,26.234556198120117,124296000
2016-09-23 00:00:00-04:00,26.188777575064645,26.273464865638555,25.531884855537015,25.797388076782227,209924800
2016-09-26 00:00:00-04:00,25.552481829874388,25.95302682671023,25.53188321108831,25.83629608154297,119477600
2016-09-27 00:00:00-04:00,25.863762648307365,25.904961632109924,25.712699125618776,25.884361267089844,98429600
2016-09-28 00:00:00-04:00,26.021691363229483,26.239129368791218,25.96218133422534,26.081199645996094,118564400
2016-09-29 00:00:00-04:00,25.9003847630911,26.046869650892393,25.58910393995395,25.67607879638672,143548000
2016-09-30 00:00:00-04:00,25.740169900974752,25.94845417150556,25.589108099851238,25.875211715698242,145516400
2016-10-03 00:00:00-04:00,25.7973907439095,25.875211835824874,25.698971029751696,25.753902435302734,86807200
2016-10-04 00:00:00-04:00,25.877498130703476,26.163601733762686,25.779078421401593,25.863765716552734,118947200
2016-10-05 00:00:00-04:00,25.955320378887826,26.01483041993061,25.792813734635274,25.875211715698242,85812400
2016-10-06 00:00:00-04:00,26.02397843706358,26.17046331624547,25.893515286972285,26.067466735839844,115117200
2016-10-07 00:00:00-04:00,26.16360691663936,26.220827648586337,25.98050162215193,26.106386184692383,97433600
2016-10-10 00:00:00-04:00,26.326104514930513,26.722072611914108,26.25744070799575,26.56185531616211,144944000
2016-10-11 00:00:00-04:00,26.93951422421971,27.166109532262723,26.59618990489879,26.61907958984375,256164000
2016-10-12 00:00:00-04:00,26.85940410948806,27.003601433377614,26.72207473845233,26.857114791870117,150347200
2016-10-13 00:00:00-04:00,26.73122712513595,26.880001320561476,26.48632255589239,26.774715423583984,140769600
2016-10-14 00:00:00-04:00,26.980709328593424,27.047085563656005,26.809047193643227,26.92348861694336,142608800
2016-10-17 00:00:00-04:00,26.854821662971865,26.971550643764818,26.72893541360221,26.905176162719727,94499600
2016-10-18 00:00:00-04:00,27.04938180572738,27.056248013485135,26.88229651659073,26.88687515258789,98214000
2016-10-19 00:00:00-04:00,26.836516840135722,26.953247594229147,26.046871627343243,26.8067626953125,80138400
2016-10-20 00:00:00-04:00,26.747252002858986,26.866270325468047,26.625944362631184,26.793027877807617,96503200
2016-10-21 00:00:00-04:00,26.73581124788834,26.75870093509931,26.614503589117227,26.687746047973633,92770800
2016-10-24 00:00:00-04:00,26.802179994203005,26.948664870898615,26.779292059638845,26.92806625366211,94154800
2016-10-25 00:00:00-04:00,26.996737415972706,27.090580243373637,26.850252499349068,27.06540298461914,192516000
2016-10-26 00:00:00-04:00,26.163597996001634,26.481745017453612,25.934715146252724,26.456567764282227,264536800
2016-10-27 00:00:00-04:00,26.410791407794477,26.51836662459886,26.115532327492296,26.2025089263916,138248000
2016-10-28 00:00:00-04:00,26.062893418679984,26.369595630794517,25.96676128472614,26.028560638427734,151446800
2016-10-31 00:00:00-04:00,26.01254298236975,26.14529548881585,25.909544625476876,25.98736572265625,105677600
2016-11-01 00:00:00-04:00,25.969051797617304,26.04000493282985,25.2984248779441,25.518152236938477,175303200
2016-11-02 00:00:00-04:00,25.49755005141465,25.714988062228944,25.458640385687897,25.54103660583496,113326800
2016-11-03 00:00:00-04:00,25.531832315983266,25.64225915016258,25.202849374019138,25.26726531982422,107730400
2016-11-04 00:00:00-04:00,24.968195213786938,25.36389526657879,24.871571272115432,25.039512634277344,123348000
2016-11-07 00:00:00-05:00,25.324789577434114,25.423714605283607,25.18215296012447,25.40070915222168,130240000
2016-11-08 00:00:00-05:00,25.377697966609183,25.70208059611489,25.237362443161036,25.550241470336914,97016800
2016-11-09 00:00:00-05:00,25.27877679890741,25.61006093811463,24.85777191973571,25.508834838867188,236705600
2016-11-10 00:00:00-05:00,25.55714694936273,25.55714694936273,24.347042916636287,24.797956466674805,228538000
2016-11-11 00:00:00-05:00,24.643814994203094,25.0464165171127,24.51268199694924,24.9451904296875,136575600
2016-11-14 00:00:00-05:00,24.779543424410114,24.8025488700783,23.944433635754226,24.319427490234375,204702000
2016-11-15 00:00:00-05:00,24.517272798600924,24.772637233700237,24.422949962819757,24.641504287719727,129058000
2016-11-16 00:00:00-05:00,24.547186171059305,25.359292328299528,24.524180723718356,25.3040771484375,235362000
2016-11-17 00:00:00-05:00,25.262671929270162,25.386903477159905,25.037216040850755,25.294879913330078,110528000
2016-11-18 00:00:00-05:00,25.241963923155183,25.43061141206758,25.22816100488457,25.32018280029297,113715600
2016-11-21 00:00:00-05:00,25.333984650637593,25.76419193736113,25.308678133159383,25.704378128051758,117058400
2016-11-22 00:00:00-05:00,25.754989164063183,25.86311669131896,25.62845833307263,25.720481872558594,103862000
2016-11-23 00:00:00-05:00,25.61926238079961,25.653771436366686,25.382302890551035,25.58935546875,109705600
2016-11-25 00:00:00-05:00,25.566346294075945,25.736590487051203,25.524935781622954,25.718185424804688,45903600
2016-11-28 00:00:00-05:00,25.635364040606053,25.874624580847378,25.626161509611773,25.667572021484375,108776000
2016-11-29 00:00:00-05:00,25.48582390871544,25.773396396862534,25.322482946072274,25.642263412475586,114115200
2016-11-30 00:00:00-05:00,25.674477052330815,25.812511526039412,25.368499436220993,25.426013946533203,144649200
2016-12-01 00:00:00-05:00,25.3914970757278,25.522630039614068,25.083218503923213,25.189044952392578,148347600
2016-12-02 00:00:00-05:00,25.115433567203517,25.327086523891644,25.041815071172717,25.283376693725586,106112000
2016-12-05 00:00:00-05:00,25.306380742795778,25.31328220216583,24.90377923097857,25.10162925720215,137298000
2016-12-06 00:00:00-05:00,25.191354501023707,25.38920454893661,25.12003707277725,25.294879913330078,104782000
2016-12-07 00:00:00-05:00,25.136140652705663,25.580152717341864,25.11313520092625,25.54334259033203,119994800
2016-12-08 00:00:00-05:00,25.504231936550035,25.865422953478195,25.444416360599178,25.794105529785156,108273200
2016-12-09 00:00:00-05:00,25.837812005163336,26.387650454674247,25.837812005163336,26.215106964111328,137610400
2016-12-12 00:00:00-05:00,26.06327548149486,26.4566745180519,25.879228347983513,26.065576553344727,105497600
2016-12-13 00:00:00-05:00,26.189805536865563,26.66832666497557,26.16910115647021,26.500385284423828,174935200
2016-12-14 00:00:00-05:00,26.46587622856141,26.732742633143555,26.45207330829784,26.500385284423828,136127200
2016-12-15 00:00:00-05:00,26.544092897640045,26.854672619230723,26.509585599866277,26.64531898498535,186098000
2016-12-16 00:00:00-05:00,26.794865315154045,26.801766776839063,26.60621775654668,26.67983627319336,177404400
2016-12-19 00:00:00-05:00,26.640723102530742,27.004213490447388,26.62921949785842,26.83397102355957,111117600
2016-12-20 00:00:00-05:00,26.856965292061474,27.0318098300788,26.843162376366365,26.905277252197266,85700000
2016-12-21 00:00:00-05:00,26.870775857967068,27.008810310809384,26.866173714923793,26.93058967590332,95132800
2016-12-22 00:00:00-05:00,26.767249498113298,26.804059622741242,26.60390851928433,26.753446578979492,104343600
2016-12-23 00:00:00-05:00,26.592402427489088,26.80635643005371,26.592402427489088,26.80635643005371,56998000
2016-12-27 00:00:00-05:00,26.806352678437122,27.100828341075097,26.799451220482073,26.97659683227539,73187600
2016-12-28 00:00:00-05:00,27.03641316012437,27.15144215064689,26.732736695353033,26.861570358276367,83623600
2016-12-29 00:00:00-05:00,26.79025566579623,26.942094801147437,26.778753817944512,26.854673385620117,60158000
2016-12-30 00:00:00-05:00,26.83626755694915,26.96279841092744,26.555596500366864,26.64531898498535,122345200
2017-01-03 00:00:00-05:00,26.640715331660193,26.76264578272473,26.401454816935974,26.721235275268555,115127600
2017-01-04 00:00:00-05:00,26.65221861045156,26.80405773102062,26.6292131617844,26.691328048706055,84472400
2017-01-05 00:00:00-05:00,26.668327718739967,26.88458283916623,26.643021193787806,26.827068328857422,88774400
2017-01-06 00:00:00-05:00,26.86617203276788,27.183653185150572,26.79485461689209,27.12613868713379,127007600
2017-01-09 00:00:00-05:00,27.135335157670315,27.47582170420658,27.133035841860686,27.374595642089844,134247600
2017-01-10 00:00:00-05:00,27.323987696089937,27.464323215522036,27.21586191121894,27.40220832824707,97848400
2017-01-11 00:00:00-05:00,27.317088920650892,27.59085852729163,27.284880938128854,27.549448013305664,110354400
2017-01-12 00:00:00-05:00,27.3538977720558,27.445921327204168,27.195157183304946,27.434417724609375,108344800
2017-01-13 00:00:00-05:00,27.40220857356334,27.51953864524781,27.33319047134818,27.386104583740234,104447600
2017-01-17 00:00:00-05:00,27.225059408102727,27.662169903440613,27.19745357495073,27.606956481933594,137759200
2017-01-18 00:00:00-05:00,27.606959198221134,27.72198819488039,27.540242169534384,27.604658126831055,94852000
2017-01-19 00:00:00-05:00,27.468929287987937,27.62766813604499,27.462027827881563,27.556350708007812,102389200
2017-01-20 00:00:00-05:00,27.710481866659634,27.710481866659634,27.544841602138572,27.606956481933594,130391600
2017-01-23 00:00:00-05:00,27.60696305500064,27.793309493956794,27.554048936855708,27.625368118286133,88200800
2017-01-24 00:00:00-05:00,27.50344126914955,27.629972146699764,27.49193766427968,27.600065231323242,92844000
2017-01-25 00:00:00-05:00,27.703586176105624,28.090083717527474,27.671378193920752,28.039470672607422,129510400
2017-01-26 00:00:00-05:00,27.991151799997468,28.168297413554335,27.975047812874386,28.053268432617188,105350400
2017-01-27 00:00:00-05:00,28.099282181284575,28.147594147568313,27.97505065861076,28.055570602416992,82251600
2017-01-30 00:00:00-05:00,27.82091277645912,27.981952667236328,27.7587978915031,27.981952667236328,121510000
2017-01-31 00:00:00-05:00,27.871524887513246,27.926738311770396,27.749594437810618,27.91753578186035,196804000
2017-02-01 00:00:00-05:00,29.224268361259686,30.020270610409472,29.21966797340711,29.61996841430664,447940000
2017-02-02 00:00:00-05:00,29.442829859307547,29.76721079542723,29.396817196422887,29.569360733032227,134841600
2017-02-03 00:00:00-05:00,29.518739075734263,29.72119122299778,29.48423178263535,29.695884704589844,98029200
2017-02-06 00:00:00-05:00,29.70739189237126,30.0225702420806,29.65447602268937,29.97425651550293,107383600
2017-02-07 00:00:00-05:00,30.031777997065394,30.38836869676868,30.01107361389482,30.259536743164062,152735200
2017-02-08 00:00:00-05:00,30.21812257855912,30.418271934267572,30.188213912384082,30.376859664916992,92016400
2017-02-09 00:00:00-05:00,30.41844748303212,30.603292541477735,30.29598838100748,30.59636116027832,113399600
2017-02-10 00:00:00-05:00,30.605598178091757,30.716503776911445,30.510864623071093,30.527036666870117,80262000
2017-02-13 00:00:00-05:00,30.748851253837106,30.919833509046352,30.672602553228607,30.79737091064453,92141600
2017-02-14 00:00:00-05:00,30.838972553987908,31.213281271299813,30.788140070695363,31.19710922241211,132904800
2017-02-15 00:00:00-05:00,31.3126384336709,31.485930037012633,31.104686394284805,31.310325622558594,142492400
2017-02-16 00:00:00-05:00,31.347289480262962,31.400431241504915,31.15551305202995,31.273353576660156,90338400
2017-02-17 00:00:00-05:00,31.215595309028636,31.384264814422437,31.215595309028636,31.358848571777344,88792800
2017-02-21 00:00:00-05:00,31.476669815103598,31.596819586079384,31.418905976737822,31.58526611328125,98028800
2017-02-22 00:00:00-05:00,31.52289601137999,31.682324849434227,31.44896009446634,31.680015563964844,83347600
2017-02-23 00:00:00-05:00,31.742394226428523,31.765497652688055,31.492853953694905,31.545995712280273,83152800
2017-02-24 00:00:00-05:00,31.402737290241557,31.57602882385254,31.257171273808243,31.57602882385254,87106400
2017-02-27 00:00:00-05:00,31.68694138899264,31.756258722811197,31.48823357904668,31.638418197631836,81029600
2017-02-28 00:00:00-05:00,31.673084490545357,31.756264601400375,31.585282283079867,31.65229034423828,93931600
2017-03-01 00:00:00-05:00,31.86022863767035,32.382412567080664,31.793224123633966,32.299232482910156,145658400
2017-03-02 00:00:00-05:00,32.347759930593156,32.41245516840426,32.061249930553956,32.10746383666992,104844000
2017-03-03 00:00:00-05:00,32.06587297087968,32.30848188263105,32.02197187415191,32.29692840576172,84432400
2017-03-06 00:00:00-05:00,32.20219047429682,32.29461475112016,32.02428035196002,32.19525909423828,87000000
2017-03-07 00:00:00-05:00,32.13056750423803,32.34313807658122,32.06818155101605,32.236854553222656,69785200
2017-03-08 00:00:00-05:00,32.10514193079677,32.30154039927301,32.07510713108132,32.116695404052734,74828800
2017-03-09 00:00:00-05:00,32.056632858903505,32.06818281034635,31.666148603102606,32.04276657104492,88623600
2017-03-10 00:00:00-05:00,32.174471721726356,32.19988796249569,32.0335277548467,32.14905548095703,78451200
2017-03-13 00:00:00-04:00,32.08205840851597,32.216067499402925,32.07512702538827,32.162925720214844,69686800
2017-03-14 00:00:00-04:00,32.18602176003566,32.26688904429549,32.07973471209646,32.11439514160156,61236400
2017-03-15 00:00:00-04:00,32.21144681568917,32.52106032718292,32.12364460099241,32.45405578613281,102767200
2017-03-16 00:00:00-04:00,32.51412208555673,32.58343942329321,32.40783503094396,32.5071907043457,76928000
2017-03-17 00:00:00-04:00,32.57880838879118,32.57880838879118,32.322336777471435,32.34544372558594,175540000
2017-03-20 00:00:00-04:00,32.44018264011968,32.694345036519806,32.400903638062616,32.68510437011719,86168000
2017-03-21 00:00:00-04:00,32.83529946737529,32.9947283372612,32.28538621197227,32.3108024597168,158119600
2017-03-22 00:00:00-04:00,32.313102362646134,32.717449353469824,32.2923046950709,32.67585754394531,103440800
2017-03-23 00:00:00-04:00,32.63889508188591,32.712834526079405,32.488710433604666,32.56033706665039,81385200
2017-03-24 00:00:00-04:00,32.69434763794183,32.7498022176487,32.42863526880281,32.49563980102539,89582400
2017-03-27 00:00:00-04:00,32.20680505608286,32.62963676914067,32.028891449625505,32.55107879638672,94300400
2017-03-28 00:00:00-04:00,32.55801904145993,33.28122008560219,32.49101099744345,33.22576904296875,133499200
2017-03-29 00:00:00-04:00,33.198032951886006,33.38519075793911,33.08481808011475,33.29969787597656,116760000
2017-03-30 00:00:00-04:00,33.315882636755454,33.387509255140365,33.15645382776915,33.25580596923828,84829200
2017-03-31 00:00:00-04:00,33.207286986680685,33.33436817947322,33.0432360785983,33.193424224853516,78646800
2017-04-03 00:00:00-04:00,33.20496478736148,33.29969479821301,33.0524674153204,33.20265197753906,79942800
2017-04-04 00:00:00-04:00,33.098700051762044,33.477630927036365,33.08021518886731,33.44990539550781,79565600
2017-04-05 00:00:00-04:00,33.322817899159624,33.60932793169963,33.22808431675207,33.276607513427734,110871600
2017-04-06 00:00:00-04:00,33.338986749664876,33.39213203750382,33.14490103283233,33.193424224853516,84596000
2017-04-07 00:00:00-04:00,33.20960307310597,33.31357733372976,33.1033195269134,33.11949157714844,66688800
2017-04-10 00:00:00-04:00,33.17955202148088,33.24424724201545,33.01781044451937,33.080196380615234,75733600
2017-04-11 00:00:00-04:00,33.02707408133784,33.12180768348435,32.361633106140886,32.72439193725586,121517600
2017-04-12 00:00:00-04:00,32.71745385970046,32.84453153953262,32.58112846168498,32.76366424560547,81400000
2017-04-13 00:00:00-04:00,32.789074157625386,32.89767048263503,32.59036636352539,32.59036636352539,71291600
2017-04-17 00:00:00-04:00,32.68971331532249,32.78213758026646,32.54876939620501,32.77058410644531,66328400
2017-04-18 00:00:00-04:00,32.67355753622728,32.819120096829,32.604240184421855,32.62503433227539,58790000
2017-04-19 00:00:00-04:00,32.782148358168236,32.80987388395424,32.45173723150411,32.504878997802734,69313600
2017-04-20 00:00:00-04:00,32.6296492538494,33.0224427935341,32.615786491662185,32.911537170410156,93278400
2017-04-21 00:00:00-04:00,32.91152859444215,32.9669796287418,32.77520676762184,32.872249603271484,69283600
2017-04-24 00:00:00-04:00,33.156453193579374,33.26042742878248,33.082513765934344,33.18880081176758,68537200
2017-04-25 00:00:00-04:00,33.25118266618911,33.47992525032688,33.241938476059495,33.39443588256836,75486000
2017-04-26 00:00:00-04:00,33.38058726596684,33.41062560817669,33.1287376254248,33.19805145263672,80164800
2017-04-27 00:00:00-04:00,33.25350712370632,33.30896171291005,33.11256312773726,33.22346878051758,56985200
2017-04-28 00:00:00-04:00,33.29278130230845,33.3413045015207,33.10331765321541,33.19111633300781,83441600
2017-05-01 00:00:00-04:00,33.52613822541469,34.01135242507627,33.493790612103915,33.868099212646484,134411600
2017-05-02 00:00:00-04:00,34.089916305108204,34.21699749566795,33.928178210589465,34.082984924316406,181408800
2017-05-03 00:00:00-04:00,33.63937109555477,34.07837868307375,33.3343796534977,33.97902297973633,182788000
2017-05-04 00:00:00-04:00,33.854242838931896,33.99749607838162,33.690191931153905,33.85655212402344,93487600
2017-05-05 00:00:00-04:00,33.90969357549422,34.42263691120523,33.90969357549422,34.41801834106445,109310800
2017-05-08 00:00:00-04:00,34.434198084508445,35.51322675874134,34.434198084508445,35.353797912597656,195009600
2017-05-09 00:00:00-04:00,35.55250166092058,35.78586992640068,35.455458793091545,35.580230712890625,156521600
2017-05-10 00:00:00-04:00,35.49704150818844,35.56866811663145,35.1458363201568,35.41154861450195,103222800
2017-05-11 00:00:00-04:00,35.36979404638002,35.74565127496851,35.33731290713693,35.71780776977539,109020400
2017-05-12 00:00:00-04:00,35.89180653954682,36.29086246895266,35.88484654986236,36.21662139892578,130108000
2017-05-15 00:00:00-04:00,36.19573205638681,36.34421771268847,35.973005342022965,36.123809814453125,104038800
2017-05-16 00:00:00-04:00,36.17950585219005,36.207345816128424,35.896454418221445,36.07046127319336,80194000
2017-05-17 00:00:00-04:00,35.63659927380828,35.86164838463973,34.73408401394015,34.85936737060547,203070800
2017-05-18 00:00:00-04:00,35.09603308197353,35.57629029064586,35.063551935204295,35.390682220458984,134272800
2017-05-19 00:00:00-04:00,35.585562830464724,35.72476618959249,35.411555976421134,35.51131820678711,107843200
2017-05-22 00:00:00-04:00,35.7294077451704,35.863973471889224,35.47651863090263,35.727088928222656,91865600
2017-05-23 00:00:00-04:00,35.93821421541674,35.93821421541674,35.5693205340456,35.683006286621094,79675600
2017-05-24 00:00:00-04:00,35.69227942289396,35.768842851420054,35.420829198216694,35.57627487182617,76712000
2017-05-25 00:00:00-04:00,35.666768125919795,35.81061621627435,35.50436241762813,35.699249267578125,76942400
2017-05-26 00:00:00-04:00,35.72941471552804,35.78509819474404,35.56932781043888,35.63893127441406,87710400
2017-05-30 00:00:00-04:00,35.59484119138891,35.82916914409434,35.5739612188087,35.6528434753418,80507600
2017-05-31 00:00:00-04:00,35.72244401492925,35.76884513027702,35.353550368673936,35.44171142578125,97804800
2017-06-01 00:00:00-04:00,35.53684667942517,35.57396899891659,35.316438660236145,35.53916549682617,65616400
2017-06-02 00:00:00-04:00,35.63197038115358,36.065826416015625,35.471883480111885,36.065826416015625,111082800
2017-06-05 00:00:00-04:00,35.808289880411884,35.83381102746354,35.604124244177186,35.713165283203125,101326800
2017-06-06 00:00:00-04:00,35.706195569021396,36.14933375616581,35.67835561261109,35.83380126953125,106499600
2017-06-07 00:00:00-04:00,35.96606301262677,36.18878983634843,35.84077607662668,36.047264099121094,84278400
2017-06-08 00:00:00-04:00,36.01943138270772,36.086712498786994,35.822222129757876,35.959110260009766,85003200
2017-06-09 00:00:00-04:00,36.00550639611998,36.00550639611998,33.87798257029216,34.564727783203125,259530800
2017-06-12 00:00:00-04:00,33.81302180331773,33.8942228985397,33.063629544575214,33.73877716064453,289229200
2017-06-13 00:00:00-04:00,34.142462655827934,34.2097437423721,33.676122062916065,34.010215759277344,136661600
2017-06-14 00:00:00-04:00,34.22134051075947,34.22134051075947,33.372186398273556,33.67844009399414,126124800
2017-06-15 00:00:00-04:00,33.25155501532048,33.52068295447054,32.994024702203426,33.476600646972656,128661600
2017-06-16 00:00:00-04:00,33.3582631702228,33.52530998067635,32.99168842173737,33.007930755615234,201444400
2017-06-19 00:00:00-04:00,33.330438043573054,34.04502670838691,33.330438043573054,33.95222091674805,130165600
2017-06-20 00:00:00-04:00,34.07519113673098,34.07519113673098,33.6274150660144,33.643653869628906,99600400
2017-06-21 00:00:00-04:00,33.761980512442065,33.88958628326422,33.550851286189,33.84318161010742,85063200
2017-06-22 00:00:00-04:00,33.81997579978962,34.035742616466905,33.66916772366512,33.78749465942383,76425200
2017-06-23 00:00:00-04:00,33.671488172430905,34.14246645112893,33.66684699830492,33.938297271728516,141757600
2017-06-26 00:00:00-04:00,34.14478369189126,34.40231397122722,33.7294889013404,33.831573486328125,102769600
2017-06-27 00:00:00-04:00,33.64365116570499,33.91046385671273,33.321158535145855,33.3466796875,99047600
2017-06-28 00:00:00-04:00,33.52299764915459,33.89885127529129,33.21442510738161,33.83388900756836,88329600
2017-06-29 00:00:00-04:00,33.57404807712838,33.67149150233917,33.010263961048665,33.33507537841797,125997600
2017-06-30 00:00:00-04:00,33.51372174056437,33.63204867536002,33.35827603149477,33.41395950317383,92096400
2017-07-03 00:00:00-04:00,33.613485823453566,33.710929238845075,33.200509831479685,33.293312072753906,57111200
2017-07-05 00:00:00-04:00,33.33739642246375,33.59260437172023,33.11234725637412,33.430198669433594,86278400
2017-07-06 00:00:00-04:00,33.18194297823651,33.293306356681505,33.040417283475556,33.11465835571289,96515200
2017-07-07 00:00:00-04:00,33.15409752635443,33.58331575868507,33.15409752635443,33.45106887817383,76806800
2017-07-10 00:00:00-04:00,33.43483117071179,33.861727060320725,33.26314316415742,33.65523910522461,84362400
2017-07-11 00:00:00-04:00,33.57867804222174,33.838530656946226,33.49747697651507,33.764286041259766,79127200
2017-07-12 00:00:00-04:00,33.843169948377934,33.91509221073657,33.59956319914471,33.813011169433594,99538000
2017-07-13 00:00:00-04:00,33.75733101049074,34.45103963699194,33.74341102804902,34.283992767333984,100797600
2017-07-14 00:00:00-04:00,34.33039205013278,34.645924615900284,34.18190634507622,34.57863998413086,80528400
2017-07-17 00:00:00-04:00,34.527606707527475,35.01018267036603,34.46960441447506,34.69929122924805,95174000
2017-07-18 00:00:00-04:00,34.61576565314673,34.831536010902305,34.49280108266514,34.8199348449707,71475200
2017-07-19 00:00:00-04:00,34.91274557352675,35.130834801378214,34.789780973172995,35.03803253173828,83692000
2017-07-20 00:00:00-04:00,35.14939197520025,35.20507545477402,34.84546050540773,34.8802604675293,68974800
2017-07-21 00:00:00-04:00,34.79904758976671,34.90345098095028,34.54151733675225,34.864009857177734,105010400
2017-07-24 00:00:00-04:00,34.93594138266693,35.36747858219408,34.77817330554504,35.28627395629883,85972800
2017-07-25 00:00:00-04:00,35.218987415187335,35.692284493098995,35.218987415187335,35.437076568603516,75415600
2017-07-26 00:00:00-04:00,35.57860864023195,35.71317084727418,35.51132399653175,35.604129791259766,63124000
2017-07-27 00:00:00-04:00,35.671407062358746,35.72709053321311,34.17494874241261,34.931297302246094,129905200
2017-07-28 00:00:00-04:00,34.77585865952967,34.85474093746274,34.61345292843822,34.68537521362305,68854800
2017-07-31 00:00:00-04:00,34.778167945206754,34.877933714220624,34.36751432489266,34.506717681884766,79383600
2017-08-01 00:00:00-04:00,34.59256125152247,34.85241033339182,34.43247439209287,34.81296920776367,141474400
2017-08-02 00:00:00-04:00,36.954411813041766,37.06345638107044,36.23054450202435,36.45791244506836,279747200
2017-08-03 00:00:00-04:00,36.437050189048854,36.47417251539984,35.96607173653287,36.09367752075195,108389200
2017-08-04 00:00:00-04:00,36.20966776094429,36.5182367982239,36.12150315590527,36.28390884399414,82239600
2017-08-07 00:00:00-04:00,36.439355248149226,36.87089239354546,36.34887182444575,36.84537124633789,87481200
2017-08-08 00:00:00-04:00,36.79663841541217,37.546026689659826,36.720075000617484,37.140010833740234,144823600
2017-08-09 00:00:00-04:00,36.949772539516886,37.41611315363051,36.91497258630468,37.36738967895508,104526000
2017-08-10 00:00:00-04:00,37.2439491201272,37.267242568364914,36.01646187697015,36.17717742919922,163217200
2017-08-11 00:00:00-04:00,36.475303794776885,36.93415686119202,36.35185637630784,36.68027114868164,105028400
2017-08-14 00:00:00-04:00,37.10884476428348,37.31614358221261,36.97607855579409,37.23229217529297,88490800
2017-08-15 00:00:00-04:00,37.42097743810432,37.779673147687454,37.2998578831191,37.639923095703125,117862000
2017-08-16 00:00:00-04:00,37.719098599761814,37.851861268607664,37.30216944215757,37.48850631713867,110686400
2017-08-17 00:00:00-04:00,37.38836380228439,37.43261922350006,36.76413561275204,36.768795013427734,111762400
2017-08-18 00:00:00-04:00,36.768795595916046,37.150784713502915,36.5032666184969,36.68494415283203,109712400
2017-08-21 00:00:00-04:00,36.684931157832516,36.775769892822034,36.128252027187976,36.61738586425781,105474000
2017-08-22 00:00:00-04:00,36.85497248223008,37.26724234582348,36.806061216936655,37.215999603271484,86418400
2017-08-23 00:00:00-04:00,37.05061476464174,37.376701595239346,37.0063593617578,37.262569427490234,77596400
2017-08-24 00:00:00-04:00,37.36740240950668,37.43961068868213,36.92951465775347,37.09721755981445,79275600
2017-08-25 00:00:00-04:00,37.185719579056176,37.39767787713826,37.0972122934809,37.23463439941406,101920400
2017-08-28 00:00:00-04:00,37.29985759587696,37.73308950644759,37.25094276790593,37.609642028808594,103864000
2017-08-29 00:00:00-04:00,37.29052877524253,37.99394528318715,37.26723533152812,37.94503402709961,118067600
2017-08-30 00:00:00-04:00,38.15232924771166,38.17329121260983,37.87515364267968,38.047515869140625,109078400
2017-08-31 00:00:00-04:00,38.11507357732661,38.320044556194304,38.07780548042678,38.19892501831055,107140400
2017-09-01 00:00:00-04:00,38.385257660727085,38.41786635335139,38.11274139649231,38.210567474365234,66364400
2017-09-05 00:00:00-04:00,38.14067761007148,38.257137694377036,37.39766170354924,37.75170135498047,117874000
2017-09-06 00:00:00-04:00,37.89844547386948,37.963662842390605,37.388349691873536,37.71210861206055,86606800
2017-09-07 00:00:00-04:00,37.75403126892082,37.788971428503594,37.35108035110812,37.560707092285156,87714000
2017-09-08 00:00:00-04:00,37.467546467779975,37.535091767309375,36.92484193250823,36.94813537597656,114446000
2017-09-11 00:00:00-04:00,37.38369886793957,37.74472595411591,37.24161737805395,37.61661911010742,126323200
2017-09-12 00:00:00-04:00,37.87516648558694,38.189610282003464,36.98075347251428,37.46755599975586,286856000
2017-09-13 00:00:00-04:00,37.23695363861418,37.257919159067484,36.78043200745177,37.18571090698242,179629600
2017-09-14 00:00:00-04:00,37.032001724999525,37.1274963519221,36.82237131152027,36.86662673950195,95042800
2017-09-15 00:00:00-04:00,36.91086238345394,37.493162851983115,36.80138961104405,37.239280700683594,196458400
2017-09-18 00:00:00-04:00,37.29286040134051,37.383699154318606,36.80139854443826,36.957454681396484,113077600
2017-09-19 00:00:00-04:00,37.1531092499511,37.21367079192962,36.90388642083373,36.971431732177734,83242400
2017-09-20 00:00:00-04:00,36.77810863561706,36.86196007366764,35.83012499967972,36.35186767578125,211805600
2017-09-21 00:00:00-04:00,36.28896529568272,36.28896529568272,35.57855802527852,35.72762680053711,150046800
2017-09-22 00:00:00-04:00,35.296730433842086,35.4667647623346,35.068469601363695,35.37825393676758,186581600
2017-09-25 00:00:00-04:00,34.93570446891562,35.36427681327334,34.74238026319241,35.066139221191406,177549200
2017-09-26 00:00:00-04:00,35.352631428347586,35.851080567151044,35.33166946109935,35.669403076171875,146640000
2017-09-27 00:00:00-04:00,35.82313244404268,36.03741863130181,35.76257090902376,35.92328643798828,102016800
2017-09-28 00:00:00-04:00,35.84410024480155,35.93493900803122,35.56692455456503,35.70201873779297,88022000
2017-09-29 00:00:00-04:00,35.68571220984077,35.899998408208205,35.40387715030918,35.897666931152344,105199200
2017-10-02 00:00:00-04:00,35.93027574081998,35.97453115605567,35.571580127050126,35.825462341308594,74795200
2017-10-03 00:00:00-04:00,35.87204879737292,36.12360311051281,35.84875890327996,35.98152160644531,64921200
2017-10-04 00:00:00-04:00,35.783532540208626,35.83710319267838,35.51101632449689,35.748592376708984,80655200
2017-10-05 00:00:00-04:00,35.91163877835149,36.20512053804694,35.88136156571288,36.19347381591797,85135200
2017-10-06 00:00:00-04:00,36.09565175944262,36.216771285701384,36.000153603083184,36.172515869140625,69630400
2017-10-09 00:00:00-04:00,36.29129148774914,36.505577619836615,36.21675888071339,36.29827880859375,65051600
2017-10-10 00:00:00-04:00,36.34952394240527,36.80138967542724,36.125922552383685,36.312255859375,62468000
2017-10-11 00:00:00-04:00,36.32857844129487,36.56382665812951,36.277335692426874,36.46367263793945,67622400
2017-10-12 00:00:00-04:00,36.41708717925492,36.65466330578336,36.27267418896036,36.33556365966797,64500400
2017-10-13 00:00:00-04:00,36.50558912676728,36.63369597276531,36.43105649623809,36.5661506652832,65576800
2017-10-16 00:00:00-04:00,36.77809617067088,37.26722998586739,36.71986612381796,37.239280700683594,96486000
2017-10-17 00:00:00-04:00,37.215989661342135,37.46987182902115,37.08788283918476,37.376705169677734,75989200
2017-10-18 00:00:00-04:00,37.36507009240364,37.432618962445325,37.174077315008596,37.211341857910156,65496800
2017-10-19 00:00:00-04:00,36.510240199006,36.587104289072464,36.10728926085157,36.33089065551758,170336800
2017-10-20 00:00:00-04:00,36.477638812329246,36.74316774291992,36.32624207844399,36.3937873840332,95896400
2017-10-23 00:00:00-04:00,36.542851608738154,36.729188487574625,36.21909265896591,36.37514877319336,87937200
2017-10-24 00:00:00-04:00,36.40310938726473,36.66631044378954,36.38214741481978,36.59177780151367,71028800
2017-10-25 00:00:00-04:00,36.54751710074563,36.696585917849305,36.16552803478742,36.43105697631836,84828400
2017-10-26 00:00:00-04:00,36.62204346152888,36.761797008544235,36.51723007830754,36.663970947265625,68002000
2017-10-27 00:00:00-04:00,37.10185231610641,38.10574123424967,36.96443026878332,37.97763442993164,177816800
2017-10-30 00:00:00-04:00,38.173301361603585,39.146909898881574,38.13370534379751,38.83246612548828,178803200
2017-10-31 00:00:00-04:00,39.10731191568161,39.51492238822658,38.88371044674246,39.372840881347656,144187200
2017-11-01 00:00:00-04:00,39.56615630845578,39.58246242968022,38.57391745889112,38.87205505371094,134551200
2017-11-02 00:00:00-04:00,38.804518780172856,39.24706587583461,38.49706231483044,39.156227111816406,165573600
2017-11-03 00:00:00-04:00,40.528121815557064,40.588679798570986,39.85731038613164,40.178741455078125,237594400
2017-11-06 00:00:00-05:00,40.14846964458664,40.758723227159884,39.997072876231286,40.586360931396484,140105200
2017-11-07 00:00:00-05:00,40.50715864248612,40.81927090225437,40.43495393878697,40.7167854309082,97446000
2017-11-08 00:00:00-05:00,40.681839963408436,41.04985427856445,40.60497587662775,41.04985427856445,97638000
2017-11-09 00:00:00-05:00,40.78666527374036,41.0172576015806,40.327812095180505,40.96601486206055,117930400
2017-11-10 00:00:00-05:00,40.933294438348895,40.99640999054884,40.73693890579127,40.830440521240234,100582000
2017-11-13 00:00:00-05:00,40.556938922656,40.79069649569724,40.533561738608874,40.666805267333984,67928400
2017-11-14 00:00:00-05:00,40.449412033186846,40.5522659440664,40.01462277065098,40.052024841308594,99130000
2017-11-15 00:00:00-05:00,39.73177533088447,39.8135919089244,39.36010164246712,39.52373123168945,116632400
2017-11-16 00:00:00-05:00,40.014611922630635,40.17590518761419,39.80890772349603,39.995914459228516,94550000
2017-11-17 00:00:00-05:00,39.981901253211866,40.06371784592754,39.65464201606551,39.77385711669922,87598000
2017-11-20 00:00:00-05:00,39.80656459881815,39.86968012490555,39.63592261613677,39.734100341796875,65049600
2017-11-21 00:00:00-05:00,39.92110664797064,40.60367813847048,39.92110664797064,40.472774505615234,100525200
2017-11-22 00:00:00-05:00,40.52421413758926,40.907576425416,40.4517498586186,40.89822769165039,102355600
2017-11-24 00:00:00-05:00,40.930948094323455,41.0244496868098,40.82575434420491,40.90055847167969,56106800
2017-11-27 00:00:00-05:00,40.91924439555395,40.92625683405848,40.51951756651711,40.6948356628418,82867200
2017-11-28 00:00:00-05:00,40.743949369889336,40.87718934377625,40.17358026951966,40.45642852783203,105715200
2017-11-29 00:00:00-05:00,40.35357178635738,40.42135991448416,39.07491755078027,39.61723327636719,166665600
2017-11-30 00:00:00-05:00,39.839295289727644,40.23902224712282,39.37412007422577,40.171234130859375,166108800
2017-12-01 00:00:00-05:00,39.72709530718462,40.12915858256177,39.38814756965987,39.984230041503906,159037200
2017-12-04 00:00:00-05:00,40.31850424386007,40.351230160635915,39.65229731659654,39.69203567504883,130169600
2017-12-05 00:00:00-05:00,39.51906035805063,40.09410563907776,39.36477948181677,39.654640197753906,109400800
2017-12-06 00:00:00-05:00,39.15438974818077,39.785534421794935,38.9112834648331,39.507362365722656,114240000
2017-12-07 00:00:00-05:00,39.51205371523492,39.841652844610095,39.48400393975057,39.5798454284668,102693200
2017-12-08 00:00:00-05:00,39.853333145307786,39.97254823316245,39.46295839467937,39.591522216796875,93420800
2017-12-11 00:00:00-05:00,39.5517760691087,40.41434198453013,39.45593461920474,40.3629150390625,141095200
2017-12-12 00:00:00-05:00,40.241359614608676,40.29746270901659,40.08006990604287,40.13616943359375,77636800
2017-12-13 00:00:00-05:00,40.323187690009654,40.56629403478115,40.20630888511107,40.26942443847656,95273600
2017-12-14 00:00:00-05:00,40.29980704541993,40.47045265407189,40.124488853110634,40.25773239135742,81906000
2017-12-15 00:00:00-05:00,40.58732854854576,40.71355606857073,40.3138326161104,40.666805267333984,160677200
2017-12-18 00:00:00-05:00,40.87952071700584,41.421836368046534,40.874844567373735,41.239505767822266,117684400
2017-12-19 00:00:00-05:00,40.914591333087564,40.99874420947974,40.69485862434924,40.800048828125,109745600
2017-12-20 00:00:00-05:00,40.87717802562036,41.00574538016436,40.4984919693788,40.7556266784668,93902400
2017-12-21 00:00:00-05:00,40.713552805108094,41.146005707313414,40.69719163107256,40.909908294677734,83799600
2017-12-22 00:00:00-05:00,40.83276787373455,41.00574974798811,40.79069322605128,40.909908294677734,65397600
2017-12-26 00:00:00-05:00,39.925791590410505,40.082408726132456,39.66398070018009,39.87202835083008,132742000
2017-12-27 00:00:00-05:00,39.76216859553665,39.92112204908144,39.67100327556646,39.87904739379883,85992800
2017-12-28 00:00:00-05:00,39.97254423626185,40.171239596342964,39.85098930185255,39.99124526977539,65920800
2017-12-29 00:00:00-05:00,39.86032984217784,39.876691012389315,39.556444379237625,39.558780670166016,103999600
2018-01-02 00:00:00-05:00,39.77618586634448,40.276426884472016,39.56580192963127,40.26707458496094,102223600
2018-01-03 00:00:00-05:00,40.33019497342311,40.80238628352514,40.19695500765061,40.260066986083984,118071600
2018-01-04 00:00:00-05:00,40.33252097704683,40.54991732565844,40.22499451516484,40.44706344604492,89738400
2018-01-05 00:00:00-05:00,40.54291247080879,40.99406285723671,40.45174716352319,40.90757369995117,94640000
2018-01-08 00:00:00-05:00,40.7556266784668,41.050159881448366,40.65744537728277,40.7556266784668,82271200
2018-01-09 00:00:00-05:00,40.80238443961448,40.921599515903196,40.53590095325459,40.75095748901367,86336000
2018-01-10 00:00:00-05:00,40.47746023211193,40.74394370972359,40.44005816620148,40.74160385131836,95839600
2018-01-11 00:00:00-05:00,40.8117367825329,41.02212075365002,40.788363163647276,40.97303009033203,74670800
2018-01-12 00:00:00-05:00,41.18340555601736,41.45924133390934,41.05951433352114,41.39612579345703,101672400
2018-01-16 00:00:00-05:00,41.58546481936825,41.93376483703263,41.17405283422285,41.18574142456055,118263600
2018-01-17 00:00:00-05:00,41.17638686955348,41.90103662850465,40.923931879747094,41.86597442626953,137547200
2018-01-18 00:00:00-05:00,41.9290910063812,42.099736587663685,41.66728368925117,41.903377532958984,124773600
2018-01-19 00:00:00-05:00,41.75144328474837,41.97818843235449,41.4709348901725,41.71638107299805,129700400
2018-01-22 00:00:00-05:00,41.44521189759825,41.557414516297534,41.2815823355666,41.375083923339844,108434400
2018-01-23 00:00:00-05:00,41.445205349564546,41.94544625551665,41.333002748592435,41.38442611694336,130756400
2018-01-24 00:00:00-05:00,41.43352385908979,41.44521244943131,40.486805111138345,40.72523880004883,204420400
2018-01-25 00:00:00-05:00,40.793030969529916,40.89588486778186,39.862676869004524,39.99825668334961,166116000
2018-01-26 00:00:00-05:00,40.20630887024904,40.20630887024904,39.752818536712894,40.091766357421875,156572000
2018-01-29 00:00:00-05:00,39.77619070677116,39.77619070677116,39.05388063992829,39.261924743652344,202561600
2018-01-30 00:00:00-05:00,38.6938832793173,39.12399627428952,38.499864103281,39.030494689941406,184192800
2018-01-31 00:00:00-05:00,39.00711972420556,39.37412077565685,38.92063057543217,39.138023376464844,129915600
2018-02-01 00:00:00-05:00,39.07725255770871,39.41620032091382,38.98141109794126,39.219844818115234,188923200
2018-02-02 00:00:00-05:00,38.8037598511883,38.990766636131845,37.42459150008796,37.51809310913086,346375200
2018-02-05 00:00:00-05:00,37.190826320809336,38.30818708507509,36.46617651460954,36.580718994140625,290954000
2018-02-06 00:00:00-05:00,36.19268567354218,38.270790367350905,35.99866645876102,38.1094970703125,272975200
2018-02-07 00:00:00-05:00,38.12352220639921,38.195986484247946,37.18381931919892,37.29368209838867,206434400
2018-02-08 00:00:00-05:00,37.46900037296808,37.634969821723445,36.23943680447615,36.267486572265625,217562000
2018-02-09 00:00:00-05:00,36.865999961496776,37.058460813619604,35.26292594672998,36.711090087890625,282690400
2018-02-12 00:00:00-05:00,37.20164009234235,38.466730422889015,36.969275246625436,38.18977355957031,243278000
2018-02-13 00:00:00-05:00,38.011376169411854,38.66856648297439,37.9409622819946,38.57233428955078,130196800
2018-02-14 00:00:00-05:00,38.26721478410091,39.32341248785229,38.22966380983118,39.283512115478516,162579600
2018-02-15 00:00:00-05:00,39.85151934431027,40.62606519891659,39.666099508224036,40.602596282958984,204588800
2018-02-16 00:00:00-05:00,40.454721563931344,41.03211125006785,40.31624316123592,40.47114944458008,160704400
2018-02-20 00:00:00-05:00,40.38196338095014,40.900671851907454,40.234094542494496,40.33502197265625,135722000
2018-02-21 00:00:00-05:00,40.56504027258118,40.86781542185468,40.13786518942926,40.15195083618164,149886400
2018-02-22 00:00:00-05:00,40.32327504011641,40.82790131300647,40.30215194919147,40.487571716308594,123967600
2018-02-23 00:00:00-05:00,40.762183036434294,41.22690894826849,40.73166951720412,41.19170379638672,135249600
2018-02-26 00:00:00-05:00,41.391231322751985,42.10475023951389,41.35837196963928,42.00617218017578,152648800
2018-02-27 00:00:00-05:00,42.03667940368092,42.360577669613704,41.816050816738084,41.870033264160156,155712400
2018-02-28 00:00:00-05:00,42.07421817804011,42.39342471689793,41.79022037577208,41.80664825439453,151128400
2018-03-01 00:00:00-05:00,41.9052339409774,42.19627640895745,40.52513788389774,41.07435989379883,195208000
2018-03-02 00:00:00-05:00,40.557999950612896,41.37948720362311,40.475849792751795,41.35836410522461,153816000
2018-03-05 00:00:00-05:00,41.123656827127995,41.71747451781942,40.96170589668479,41.50154113769531,113605600
2018-03-06 00:00:00-05:00,41.75736630395347,41.837167053383304,41.33958169646813,41.46632385253906,95154000
2018-03-07 00:00:00-05:00,41.06026728930069,41.273854765458225,40.9030116386987,41.081390380859375,126814000
2018-03-08 00:00:00-05:00,41.18700698966086,41.57193215474558,41.0907783844388,41.529685974121094,95096400
2018-03-09 00:00:00-05:00,41.7691008104262,42.24790886845284,41.635314046604286,42.24321365356445,128740800
2018-03-12 00:00:00-04:00,42.31597330142616,42.80886700334209,42.29719960470139,42.651611328125,128828400
2018-03-13 00:00:00-04:00,42.85580825010609,43.06939575890961,42.069529876916704,42.240867614746094,126774000
2018-03-14 00:00:00-04:00,42.323009003680866,42.369950398408875,41.73388321843804,41.881752014160156,117473600
2018-03-15 00:00:00-04:00,41.89585181071824,42.30424963868147,41.79492794839765,41.93105697631836,90975200
2018-03-16 00:00:00-04:00,41.93103398858175,42.04134822218535,41.68928243359474,41.78316879272461,157618800
2018-03-19 00:00:00-04:00,41.618899597561054,41.65410476708609,40.75985764714246,41.14478302001953,133787200
2018-03-20 00:00:00-04:00,41.13069152832031,41.49683953309172,41.06027762400275,41.13069152832031,78597600
2018-03-21 00:00:00-04:00,41.083743285691064,41.09547953238162,40.196537473159985,40.19888687133789,148219600
2018-03-22 00:00:00-04:00,39.900805674877645,40.529828421739076,39.57221223717389,39.630889892578125,165963200
2018-03-23 00:00:00-04:00,39.522912207842715,39.882019088604274,38.71316146850586,38.71316146850586,164115200
2018-03-26 00:00:00-04:00,39.4478137655839,40.62840784209897,39.06523432694473,40.55095291137695,150164800
2018-03-27 00:00:00-04:00,40.764534600998445,41.10955946368787,39.177892261077965,39.51118087768555,163690400
2018-03-28 00:00:00-04:00,39.25534362385068,39.90549291864882,38.77184041292756,39.074615478515625,166674000
2018-03-29 00:00:00-04:00,39.386786515119255,40.31154688271614,39.173199002522075,39.37974548339844,153594000
2018-04-02 00:00:00-04:00,39.11218373669499,39.65201896404017,38.60286204080597,39.1215705871582,150347200
2018-04-03 00:00:00-04:00,39.34688954482369,39.60741848522696,38.69908950068041,39.52292251586914,121112000
2018-04-04 00:00:00-04:00,38.69908884100521,40.372573155198666,38.673270529102645,40.278690338134766,138422000
2018-04-05 00:00:00-04:00,40.506350601221754,40.89362160917028,40.38899531621928,40.557987213134766,107732800
2018-04-06 00:00:00-04:00,40.12848388752817,40.48289571302498,39.47833432314732,39.52058410644531,140021200
2018-04-09 00:00:00-04:00,39.872643872253846,40.62606300601005,39.8656028397066,39.91254425048828,116070800
2018-04-10 00:00:00-04:00,40.60493471440127,40.839645319686824,40.259909838119526,40.663612365722656,113634400
2018-04-11 00:00:00-04:00,40.42421230284707,40.82087385529702,40.29981595084088,40.47350311279297,89726400
2018-04-12 00:00:00-04:00,40.70116744671329,41.07435645439156,40.61432208628652,40.87250518798828,91557200
2018-04-13 00:00:00-04:00,41.0227225756048,41.27151526401716,40.804443414359966,41.010986328125,100497200
2018-04-16 00:00:00-04:00,41.08139562250636,41.35366077533175,41.03445421925359,41.26681900024414,86313600
2018-04-17 00:00:00-04:00,41.42409134128301,41.99913182069293,41.40531405614542,41.834835052490234,106421600
2018-04-18 00:00:00-04:00,41.733887619020656,41.9709475967017,41.515608498889755,41.740928649902344,83018000
2018-04-19 00:00:00-04:00,40.78330735475603,41.165886729911804,40.525127876590034,40.557987213134766,139235200
2018-04-20 00:00:00-04:00,40.04162908827687,40.18714851166951,38.8281721559885,38.896240234375,261964400
2018-04-23 00:00:00-04:00,39.15677362538438,39.17789672189711,38.513665229708735,38.78358459472656,146062000
2018-04-24 00:00:00-04:00,38.88450667946601,39.03941654299841,37.84004517183039,38.24374771118164,134768000
2018-04-25 00:00:00-04:00,38.16863731070807,38.82582771877816,38.11935008940759,38.4103889465332,113528400
2018-04-26 00:00:00-04:00,38.520701702278025,38.89858590345385,38.344668756042076,38.54417419433594,111852000
2018-04-27 00:00:00-04:00,38.49252900316644,38.56998391202602,37.70155562030748,38.09821701049805,142623200
2018-04-30 00:00:00-04:00,38.05364981985131,39.257713366713965,37.98558170611013,38.788291931152344,169709600
2018-05-01 00:00:00-04:00,39.05819917447311,39.71304029620329,38.79062918324785,39.689571380615234,214277600
2018-05-02 00:00:00-04:00,41.12834088273352,41.719812647104675,40.792706415671205,41.44285583496094,266157600
2018-05-03 00:00:00-04:00,41.28089937538475,41.661129382006536,40.94291555554344,41.5179557800293,136272800
2018-05-04 00:00:00-04:00,41.8371649912268,43.245428609444815,41.81838771321594,43.1468505859375,224805200
2018-05-07 00:00:00-04:00,43.463706525898886,44.04813720028736,43.36278268851024,43.459014892578125,169805600
2018-05-08 00:00:00-04:00,43.41911505261652,43.70780808695571,43.10929534247727,43.66790771484375,113611200
2018-05-09 00:00:00-04:00,43.78527251956743,43.98477442343587,43.47310692497295,43.97538757324219,92844800
2018-05-10 00:00:00-04:00,44.0645728909975,44.68185938348441,44.043446213428126,44.60440444946289,111957200
2018-05-11 00:00:00-04:00,44.646817320397844,44.78111639096404,44.16615931102086,44.43476104736328,104848800
2018-05-14 00:00:00-04:00,44.53371481746541,44.656235967916004,44.262758245240285,44.331085205078125,83115200
2018-05-15 00:00:00-04:00,44.00830061465196,44.076631181678145,43.61246796024898,43.928192138671875,94780800
2018-05-16 00:00:00-04:00,43.84100824044488,44.40412953249525,43.82451341829647,44.33815383911133,76732400
2018-05-17 00:00:00-04:00,44.29574794788918,44.510159080061804,43.90933837555642,44.057777404785156,69176000
2018-05-18 00:00:00-04:00,44.104899251623095,44.25097982122303,43.85514720867744,43.89755630493164,73190800
2018-05-21 00:00:00-04:00,44.29574904119214,44.594981969565396,44.0389288058782,44.20857238769531,73603200
2018-05-22 00:00:00-04:00,44.385290823685054,44.50309868458647,44.008304230716284,44.09783935546875,60962800
2018-05-23 00:00:00-04:00,43.90698323730388,44.41355550927262,43.767967254278695,44.38056945800781,80233600
2018-05-24 00:00:00-04:00,44.47716935972642,44.493660586497064,43.87399384244604,44.331085205078125,92936000
2018-05-25 00:00:00-04:00,44.34992902647819,44.68450278963979,44.21327152965852,44.432395935058594,69844000
2018-05-29 00:00:00-04:00,44.201500640550265,44.472457219965484,44.02949861480413,44.27218246459961,90056400
2018-05-30 00:00:00-04:00,44.229768467955296,44.29574055989583,44.008289189922316,44.17793273925781,74762000
2018-05-31 00:00:00-04:00,44.111965976448204,44.349936508610654,43.857500621703196,44.02949905395508,109931200
2018-06-01 00:00:00-04:00,44.293393009412675,44.82823801484715,44.23684395189632,44.82352828979492,93770000
2018-06-04 00:00:00-04:00,45.15338689688778,45.57278250226014,45.0850599344167,45.19815444946289,105064800
2018-06-05 00:00:00-04:00,45.490314287367944,45.69529874796764,45.32302559759376,45.54685974121094,86264000
2018-06-06 00:00:00-04:00,45.622271460181125,45.72829781152777,45.219367010811325,45.704734802246094,83734400
2018-06-07 00:00:00-04:00,45.74243130384017,45.756567670436446,45.318322329900795,45.58221435546875,85388800
2018-06-08 00:00:00-04:00,45.04265402342088,45.23821549056052,44.71279347355301,45.16753005981445,106627200
2018-06-11 00:00:00-04:00,45.08505045863021,45.231130992996015,44.81644879484294,45.0567741394043,73234000
2018-06-12 00:00:00-04:00,45.09449753368609,45.38194903174522,45.037948460306744,45.304195404052734,67644400
2018-06-13 00:00:00-04:00,45.337174592969205,45.44555940171566,44.870656492735385,44.931915283203125,86553600
2018-06-14 00:00:00-04:00,45.132186622912144,45.13689994342156,44.81881732042377,44.955474853515625,86440400
2018-06-15 00:00:00-04:00,44.7740470200036,44.8046782086226,44.357006263123864,44.4936637878418,246876800
2018-06-18 00:00:00-04:00,44.26746699665913,44.58319108715091,44.10724649411106,44.470096588134766,73939600
2018-06-19 00:00:00-04:00,43.62189455131984,43.90227783524535,43.22370340659945,43.75148391723633,134314000
2018-06-20 00:00:00-04:00,43.90699230036049,44.10726351180362,43.76090810442532,43.94233322143555,82514800
2018-06-21 00:00:00-04:00,44.11903902665944,44.37821773005367,43.57476734474176,43.697288513183594,102847600
2018-06-22 00:00:00-04:00,43.852787370982426,43.85985555346904,43.51821355084701,43.57004928588867,108801600
2018-06-25 00:00:00-04:00,43.21191781471853,43.5700546843232,42.58282432899554,42.92211151123047,126652400
2018-06-26 00:00:00-04:00,43.11530634927581,43.94938411540659,43.00927643734278,43.45458984375,98276800
2018-06-27 00:00:00-04:00,43.64308281062371,44.126095578607035,43.36034476930958,43.39097595214844,101141200
2018-06-28 00:00:00-04:00,43.37683892737374,43.873988050554196,43.30615351932165,43.70669937133789,69460800
2018-06-29 00:00:00-04:00,43.89285102711627,44.10490733287168,43.09647233589699,43.61482620239258,90950800
2018-07-02 00:00:00-04:00,43.31087386848866,44.130815387435966,43.21662544405176,44.1025390625,70925200
2018-07-03 00:00:00-04:00,44.24626991591381,44.28396929007822,43.24490320913668,43.33443832397461,55819200
2018-07-05 00:00:00-04:00,43.65015756585503,43.92111774246245,43.41925521678168,43.683143615722656,66416800
2018-07-06 00:00:00-04:00,43.68785278271046,44.39705458505111,43.63601705281612,44.288673400878906,69940800
2018-07-09 00:00:00-04:00,44.649171565377365,44.92719634335544,44.6020491482026,44.90363693237305,79026400
2018-07-10 00:00:00-04:00,44.93426330823316,45.06856236255624,44.809383703042094,44.84944152832031,63756400
2018-07-11 00:00:00-04:00,44.41355187208477,44.71513962901053,44.20385407867217,44.26747131347656,75326000
2018-07-12 00:00:00-04:00,44.65624289633007,45.09920155846209,44.60440715522057,45.009666442871094,72164400
2018-07-13 00:00:00-04:00,45.02144504787517,45.20051167231687,44.97903235551187,45.08034896850586,50055600
2018-07-16 00:00:00-04:00,45.12511762037944,45.391360903359555,44.86593892521994,44.98139190673828,60172400
2018-07-17 00:00:00-04:00,44.708073766542675,45.207577840766284,44.57848442788754,45.108619689941406,62138000
2018-07-18 00:00:00-04:00,45.1863682402803,45.191081559852485,44.75047785769445,44.8612174987793,65573600
2018-07-19 00:00:00-04:00,44.69393159004951,45.36779246822645,44.69393159004951,45.209930419921875,81147200
2018-07-20 00:00:00-04:00,45.18638213243153,45.33953091112191,44.80704068245835,45.10627365112305,82704800
2018-07-23 00:00:00-04:00,44.927192096118354,45.228783446987535,44.66330370871866,45.14631652832031,63957600
2018-07-24 00:00:00-04:00,45.344238015820956,45.62933457754806,45.24999317957946,45.47382736206055,74791600
2018-07-25 00:00:00-04:00,45.48796680446535,45.909720923914165,45.339527761896065,45.902652740478516,66839600
2018-07-26 00:00:00-04:00,45.85315976526376,46.17124231679987,45.61754412566942,45.758914947509766,76304000
2018-07-27 00:00:00-04:00,45.942700152902404,45.98982256720947,44.790539686327264,44.99787902832031,96096000
2018-07-30 00:00:00-04:00,45.21465391303347,45.28533934601686,44.547864608639095,44.74578094482422,84118000
2018-07-31 00:00:00-04:00,44.83765890299014,45.271190836033,44.61146629715371,44.83530044555664,157492000
2018-08-01 00:00:00-04:00,46.91815445381714,47.5378212863695,46.48933216360012,47.4765625,271742800
2018-08-02 00:00:00-04:00,47.25979195423673,49.097594916163985,47.20560135629759,48.86433410644531,249616000
2018-08-03 00:00:00-04:00,48.7795141514494,49.182418547865296,48.41430912684515,49.005706787109375,133789600
2018-08-06 00:00:00-04:00,49.008059489642534,49.302579077921635,48.78893864166359,49.260169982910156,101701600
2018-08-07 00:00:00-04:00,49.31907110165512,49.36148019425983,48.71589199911434,48.79835891723633,102349600
2018-08-08 00:00:00-04:00,48.548621707361086,48.963304096363274,48.18812992940101,48.83135986328125,90102000
2018-08-09 00:00:00-04:00,49.368545611656835,49.4274495226711,48.819560729578775,49.215396881103516,93970400
2018-08-10 00:00:00-04:00,49.02862242410072,49.4400328797773,48.865476836370014,49.068817138671875,98444800
2018-08-13 00:00:00-04:00,49.48967042478114,49.877435128986555,49.10899869137438,49.38563537597656,103563600
2018-08-14 00:00:00-04:00,49.69065012134938,49.78522547543453,49.241408169898676,49.59370803833008,82992000
2018-08-15 00:00:00-04:00,49.46839996655359,49.82779284898479,49.25796671198787,49.709571838378906,115230400
2018-08-16 00:00:00-04:00,50.066597106681336,50.55366708451775,50.00039363053768,50.43781280517578,114001600
2018-08-17 00:00:00-04:00,50.46619080521633,51.532543132376475,50.39998732105406,51.44506072998047,141708000
2018-08-20 00:00:00-04:00,51.56802028531692,51.82337456274885,50.86105715093025,50.94381332397461,121150800
2018-08-21 00:00:00-04:00,51.260634158592694,51.3528464083779,50.60568870827155,50.8444938659668,104639200
2018-08-22 00:00:00-04:00,50.622239772637556,51.15659745852468,50.560762536189785,50.846858978271484,76072400
2018-08-23 00:00:00-04:00,50.7522793586269,51.31974238483337,50.74046014360053,50.95089340209961,75532800
2018-08-24 00:00:00-04:00,51.213352865683774,51.28428259912692,50.861052889031185,51.109317779541016,73905600
2018-08-27 00:00:00-04:00,51.34338303977495,51.71932859234506,51.14950246004533,51.530174255371094,82100400
2018-08-28 00:00:00-04:00,51.783170179590904,52.14492621424723,51.761891261745056,51.94631576538086,91107200
2018-08-29 00:00:00-04:00,52.0527085641898,52.8424276423776,51.8777437807323,52.721839904785156,109019200
2018-08-30 00:00:00-04:00,52.78566892835062,53.97024187961914,52.58469181405162,53.20653533935547,195175200
2018-08-31 00:00:00-04:00,53.55647918343615,54.11448247965439,53.43589505535609,53.82129669189453,173360400
2018-09-04 00:00:00-04:00,54.005711675140766,54.18776939590025,53.584845253725106,53.99388885498047,109560400
2018-09-05 00:00:00-04:00,54.14284956250599,54.30362837496612,53.22309041713026,53.6415901184082,133332000
2018-09-06 00:00:00-04:00,53.49027078929188,53.75508827339755,52.32461350158914,52.75020980834961,137160000
2018-09-07 00:00:00-04:00,52.45465165211335,53.286924775627575,52.185107954919445,52.324607849121094,150479200
2018-09-10 00:00:00-04:00,52.24186387354506,52.45466385736109,51.18260462853595,51.62238693237305,158066000
2018-09-11 00:00:00-04:00,51.54671589005231,53.033937997206316,51.203875733106486,52.92753982543945,142996000
2018-09-12 00:00:00-04:00,53.18527415765987,53.19946010310294,51.97941828552849,52.27024459838867,197114800
2018-09-13 00:00:00-04:00,52.849508344260755,53.99152345339597,52.624889201976075,53.5328254699707,166825600
2018-09-14 00:00:00-04:00,53.37679902073529,53.63452001945478,52.61309212024056,52.925193786621094,127997200
2018-09-17 00:00:00-04:00,52.5255883134687,52.714742633075524,51.371753818722354,51.51598358154297,148780400
2018-09-18 00:00:00-04:00,51.49469533361137,52.45465276750049,51.33627964580432,51.601097106933594,126286800
2018-09-19 00:00:00-04:00,51.662586001449505,51.9273999330875,50.90597219118434,51.6318473815918,108495200
2018-09-20 00:00:00-04:00,52.07399599891171,52.55633617131596,51.816271434307,52.02434158325195,106435200
2018-09-21 00:00:00-04:00,52.20166812140533,52.33880492393241,51.37648418489235,51.46397018432617,384986800
2018-09-24 00:00:00-04:00,51.265365127852924,52.31516476068613,51.220440562753595,52.204036712646484,110773600
2018-09-25 00:00:00-04:00,51.958130371548314,52.68400905547717,51.946307549786276,52.53504943847656,98217600
2018-09-26 00:00:00-04:00,52.253691077014246,52.90390668996351,51.96050164726947,52.116554260253906,95938800
2018-09-27 00:00:00-04:00,52.920445089288755,53.539921915292425,52.85423801645415,53.1876220703125,120724800
2018-09-28 00:00:00-04:00,53.14980117088278,53.39806601850307,52.96774340940435,53.37442398071289,91717600
2018-10-01 00:00:00-04:00,53.896959816847335,54.24452988828253,53.518654734943205,53.73381423950195,94403200
2018-10-02 00:00:00-04:00,53.73144499079402,54.38166049673322,53.58485210395696,54.211421966552734,99152800
2018-10-03 00:00:00-04:00,54.393495051214735,55.202126440086474,54.32965468667187,54.87110900878906,114619200
2018-10-04 00:00:00-04:00,54.56609722279109,54.93731298129252,53.60850617745029,53.90642547607422,128168000
2018-10-05 00:00:00-04:00,53.899327312763546,54.00572550581806,52.15438395852076,53.03158187866211,134322000
2018-10-08 00:00:00-04:00,52.53977383107797,53.15215769186115,52.06452314346974,52.90862274169922,118655600
2018-10-09 00:00:00-04:00,52.87788354358608,53.73616907381262,52.54922934016951,53.6415901184082,107564000
2018-10-10 00:00:00-04:00,53.30820910217498,53.51864231494605,51.08328925859234,51.156585693359375,167962400
2018-10-11 00:00:00-04:00,50.72154687603227,51.89902721215979,50.20137511528744,50.704994201660156,212497600
2018-10-12 00:00:00-04:00,52.11655615761714,52.69820518727146,51.270093186822955,52.516143798828125,161351600
2018-10-15 00:00:00-04:00,52.29151237472821,52.449928078120834,51.37175316034392,51.39303207397461,123164000
2018-10-16 00:00:00-04:00,51.764241699309125,52.72419918257883,51.251163028216794,52.52558517456055,116736000
2018-10-17 00:00:00-04:00,52.561061472294256,52.64145089276612,51.86119150958556,52.29861068725586,91541600
2018-10-18 00:00:00-04:00,51.51127020008062,51.95578245209896,50.36216158027425,51.07621765136719,130325200
2018-10-19 00:00:00-04:00,51.5585467461468,52.315160495072206,51.40958711776718,51.85409927368164,132314800
2018-10-22 00:00:00-04:00,51.967588678689886,52.81168840057024,51.766615131446095,52.170928955078125,115168400
2018-10-23 00:00:00-04:00,51.03127894622945,52.785678210129554,50.76409832307149,52.66272735595703,155071200
2018-10-24 00:00:00-04:00,52.63198967990546,53.01738767953561,50.726264164214655,50.85630798339844,163702000
2018-10-25 00:00:00-04:00,51.47580005736859,52.34354194395916,51.24881410296684,51.96996307373047,119423200
2018-10-26 00:00:00-04:00,51.04783130446249,52.062169603151254,50.284124580632735,51.14241027832031,189033600
2018-10-29 00:00:00-04:00,51.825716512907476,51.94393749911957,48.72832523102341,50.18244552612305,183742000
2018-10-30 00:00:00-04:00,49.924726306779235,50.87758726765469,49.48021780499368,50.43307876586914,146640000
2018-10-31 00:00:00-04:00,51.27954933650239,52.123645519315744,51.21807209884028,51.747703552246094,153435600
2018-11-01 00:00:00-04:00,51.79262026173322,52.57524269602282,51.26298888864335,52.54214096069336,233292800
2018-11-02 00:00:00-04:00,49.54642446027015,50.51583454720711,48.57228091507329,49.05698776245117,365314800
2018-11-05 00:00:00-05:00,48.305108099645274,48.32638701675462,46.85571728176754,47.66434860229492,264654800
2018-11-06 00:00:00-05:00,47.74237132513075,48.4044096899324,47.68799067176834,48.17979049682617,127531600
2018-11-07 00:00:00-05:00,48.69995317425184,49.666999972123655,48.26490081242731,49.6409912109375,133697600
2018-11-08 00:00:00-05:00,49.82131798374514,49.85453521515348,49.054946674562586,49.46779251098633,101450400
2018-11-09 00:00:00-05:00,48.77023347938126,48.87937427397922,47.987251640765706,48.51398468017578,137463200
2018-11-12 00:00:00-05:00,47.21611762163437,47.417795954110254,45.97995536127528,46.07011795043945,204542000
2018-11-13 00:00:00-05:00,45.46747474101187,46.784303647550004,45.42476479992899,45.609832763671875,187531600
2018-11-14 00:00:00-05:00,46.00608533619805,46.14370067696437,44.11506642010143,44.32149124145508,243204000
2018-11-15 00:00:00-05:00,44.698732002376936,45.54814833515879,44.34520285307609,45.415279388427734,185915200
2018-11-16 00:00:00-05:00,45.19935158030532,46.25993508024734,44.95259555835742,45.918270111083984,147713200
2018-11-19 00:00:00-05:00,45.08071555395701,45.24680167665356,43.8920095682225,44.09843063354492,167701200
2018-11-20 00:00:00-05:00,42.32131328103685,43.056842423109295,41.642729521839435,41.991512298583984,271300800
2018-11-21 00:00:00-05:00,42.643994348703465,42.77212054847709,41.889487071573676,41.94405746459961,124496800
2018-11-23 00:00:00-05:00,41.507486637209176,41.901350698379524,40.83364927354388,40.878726959228516,94496000
2018-11-26 00:00:00-05:00,41.341390103104544,41.50984759156236,40.3970651397603,41.431549072265625,179994000
2018-11-27 00:00:00-05:00,40.6936511706504,41.46714370440458,40.54417546181573,41.341392517089844,165549600
2018-11-28 00:00:00-05:00,41.932188199568884,43.01412494171261,41.50510695387888,42.93108367919922,184250000
2018-11-29 00:00:00-05:00,43.33918830928703,43.37240554234032,42.16234247178632,42.601287841796875,167080000
2018-11-30 00:00:00-05:00,42.77686405200895,42.78635675904082,42.003374967632006,42.37113952636719,158126000
2018-12-03 00:00:00-05:00,43.766256891696464,43.88014399759351,42.99513941516587,43.8516731262207,163210000
2018-12-04 00:00:00-05:00,42.93347443571726,43.275139586577524,41.82306631582947,41.9227180480957,165377200
2018-12-06 00:00:00-05:00,40.75297981442607,41.469527189200136,40.43504289397928,41.455291748046875,172393600
2018-12-07 00:00:00-05:00,41.16345841264806,41.400725443078066,39.93204194545113,39.97712326049805,169126400
2018-12-10 00:00:00-05:00,39.14904532256053,40.3567331851287,38.7528099649567,40.240474700927734,248104000
2018-12-11 00:00:00-05:00,40.72926436066037,40.760106616561835,39.62359899291814,40.010345458984375,189126800
2018-12-12 00:00:00-05:00,40.430300935727146,40.79094783925062,40.10287489238267,40.121856689453125,142510800
2018-12-13 00:00:00-05:00,40.451646423760494,40.945162148551596,40.228614895975355,40.560787200927734,127594400
2018-12-14 00:00:00-05:00,40.09811245786843,40.11709424732682,39.21547916028759,39.26293182373047,162814800
2018-12-17 00:00:00-05:00,39.255816656585765,39.94389299264908,38.610450254681176,38.897544860839844,177151600
2018-12-18 00:00:00-05:00,39.23921261031191,39.749335147040604,39.00431700694578,39.40292739868164,135366000
2018-12-19 00:00:00-05:00,39.38631585646059,39.73035222871584,37.746800273297104,38.17388153076172,196189200
2018-12-20 00:00:00-05:00,38.057631813758896,38.46336004562786,36.847572080543415,37.21059036254883,259092000
2018-12-21 00:00:00-05:00,37.217700060216195,37.52614787017046,35.50226074249866,35.76325225830078,382978400
2018-12-24 00:00:00-05:00,35.15111176377815,35.95782190038735,34.7809757476291,34.837921142578125,148676800
2018-12-26 00:00:00-05:00,35.18669870684758,37.30549139242431,34.811816392339566,37.291255950927734,234330000
2018-12-27 00:00:00-05:00,36.97568411541755,37.196344282393845,35.60665629115876,37.04923629760742,212468400
2018-12-28 00:00:00-05:00,37.3695483010569,37.61156162757762,36.66961145378511,37.06821823120117,169165600
2018-12-31 00:00:00-05:00,37.61393391895783,37.81086594612177,37.12753588756801,37.42649459838867,140014000
2019-01-02 00:00:00-05:00,36.75028523353009,37.6898641400753,36.59368814570471,37.46920394897461,148158800
2019-01-03 00:00:00-05:00,34.16170976436273,34.57455574581666,33.6919220064379,33.737003326416016,365248800
2019-01-04 00:00:00-05:00,34.29218807923009,35.24600212306086,34.118984239216005,35.17719268798828,234428400
2019-01-07 00:00:00-05:00,35.28159258063865,35.31243844078,34.6172444372352,35.09889602661133,219111200
2019-01-08 00:00:00-05:00,35.48566080598781,36.021886677011715,35.23890465732075,35.768009185791016,164101200
2019-01-09 00:00:00-05:00,35.89611269551247,36.66485886166989,35.50225233829682,36.37539291381836,180396400
2019-01-10 00:00:00-05:00,36.18322463099874,36.53200747936951,35.794106819127585,36.49167251586914,143122800
2019-01-11 00:00:00-05:00,36.273378795691265,36.46793584598435,35.94832055566885,36.13338851928711,108092800
2019-01-14 00:00:00-05:00,35.79172814036254,35.891379845195914,35.404981774617916,35.590049743652344,129756800
2019-01-15 00:00:00-05:00,35.65412526522925,36.394397399203584,35.60192621779174,36.31847381591797,114843600
2019-01-16 00:00:00-05:00,36.32082550514894,36.985173695900976,36.30184371450958,36.762142181396484,122278800
2019-01-17 00:00:00-05:00,36.58657033252364,37.40751573779752,36.363538775351834,36.98043441772461,119284800
2019-01-18 00:00:00-05:00,37.369553633249645,37.45971625451414,37.00890676859886,37.208213806152344,135004000
2019-01-22 00:00:00-05:00,37.1109204505518,37.18684398361829,36.211676781193205,36.37302017211914,121576000
2019-01-23 00:00:00-05:00,36.57470818551413,36.80960382903162,35.99340473442524,36.520137786865234,92522400
2019-01-24 00:00:00-05:00,36.56521442488471,36.65300204893597,36.00289284093378,36.23066711425781,101766000
2019-01-25 00:00:00-05:00,36.890275378715764,37.519035156053725,36.615048386108995,37.431243896484375,134142000
2019-01-28 00:00:00-05:00,36.96382275590851,37.09194895785594,36.4584465294026,37.08483123779297,104768400
2019-01-29 00:00:00-05:00,37.07295404789019,37.51901698952422,36.56520301406651,36.700443267822266,166348800
2019-01-30 00:00:00-05:00,38.73383245886544,39.42190521671021,38.01728520303353,39.20836639404297,244439200
2019-01-31 00:00:00-05:00,39.4124355280536,40.0981372570411,39.04467082321208,39.4907341003418,162958400
2019-02-01 00:00:00-05:00,39.61409500678469,40.09337168073329,39.369706696277575,39.50969696044922,130672400
2019-02-04 00:00:00-05:00,39.72087632465673,40.729261252002615,39.69003045070155,40.631980895996094,125982000
2019-02-05 00:00:00-05:00,41.01397692943241,41.54070999970741,40.89297205344229,41.32716751098633,144406400
2019-02-06 00:00:00-05:00,41.43866921001204,41.656957978594825,41.01159161859167,41.341392517089844,112958400
2019-02-07 00:00:00-05:00,40.904826038437854,41.27021921626802,40.41605663729461,40.55841827392578,126966800
2019-02-08 00:00:00-05:00,40.26773054132337,40.66566553206644,40.131906524564286,40.60609436035156,95280000
2019-02-11 00:00:00-05:00,40.75858597472105,40.79671238747757,40.32967292104731,40.372562408447266,83973600
2019-02-12 00:00:00-05:00,40.53220813832866,40.74666280397595,40.43689212564779,40.72045135498047,89134000
2019-02-13 00:00:00-05:00,40.83960316682641,41.09933254456883,40.48932446490647,40.55127716064453,89960800
2019-02-14 00:00:00-05:00,40.439287190333225,40.80862546752188,40.36065282411193,40.69901657104492,87342800
2019-02-15 00:00:00-05:00,40.80624378561589,40.913471144288906,40.44881683274918,40.60846710205078,98507200
2019-02-19 00:00:00-05:00,40.4392766336708,40.851507928428646,40.38685373654159,40.72998046875,75891200
2019-02-20 00:00:00-05:00,40.791933976908496,41.299481247841676,40.74427779259907,40.99209213256836,104457600
2019-02-21 00:00:00-05:00,40.93729918557291,41.0731195307499,40.57987224909108,40.76096725463867,68998800
2019-02-22 00:00:00-05:00,40.88486811040405,41.223231773038286,40.83721192224632,41.21608352661133,75652800
2019-02-25 00:00:00-05:00,41.499648872153486,41.90711352229098,41.449607503854075,41.516326904296875,87493600
2019-02-26 00:00:00-05:00,41.39242582162674,41.7712975211783,41.26375008174526,41.5401611328125,68280800
2019-02-27 00:00:00-05:00,41.273273603636405,41.69980140101289,41.158894387635335,41.6688232421875,111341600
2019-02-28 00:00:00-05:00,41.537772157173244,41.67835919496109,41.20417154412631,41.258975982666016,112861600
2019-03-01 00:00:00-05:00,41.52823291281517,41.73553931695009,41.197017519159516,41.692649841308594,103544800
2019-03-04 00:00:00-05:00,41.86421734557429,42.35508298576963,41.45436758783305,41.90234375,109744800
2019-03-05 00:00:00-05:00,41.9237931397582,41.938089634020294,41.59019251792692,41.82609558105469,78949600
2019-03-06 00:00:00-05:00,41.62116756354591,41.81656266632499,41.447220836488704,41.585426330566406,83241600
2019-03-07 00:00:00-05:00,41.43054421304361,41.566368186765395,40.989719863594985,41.104095458984375,99185600
2019-03-08 00:00:00-05:00,40.58462987503848,41.239912445241174,40.389234781584264,41.201786041259766,95997600
2019-03-11 00:00:00-04:00,41.81656828662146,42.68153896438816,41.78320858604554,42.62911605834961,128044000
2019-03-12 00:00:00-04:00,42.89122670675174,43.52744613325643,42.74110624977912,43.10806655883789,129870400
2019-03-13 00:00:00-04:00,43.42736286383217,43.67756238941142,43.11044394955633,43.29869079589844,124130000
2019-03-14 00:00:00-04:00,43.82053342503637,43.86819325045519,43.501232955961775,43.780025482177734,94318000
2019-03-15 00:00:00-04:00,44.04690664893718,44.63785139707803,43.7824106162076,44.349525451660156,156171600
2019-03-18 00:00:00-04:00,44.273276908909104,44.890433115459594,44.27089173604565,44.802268981933594,104879200
2019-03-19 00:00:00-04:00,44.8809110601797,45.03341307639729,44.30187752445981,44.44723129272461,126585600
2019-03-20 00:00:00-04:00,44.37574491965877,45.15255512807773,44.01831798035479,44.835636138916016,124140800
2019-03-21 00:00:00-04:00,45.27882638341113,46.78240115191629,45.22878503343353,46.4869270324707,204136800
2019-03-22 00:00:00-04:00,46.54651613890854,47.106486442351226,45.45993886884796,45.52427673339844,169630800
2019-03-25 00:00:00-04:00,45.633888431682614,45.745882499269285,44.46391365530103,44.97384262084961,175381200
2019-03-26 00:00:00-04:00,45.66963053267575,45.96033805607303,43.98257500926579,44.50918197631836,199202000
2019-03-27 00:00:00-04:00,44.97621952108113,45.21688566494624,44.45199411345279,44.90950012207031,119393600
2019-03-28 00:00:00-04:00,45.02386341699591,45.169217132837865,44.68549980416933,44.969058990478516,83121600
2019-03-29 00:00:00-04:00,45.23355682812209,45.29312796597149,44.926167720696284,45.262149810791016,94256000
2019-04-01 00:00:00-04:00,45.66486194899173,45.67439173346239,44.88805543895594,45.569549560546875,111448000
2019-04-02 00:00:00-04:00,45.533803597504026,46.33682517645646,45.52427381326158,46.23197937011719,91062800
2019-04-03 00:00:00-04:00,46.0485014625707,46.822926454826096,46.02467154689668,46.54890060424805,93087200
2019-04-04 00:00:00-04:00,46.41545501139502,46.791945110655476,46.02228688104425,46.629913330078125,76457200
2019-04-05 00:00:00-04:00,46.81100893546065,46.96589610699699,46.687099925418465,46.94206619262695,74106400
2019-04-08 00:00:00-04:00,46.8038588026213,47.7117225101516,46.78479559908021,47.680747985839844,103526800
2019-04-09 00:00:00-04:00,47.73316823079818,48.33602791999754,47.47343527844449,47.53777313232422,143072800
2019-04-10 00:00:00-04:00,47.342384260292086,47.833253607870596,47.22324195607037,47.804656982421875,86781200
2019-04-11 00:00:00-04:00,47.85946981978605,47.89521106023314,47.285202983703144,47.4067268371582,83603200
2019-04-12 00:00:00-04:00,47.46628769869107,47.69027578606465,46.75381913013985,47.38765335083008,111042800
2019-04-15 00:00:00-04:00,47.31856613921334,47.621188662173395,47.182742143734544,47.47344970703125,70146400
2019-04-16 00:00:00-04:00,47.52824418170382,47.983364968636586,47.3137858769923,47.47820281982422,102785600
2019-04-17 00:00:00-04:00,47.54730369870625,48.462319253167394,47.325700783597725,48.402748107910156,115627200
2019-04-18 00:00:00-04:00,48.40036639173176,48.64579923684503,48.25739781446443,48.576698303222656,96783200
2019-04-22 00:00:00-04:00,48.331267903197975,48.83404857594951,48.214507135311784,48.736351013183594,77758000
2019-04-23 00:00:00-04:00,48.71251655805477,49.50362313511346,48.58622601734535,49.43928527832031,93292000
2019-04-24 00:00:00-04:00,49.41068566398058,49.67756320312822,49.336818033390344,49.36302947998047,70162400
2019-04-25 00:00:00-04:00,49.28440380449955,49.50600673522847,48.8769355424073,48.915061950683594,74172800
2019-04-26 00:00:00-04:00,48.82450618641079,48.848336097417246,48.16207538289125,48.68153762817383,74596400
2019-04-29 00:00:00-04:00,48.705379310244844,49.07948794297143,48.57670720353527,48.75542068481445,88818800
2019-04-30 00:00:00-04:00,48.38605875058526,48.467074622632694,47.44483553232372,47.816558837890625,186139600
2019-05-01 00:00:00-04:00,50.01117521030859,51.30505889994742,49.8562880319381,50.16367721557617,259309200
2019-05-02 00:00:00-04:00,50.00164383738716,50.6712230384966,49.59417917290959,49.83722686767578,127985200
2019-05-03 00:00:00-04:00,50.251831720650216,50.47820133000278,50.09456303527242,50.456756591796875,83569600
2019-05-06 00:00:00-04:00,48.6791535903768,49.76334911963592,48.490910378399384,49.67756652832031,129772400
2019-05-07 00:00:00-04:00,49.05803373574075,49.42499041337888,47.854695800035216,48.33841323852539,155054800
2019-05-08 00:00:00-04:00,48.109657759852,48.92935733960514,48.073916525359294,48.34794235229492,105358000
2019-05-09 00:00:00-04:00,47.75222695826382,48.057230920723306,46.8610449825507,47.8284797668457,139634400
2019-05-10 00:00:00-04:00,47.223299584031466,47.56536064029775,46.11101077401089,47.165889739990234,164834800
2019-05-13 00:00:00-04:00,44.90065057528068,45.32403587911326,43.73812763352999,44.42463684082031,229722400
2019-05-14 00:00:00-04:00,44.58968277824102,45.3766564067439,44.350480579312546,45.12788772583008,146118800
2019-05-15 00:00:00-04:00,44.55619868228515,45.86702583004832,44.496398127096036,45.668487548828125,106178800
2019-05-16 00:00:00-04:00,45.426903496365576,46.03926071716833,45.17095531817391,45.467567443847656,132125600
2019-05-17 00:00:00-04:00,44.7140705245547,45.66370365738736,44.673406583972145,45.20922088623047,131516400
2019-05-20 00:00:00-04:00,43.89839107594167,44.09692935038118,43.12337459318291,43.7955322265625,154449200
2019-05-21 00:00:00-04:00,44.30503920599439,44.970021141517655,44.18065301915265,44.63513946533203,113459200
2019-05-22 00:00:00-04:00,44.17108348949689,44.42224655428425,43.66636665166303,43.72138214111328,118994400
2019-05-23 00:00:00-04:00,43.00857057058294,43.185577921397595,42.53255672055004,42.97508239746094,146118800
2019-05-24 00:00:00-04:00,43.104241988346736,43.56829490792796,42.726302019305706,42.81002426147461,94858800
2019-05-28 00:00:00-04:00,42.79806098088244,43.19752825231062,42.55646805143749,42.63301086425781,111792800
2019-05-29 00:00:00-04:00,42.20005178150852,42.900916127061286,42.09958729527348,42.4296875,113924800
2019-05-30 00:00:00-04:00,42.56602753223366,42.87220603302129,42.25984903144603,42.649749755859375,84873600
2019-05-31 00:00:00-04:00,42.15460420382392,42.57560242696121,41.85799580108924,41.877132415771484,108174400
2019-06-03 00:00:00-04:00,42.00391264942133,42.558859919788816,40.72896433762629,41.4537467956543,161584400
2019-06-04 00:00:00-04:00,41.96563498785348,43.01573251076257,41.74556939956014,42.97028350830078,123872000
2019-06-05 00:00:00-04:00,44.080184117507756,44.250019297013125,43.32908930449805,43.663970947265625,119093600
2019-06-06 00:00:00-04:00,43.79315335425661,44.364846650851824,43.570693338460366,44.30504608154297,90105200
2019-06-07 00:00:00-04:00,44.61360655057878,45.90769148933359,44.43659923654732,45.48430252075195,122737600
2019-06-10 00:00:00-04:00,45.881376473575656,46.73293577866847,45.835927468539325,46.0655632019043,104883600
2019-06-11 00:00:00-04:00,46.610948421278835,46.88363882764626,46.30955491422111,46.5989875793457,107731600
2019-06-12 00:00:00-04:00,46.393277552125554,46.87646713884036,46.259324870645045,46.450687408447266,73012800
2019-06-13 00:00:00-04:00,46.57267065219424,47.072602406865755,46.30955040496847,46.44110870361328,86698400
2019-06-14 00:00:00-04:00,45.8191886319466,46.30715958311369,45.52018583958195,46.10383987426758,75046000
2019-06-17 00:00:00-04:00,46.142102390137104,46.6348619824245,45.96748580812443,46.37891387939453,58676400
2019-06-18 00:00:00-04:00,46.89560444365913,47.90981970395543,46.694675418498946,47.469688415527344,106204000
2019-06-19 00:00:00-04:00,47.76390721258255,47.81175058622258,47.196999004330465,47.33095169067383,84496800
2019-06-20 00:00:00-04:00,47.9289444249456,47.98635426785553,47.369212143833636,47.711273193359375,86056000
2019-06-21 00:00:00-04:00,47.55341101332739,48.04377638657859,47.397927351110866,47.54862594604492,191202400
2019-06-24 00:00:00-04:00,47.49120806529403,47.87871815109603,47.40270441017317,47.50077819824219,72881600
2019-06-25 00:00:00-04:00,47.46489952077428,47.663437821269206,46.713804620677834,46.780784606933594,84281200
2019-06-26 00:00:00-04:00,47.30702234220642,48.07725375444767,47.20655785147097,47.7926025390625,104270000
2019-06-27 00:00:00-04:00,47.90981377120324,48.215995988213024,47.73759152091885,47.778255462646484,83598800
2019-06-28 00:00:00-04:00,47.52469551117032,47.720843084338505,47.13479837293914,47.34290313720703,124442400
2019-07-01 00:00:00-04:00,48.59872246403011,48.914471197496404,47.9959317500997,48.21121597290039,109012000
2019-07-02 00:00:00-04:00,48.177720388644275,48.5891485023053,48.165759547562075,48.493465423583984,67740800
2019-07-03 00:00:00-04:00,48.62502883489124,48.90250429660593,48.483900395720205,48.895328521728516,45448000
2019-07-05 00:00:00-04:00,48.6417651514746,49.05558390419779,48.53412124966637,48.85226058959961,69062000
2019-07-08 00:00:00-04:00,48.034190594932134,48.17531900929946,47.46010680601736,47.84522247314453,101354400
2019-07-09 00:00:00-04:00,47.64908366307894,48.20164023244244,47.555794939029724,48.13705825805664,82312000
2019-07-10 00:00:00-04:00,48.28297103527144,48.73266874059022,48.21360034539757,48.613067626953125,71588400
2019-07-11 00:00:00-04:00,48.63221103397268,48.89054991349479,48.24948960685378,48.259056091308594,80767200
2019-07-12 00:00:00-04:00,48.426486993480296,48.797251151333036,48.36668644059876,48.62981033325195,70380800
2019-07-15 00:00:00-04:00,48.81878002796971,49.24455968604115,48.797252704231944,49.08668899536133,67789600
2019-07-16 00:00:00-04:00,48.93837836621987,49.30196674070282,48.6776488381085,48.91685104370117,67467200
2019-07-17 00:00:00-04:00,48.80920639335762,49.05797505883854,48.622628981763015,48.64176559448242,56430000
2019-07-18 00:00:00-04:00,48.79725175606653,49.246953087288276,48.72549036173215,49.19432830810547,74162400
2019-07-19 00:00:00-04:00,49.2254225596,49.39525773939744,48.40496070844038,48.45997619628906,83717200
2019-07-22 00:00:00-04:00,48.71352835732806,49.569872702739694,48.70396187494887,49.567481994628906,89111600
2019-07-23 00:00:00-04:00,49.86409602597792,49.97173629421098,49.5842262186613,49.95499038696289,73420800
2019-07-24 00:00:00-04:00,49.67512729577653,50.029145578681785,49.5555261792605,49.914329528808594,59966400
2019-07-25 00:00:00-04:00,49.966960382445144,50.05068263415217,49.45028262034111,49.5196533203125,55638400
2019-07-26 00:00:00-04:00,49.62967672847252,50.1678817358878,49.54834884778114,49.691871643066406,70475600
2019-07-29 00:00:00-04:00,49.864094780283324,50.385553851109734,49.859309714055385,50.15591812133789,86693600
2019-07-30 00:00:00-04:00,49.93585442943909,50.27073972938734,49.589011938368884,49.94063949584961,135742800
2019-07-31 00:00:00-04:00,51.768149068134655,52.95219944273716,50.54343475015479,50.95964431762695,277125600
2019-08-01 00:00:00-04:00,51.16535872118057,52.15326516054023,49.45267342174729,49.8569221496582,216071600
2019-08-02 00:00:00-04:00,49.163230311330075,49.3785108420285,48.230343145055464,48.80203628540039,163448400
2019-08-05 00:00:00-04:00,47.35964111669537,47.517511782159396,46.06555644186893,46.24734878540039,209572000
2019-08-06 00:00:00-04:00,46.957786951818015,47.37878519253508,46.414796893585645,47.12283706665039,143299200
2019-08-07 00:00:00-04:00,46.742503985009016,47.73519168066867,46.362173353172416,47.61080551147461,133457600
2019-08-08 00:00:00-04:00,47.888281812721345,48.684825611688794,47.694528606203654,48.66090393066406,108038000
2019-08-09 00:00:00-04:00,48.33434822690377,48.68490825834056,47.8517227401758,48.25991439819336,98478800
2019-08-12 00:00:00-04:00,47.93096696496544,48.514438725738295,47.818114477569125,48.1374626159668,89927600
2019-08-13 00:00:00-04:00,48.267127875565244,50.93716177711402,48.13746584722147,50.17601013183594,188874000
2019-08-14 00:00:00-04:00,48.78096824288931,49.568532297848215,48.64410316767906,48.68252182006836,146189600
2019-08-15 00:00:00-04:00,48.8530052642296,49.2563901473788,47.94298215754146,48.44001388549805,108909600
2019-08-16 00:00:00-04:00,49.04988469774485,49.74140568988817,48.944235250189195,49.58293151855469,110481600
2019-08-19 00:00:00-04:00,50.57218589365761,51.078820332819284,50.430521259871156,50.50735855102539,97654400
2019-08-20 00:00:00-04:00,50.634616760971866,51.227691316707656,50.50015516617898,50.50975799560547,107537200
2019-08-21 00:00:00-04:00,51.14125698244228,51.29972750063154,50.807502749106995,51.05721664428711,86141600
2019-08-22 00:00:00-04:00,51.189276167751544,51.48941498513007,50.60340461002002,51.01399612426758,89014800
2019-08-23 00:00:00-04:00,50.286449641445806,50.91554301125543,48.26231548209122,48.656097412109375,187272000
2019-08-26 00:00:00-04:00,49.429276152168,49.7486243868672,49.237186520133264,49.58054733276367,104174400
2019-08-27 00:00:00-04:00,49.90948253160488,50.07515974076012,48.86980125519638,49.02107238769531,103493200
2019-08-28 00:00:00-04:00,49.00666433648422,49.39564304574739,48.819378019890564,49.35002136230469,63755200
2019-08-29 00:00:00-04:00,50.06316401304191,50.260056872342915,49.62136047132866,50.18561935424805,83962000
2019-08-30 00:00:00-04:00,50.461745870992495,50.53137647269659,49.751015456218866,50.12078857421875,84573600
2019-09-03 00:00:00-04:00,49.56611865080238,49.69818045135938,49.03547532102372,49.390838623046875,80092000
2019-09-04 00:00:00-04:00,50.036742667870506,50.29846283883695,49.77982574387522,50.22883224487305,76752400
2019-09-05 00:00:00-04:00,50.903553620893206,51.37657278490871,50.785897861950716,51.21089553833008,95654800
2019-09-06 00:00:00-04:00,51.395763514644194,51.48460341781366,51.02599049966228,51.20607376098633,77449200
2019-09-09 00:00:00-04:00,51.585449746566866,51.969628837304214,50.68023385509005,51.42457580566406,109237600
2019-09-10 00:00:00-04:00,51.3501518092004,52.05127566981013,50.833914491991756,52.032066345214844,127111600
2019-09-11 00:00:00-04:00,52.36102145030546,53.71524770381324,52.27938090410862,53.686431884765625,177158400
2019-09-12 00:00:00-04:00,53.97697494678176,54.36595374868243,53.51115883577232,53.566383361816406,128906800
2019-09-13 00:00:00-04:00,52.82443464006696,53.014120770564304,52.10890468762575,52.524295806884766,159053200
2019-09-16 00:00:00-04:00,52.279389641889566,52.855658489704425,52.23857119387094,52.80043029785156,84632400
2019-09-17 00:00:00-04:00,52.814820498817916,53.021316118376966,52.61312446162296,52.99250030517578,73274800
2019-09-18 00:00:00-04:00,53.07895237436418,53.508753239988586,52.6899736146539,53.48954391479492,101360000
2019-09-19 00:00:00-04:00,53.307049108889316,53.72724341657254,52.91326716138404,53.054935455322266,88242400
2019-09-20 00:00:00-04:00,53.155796135159825,53.43912547264002,52.21696086112126,52.279388427734375,221652400
2019-09-23 00:00:00-04:00,52.57232581624124,52.78602455358315,52.26018064633163,52.5171012878418,76662000
2019-09-24 00:00:00-04:00,53.07173787565593,53.4223015730861,52.14971244827716,52.267364501953125,124763200
2019-09-25 00:00:00-04:00,52.4762724285388,53.18459931647141,52.13771495764018,53.071746826171875,87613600
2019-09-26 00:00:00-04:00,52.824431771617654,53.05013674812319,52.543502278670516,52.79801940917969,75334000
2019-09-27 00:00:00-04:00,52.95408716657338,53.05493702755311,52.17132649489073,52.541099548339844,101408000
2019-09-30 00:00:00-04:00,53.04052161178746,53.924132049896365,53.014109253653146,53.77766418457031,103909600
2019-10-01 00:00:00-04:00,54.04179249498683,54.79814079095974,53.832893402806675,53.926536560058594,139223200
2019-10-02 00:00:00-04:00,53.55917160743665,53.68403038252034,52.3274007167669,52.5747184753418,138449200
2019-10-03 00:00:00-04:00,52.447459000713295,53.05494337549281,51.65509540469614,53.02132797241211,114426000
2019-10-04 00:00:00-04:00,54.17865175845741,54.62285862206544,53.75845746297006,54.50760269165039,138478800
2019-10-07 00:00:00-04:00,54.3299328547412,55.20873658677315,54.22668318942507,54.51961898803711,122306000
2019-10-08 00:00:00-04:00,54.221885178414524,54.75973164617533,53.86411835463812,53.880924224853516,111820000
2019-10-09 00:00:00-04:00,54.51241683959961,54.6948999368784,54.17866259327657,54.51241683959961,74770400
2019-10-10 00:00:00-04:00,54.728513454537506,55.33119457436902,54.57724597451074,55.247154235839844,113013600
2019-10-11 00:00:00-04:00,55.933860949560014,57.05998221097819,55.7801900444844,56.71662521362305,166795600
2019-10-14 00:00:00-04:00,56.40208648570823,57.17764784685901,56.34686196781524,56.63499450683594,96427600
2019-10-15 00:00:00-04:00,56.759854250095415,57.06239287164702,56.39728786256741,56.50293731689453,87360000
2019-10-16 00:00:00-04:00,56.034714997954104,56.48372515630135,55.99389655879597,56.27482604980469,73903200
2019-10-17 00:00:00-04:00,56.44770259671815,56.70221970877233,56.07073017522385,56.493324279785156,67585200
2019-10-18 00:00:00-04:00,56.32766353896111,57.04559706565765,56.25562947432122,56.76466751098633,97433600
2019-10-21 00:00:00-04:00,57.0311814328969,57.864367125177715,56.9831599524487,57.74911117553711,87247200
2019-10-22 00:00:00-04:00,57.90518270314261,58.15489658740651,57.53540962798938,57.61705017089844,82293600
2019-10-23 00:00:00-04:00,58.130888664552984,58.40461512439032,57.91958976088768,58.39020538330078,75828800
2019-10-24 00:00:00-04:00,58.70954186813942,58.77917611292582,58.06124287244237,58.48624038696289,69275200
2019-10-25 00:00:00-04:00,58.385401792575365,59.242596306464485,58.318170993988126,59.206581115722656,73477200
2019-10-28 00:00:00-04:00,59.40828511149882,59.847688843365425,59.24020808221215,59.79966735839844,96572800
2019-10-29 00:00:00-04:00,59.7804471734003,59.967733495416816,58.24373795075097,58.4166145324707,142839600
2019-10-30 00:00:00-04:00,58.769586633499244,58.89924866845541,57.91719523037346,58.409420013427734,124522000
2019-10-31 00:00:00-04:00,59.36506765293137,59.82848030145837,56.968756318935924,59.73003387451172,139162000
2019-11-01 00:00:00-04:00,59.91730831812791,61.45161774300314,59.82606861277858,61.425209045410156,151125200
2019-11-04 00:00:00-05:00,61.78777591806556,61.912638359081036,61.31956374708165,61.82859802246094,103272000
2019-11-05 00:00:00-05:00,61.720555990265,61.99428616447251,61.54527957504271,61.739768981933594,79897600
2019-11-06 00:00:00-05:00,61.65331800351261,61.82619827037496,61.317163964504836,61.766170501708984,75864400
2019-11-07 00:00:00-05:00,62.31285217221587,62.700595407259684,62.16112687805122,62.479026794433594,94940400
2019-11-08 00:00:00-05:00,62.300799987400765,62.72225577985121,61.85767020757698,62.65000915527344,69986400
2019-11-11 00:00:00-05:00,62.206886797370636,63.211159215108815,62.20207280445758,63.14613723754883,81821200
2019-11-12 00:00:00-05:00,62.989602578419984,63.28823923680265,62.83788460192321,63.08834457397461,87388800
2019-11-13 00:00:00-05:00,62.888436196787694,63.76747117547861,62.87398687053245,63.692813873291016,102734400
2019-11-14 00:00:00-05:00,63.519417983025704,63.79155922463415,63.12204679068359,63.252098083496094,89182800
2019-11-15 00:00:00-05:00,63.502559746650064,64.00830825530088,63.341206473883005,64.00349426269531,100206400
2019-11-18 00:00:00-05:00,64.01312410296957,64.40568132510607,63.635023558282754,64.32621002197266,86703200
2019-11-19 00:00:00-05:00,64.51886222106107,64.54294688011666,63.91437917152046,64.1311264038086,76167200
2019-11-20 00:00:00-05:00,63.95051231825009,64.08055626785473,62.71263267859767,63.38455581665039,106234400
2019-11-21 00:00:00-05:00,63.50497200634929,63.58203998760828,62.900481512110325,63.10037612915039,121395200
2019-11-22 00:00:00-05:00,63.240067666749475,63.382157650570974,62.81861170894366,63.04499435424805,65325200
2019-11-25 00:00:00-05:00,63.26895253287637,64.16725825293672,63.22319387946589,64.15039825439453,84020400
2019-11-26 00:00:00-05:00,64.28768597078938,64.3406692976059,63.21839144748047,63.64948272705078,105207600
2019-11-27 00:00:00-05:00,63.960142519969104,64.53814504778033,63.89512054291369,64.50442504882812,65235600
2019-11-29 00:00:00-05:00,64.20579591584789,64.54295915794552,64.03721061999535,64.36233520507812,46617600
2019-12-02 00:00:00-05:00,64.36715556270056,64.6031735303105,63.44718305749584,63.61817169189453,94487200
2019-12-03 00:00:00-05:00,62.20930423351439,62.50311952452636,61.72282631052434,62.483856201171875,114430400
2019-12-04 00:00:00-05:00,62.87400131746364,63.41346255389857,62.7800733256157,63.03535461425781,67181600
2019-12-05 00:00:00-05:00,63.52908668060107,64.03483544082114,63.273805302990965,63.96017074584961,74424400
2019-12-06 00:00:00-05:00,64.41774268897909,65.26546863947017,64.37438734550834,65.19562530517578,106075600
2019-12-09 00:00:00-05:00,65.02463432244109,65.2172969657752,63.798800431426635,64.28287506103516,128042400
2019-12-10 00:00:00-05:00,64.68746036332061,65.04148360806178,64.02757585193183,64.65856170654297,90420400
2019-12-11 00:00:00-05:00,64.73802401273718,65.28953113493121,64.6633667099047,65.21005249023438,78756800
2019-12-12 00:00:00-05:00,64.48998371818132,65.64116022447391,64.3792030714425,65.3762435913086,137310400
2019-12-13 00:00:00-05:00,65.3762147954892,66.30100825788557,65.24857420340442,66.26488494873047,133587600
2019-12-16 00:00:00-05:00,66.71045505717711,67.62321027270899,66.70564106368182,67.39923095703125,128186000
2019-12-17 00:00:00-05:00,67.32939453528536,67.85922045100963,67.14394921761478,67.53169250488281,114158400
2019-12-18 00:00:00-05:00,67.38478014032236,67.89052873128885,67.22101616979477,67.37033081054688,116028400
2019-12-19 00:00:00-05:00,67.31250658669452,67.71710235790785,67.18005200015853,67.43773651123047,98369200
2019-12-20 00:00:00-05:00,67.96999593464518,68.07114122602003,67.08613954782287,67.2980728149414,275978000
2019-12-23 00:00:00-05:00,67.560591164887,68.45648637288053,67.52205716835296,68.39627838134766,98572000
2019-12-24 00:00:00-05:00,68.56244109414793,68.61061041883474,68.13617123413715,68.46128845214844,48478800
2019-12-26 00:00:00-05:00,68.59376152611499,69.83645533824492,68.5648628664668,69.81959533691406,93121200
2019-12-27 00:00:00-05:00,70.11099073385043,70.79736320865955,69.38849493923185,69.7930908203125,146266000
2019-12-30 00:00:00-05:00,69.71122313309827,70.4891130772608,68.69009788596185,70.20733642578125,144114400
2019-12-31 00:00:00-05:00,69.82441117567208,70.72753106158736,69.72566918619233,70.72030639648438,100805600
2020-01-02 00:00:00-05:00,71.34402432842471,72.39405500792273,71.0911538277646,72.33384704589844,135480400
2020-01-03 00:00:00-05:00,71.56322072155912,72.38927264137095,71.40668140593664,71.63065338134766,146322800
2020-01-06 00:00:00-05:00,70.75401351048198,72.23994237629597,70.50354624985978,72.20140838623047,118387200
2020-01-07 00:00:00-05:00,72.211041164577,72.4663224088167,71.64268136784916,71.8618392944336,108872000
2020-01-08 00:00:00-05:00,71.56562867701548,73.31888511458335,71.56562867701548,73.0178451538086,132079200
2020-01-09 00:00:00-05:00,73.99319481949146,74.76144921222713,73.7427349209394,74.56878662109375,170108400
2020-01-10 00:00:00-05:00,74.80241031619431,75.3009342510977,74.23645372460896,74.73738098144531,140644800
2020-01-13 00:00:00-05:00,75.05286332420356,76.36057889021191,74.93485068528152,76.3340835571289,121532000
2020-01-14 00:00:00-05:00,76.27147857331117,76.48100118582082,75.18051017572739,75.30332946777344,161954400
2020-01-15 00:00:00-05:00,75.10343270524221,75.98246770801262,74.54951490172726,74.98060607910156,121923600
2020-01-16 00:00:00-05:00,75.52248959606675,76.03064882750155,75.1612416745226,75.91986083984375,108829200
2020-01-17 00:00:00-05:00,76.16791647174253,76.76277166888072,75.86206254796348,76.76036834716797,137816400
2020-01-21 00:00:00-05:00,76.38950326386008,76.83022259346987,76.10291259365572,76.24018859863281,110843200
2020-01-22 00:00:00-05:00,76.72424743670398,77.0638214037391,76.41839347401398,76.51232147216797,101832400
2020-01-23 00:00:00-05:00,76.56531662094284,76.96027729950708,76.01862324900956,76.88080596923828,104472000
2020-01-24 00:00:00-05:00,77.12642473209515,77.86818383448923,76.46895092458591,76.65921020507812,146537600
2020-01-27 00:00:00-05:00,74.67234156024762,75.08416206919466,73.42483402812097,74.40502166748047,161940000
2020-01-28 00:00:00-05:00,75.28406920782065,76.68089158109271,75.18532722614749,76.50990295410156,162234000
2020-01-29 00:00:00-05:00,78.1379531691587,78.9567805812822,77.39859709116999,78.11145782470703,216229200
2020-01-30 00:00:00-05:00,77.19624029636718,78.05119039123741,76.76514924351044,77.99820709228516,126743200
2020-01-31 00:00:00-05:00,77.29019858022654,77.71165450707113,74.24608645041388,74.53990173339844,199588400
2020-02-03 00:00:00-05:00,73.285136141255,75.49838164593486,72.78420907837199,74.33516693115234,173788400
2020-02-04 00:00:00-05:00,75.9367288800473,76.97953543976107,75.53213292898627,76.78927612304688,136616400
2020-02-05 00:00:00-05:00,77.91393700101683,78.21257356762338,76.81334075627086,77.41542053222656,118826800
2020-02-06 00:00:00-05:00,77.68518356993593,78.32338692930988,77.12886221236752,78.32097625732422,105425600
2020-02-07 00:00:00-05:00,77.82126159942887,78.0699069624119,76.76632925971391,77.25637817382812,117684000
2020-02-10 00:00:00-05:00,75.84415588740227,77.62329864501953,75.7644959675757,77.62329864501953,109348800
2020-02-11 00:00:00-05:00,78.11817322586252,78.19059132825674,76.93770658748598,77.15496826171875,94323200
2020-02-12 00:00:00-05:00,77.60397618630914,78.99204618157108,77.60397618630914,78.98722076416016,113730400
2020-02-13 00:00:00-05:00,78.2606215155159,78.75067045270428,78.05784340706401,78.42477416992188,94747600
2020-02-14 00:00:00-05:00,78.3933688702963,78.69271421468866,77.93712009409066,78.4440689086914,80113600
2020-02-18 00:00:00-05:00,76.12899353565957,77.18875828805763,75.94794093607852,77.00770568847656,152531200
2020-02-19 00:00:00-05:00,77.24911404532844,78.3523297233802,77.24911404532844,78.12299346923828,93984000
2020-02-20 00:00:00-05:00,77.88401513292217,78.37164756799683,76.81700838375629,77.32154083251953,100566000
2020-02-21 00:00:00-05:00,76.91596137087494,77.35773378298828,74.95576665511149,75.57134246826172,129554000
2020-02-24 00:00:00-05:00,71.75960997813098,73.43011814732492,69.8211400810818,71.98169708251953,222195200
2020-02-25 00:00:00-05:00,72.65037937541128,73.03179362770307,69.07277807692655,69.54351043701172,230673600
2020-02-26 00:00:00-05:00,69.16937024336683,71.909302459132,69.16212843035991,70.64675903320312,198054800
2020-02-27 00:00:00-05:00,67.85850576335429,69.0413810989832,65.89347830358477,66.0286636352539,320605600
2020-02-28 00:00:00-05:00,62.103468343907636,67.20915102510166,61.88861568726967,65.99005889892578,426510000
2020-03-02 00:00:00-05:00,68.14337454443714,72.76866613954134,67.04257525684778,72.13377380371094,341397200
2020-03-03 00:00:00-05:00,73.3069988099028,73.38665871766685,68.99311238709194,69.84285736083984,319475600
2020-03-04 00:00:00-05:00,71.56164999828624,73.24181619852034,70.76260504877715,73.08248901367188,219178400
2020-03-05 00:00:00-05:00,71.33956494467967,72.31242082695749,70.34740002247567,70.71192169189453,187572800
2020-03-06 00:00:00-05:00,68.07579124975517,70.2049720207652,67.88991319528947,69.77285766601562,226176800
2020-03-09 00:00:00-04:00,63.670179502443226,67.1319051551366,63.48912685930832,64.25437927246094,286744800
2020-03-10 00:00:00-04:00,66.90257561810807,69.14762542571471,65.0268655374001,68.882080078125,285290000
2020-03-11 00:00:00-04:00,66.96294054735044,67.88751298901103,65.62797171834961,66.48978424072266,255598800
2020-03-12 00:00:00-04:00,61.784814276675704,65.17894700154001,59.86806983845157,59.92359161376953,418474000
2020-03-13 00:00:00-04:00,63.94537376560975,67.57366791219874,61.06301183278901,67.1029281616211,370732000
2020-03-16 00:00:00-04:00,58.40757346412376,62.54281272853614,57.93683739697829,58.470340728759766,322423600
2020-03-17 00:00:00-04:00,59.74977632698614,62.1879493594709,57.550590391518064,61.04128646850586,324056000
2020-03-18 00:00:00-04:00,57.881318208922394,60.35087498179023,57.24159672400037,59.547000885009766,300233600
2020-03-19 00:00:00-04:00,59.72081110917334,61.036459434063396,58.566902685612334,59.09074783325195,271857200
2020-03-20 00:00:00-04:00,59.67011183513416,60.7926402539027,55.03999474688709,55.33933639526367,401693200
2020-03-23 00:00:00-04:00,55.059304798459365,55.1606938155284,51.3247927605554,54.1636962890625,336752800
2020-03-24 00:00:00-04:00,57.05813597182242,59.793238287645494,56.56084531140466,59.59770202636719,287531200
2020-03-25 00:00:00-04:00,60.53193331315153,62.34245973328567,58.97488132854125,59.26939392089844,303602000
2020-03-26 00:00:00-04:00,59.51080257065681,62.446266859922645,59.47217711965345,62.38833236694336,252087200
2020-03-27 00:00:00-04:00,61.014739603264104,61.76791740598874,59.638740277699725,59.8053092956543,204216800
2020-03-30 00:00:00-04:00,60.52950610976303,61.68341437720142,60.206022667346865,61.51201629638672,167976400
2020-03-31 00:00:00-04:00,61.702735358357586,63.366001623216455,60.83368129501873,61.38649368286133,197002000
2020-04-01 00:00:00-04:00,59.50596558883749,60.04188167908633,57.726822887688364,58.15652084350586,176218400
2020-04-02 00:00:00-04:00,58.018915768998035,59.18006600388776,57.188487147319506,59.126956939697266,165934000
2020-04-03 00:00:00-04:00,58.61277240805976,59.31284110700112,57.68819653151743,58.2772216796875,129880000
2020-04-06 00:00:00-04:00,60.56812074968202,63.5156546468286,60.201190178307634,63.36116027832031,201820400
2020-04-07 00:00:00-04:00,65.37206847487805,65.58933753055518,62.52350996388426,62.62731170654297,202887200
2020-04-08 00:00:00-04:00,63.42634690897305,64.54404618126709,63.06183266990903,64.230224609375,168895200
2020-04-09 00:00:00-04:00,64.86511973614601,65.19584133375365,63.899505790640596,64.69371795654297,161834800
2020-04-13 00:00:00-04:00,64.77097468626023,66.07214313145124,64.17229133387406,65.96350860595703,131022800
2020-04-14 00:00:00-04:00,67.59298426311395,69.58456326372355,67.12224446160415,69.29487609863281,194994800
2020-04-15 00:00:00-04:00,68.17235803124424,69.12107217268907,67.74507641878203,68.66240692138672,131154400
2020-04-16 00:00:00-04:00,69.37454631683273,69.57249897577765,68.16028687860133,69.20797729492188,157125200
2020-04-17 00:00:00-04:00,68.72515410233876,69.27072829912615,66.83496081662895,68.2688980102539,215250000
2020-04-20 00:00:00-04:00,67.09811161151838,67.99854202997274,66.83256626499734,66.85187530517578,130015200
2020-04-21 00:00:00-04:00,66.69494844279068,66.92911009651182,64.07571939662287,64.78544616699219,180991600
2020-04-22 00:00:00-04:00,66.05039726124157,67.08602016909022,65.71002486509416,66.65149688720703,116862400
2020-04-23 00:00:00-04:00,66.59597413685326,68.01542772017612,66.35457066668404,66.39319610595703,124814400
2020-04-24 00:00:00-04:00,66.91704870248016,68.31960235496462,66.86876505886688,68.30994415283203,126161200
2020-04-27 00:00:00-04:00,68.02750161594408,68.68895219864656,67.58091104598891,68.35823059082031,117087600
2020-04-28 00:00:00-04:00,68.81930583953189,69.00035846269303,67.15845596472252,67.25018310546875,112004800
2020-04-29 00:00:00-04:00,68.73481966758834,69.92735352024151,68.53204161617626,69.45903015136719,137280800
2020-04-30 00:00:00-04:00,69.99735834734561,71.10057413486881,69.60870223992275,70.92434692382812,183064000
2020-05-01 00:00:00-04:00,69.10174923798432,72.17964374552773,69.0051893150792,69.78250885009766,240616800
2020-05-04 00:00:00-04:00,69.80665406694762,70.89779524622708,69.11865261133845,70.76985168457031,133568000
2020-05-05 00:00:00-04:00,71.22853757699251,72.66247538830531,71.08369395995085,71.83204650878906,147751200
2020-05-06 00:00:00-04:00,72.53208591439893,73.2031872790944,72.14825527383692,72.57312774658203,142333600
2020-05-07 00:00:00-04:00,73.19839399385799,73.66913392278244,72.89663951815068,73.32392120361328,115215200
2020-05-08 00:00:00-04:00,73.98230402182824,75.12239040799929,73.65552559886389,75.06913757324219,133838400
2020-05-11 00:00:00-04:00,74.57775171164975,76.74415709638575,74.36957888241814,76.2503662109375,145946400
2020-05-12 00:00:00-04:00,76.93296121988755,77.38319101183461,75.25793117438776,75.37895965576172,162301200
2020-05-13 00:00:00-04:00,75.55809041384309,76.47791143801962,73.39410026175051,74.46883392333984,200622400
2020-05-14 00:00:00-04:00,73.70877656980059,74.98683718466037,72.98744407851115,74.92632293701172,158929200
2020-05-15 00:00:00-04:00,72.70180935336562,74.52933644505968,72.66791783323735,74.48334503173828,166348400
2020-05-18 00:00:00-04:00,75.80497413426188,76.61102048338427,75.11511038710799,76.23825073242188,135178400
2020-05-19 00:00:00-04:00,76.25521336264156,77.0999898949941,75.76626090152799,75.7977294921875,101729600
2020-05-20 00:00:00-04:00,76.65461600601195,77.34205706251838,76.61588599602642,77.27186584472656,111504800
2020-05-21 00:00:00-04:00,77.13386219842414,77.6736518116283,76.45852129538247,76.69573974609375,102688800
2020-05-22 00:00:00-04:00,76.43432834001963,77.27185079219365,76.33266854723075,77.1895523071289,81803200
2020-05-26 00:00:00-04:00,78.30543299444078,78.48455279572174,76.61103413521022,76.66670989990234,125522000
2020-05-27 00:00:00-04:00,76.52388732434491,77.14596806852482,75.78560919845494,77.000732421875,112945200
2020-05-28 00:00:00-04:00,76.67639044487011,78.29091382648822,76.4004493161322,77.03463745117188,133560800
2020-05-29 00:00:00-04:00,77.27668110998019,77.73658783652532,76.60376308600569,76.95958709716797,153532400
2020-06-01 00:00:00-04:00,76.91359380175058,78.02705721931588,76.78288098389504,77.9060287475586,80791200
2020-06-02 00:00:00-04:00,77.63977407114822,78.29090791932163,77.19922860751555,78.2667007446289,87642800
2020-06-03 00:00:00-04:00,78.58622664893751,78.9589964979716,78.0149682866651,78.69757080078125,104491200
2020-06-04 00:00:00-04:00,78.52088097581583,78.81860638544032,77.64705128445249,78.01982116699219,87560400
2020-06-05 00:00:00-04:00,78.26913445919533,80.3024118345787,78.24008880036028,80.24189758300781,137250400
2020-06-08 00:00:00-04:00,79.93932296340279,80.75021537775042,79.23009773769596,80.71632385253906,95654400
2020-06-09 00:00:00-04:00,80.39681304328083,83.6573136410901,80.36534445233356,83.26518249511719,147712400
2020-06-10 00:00:00-04:00,84.21162466782144,85.87455499385788,83.77350211039672,85.40738677978516,166651600
2020-06-11 00:00:00-04:00,84.5529390302518,84.97653882509627,81.20529361612985,81.30695343017578,201662400
2020-06-12 00:00:00-04:00,83.44187634114364,84.18740853476542,80.90027823694467,82.00889587402344,200146000
2020-06-15 00:00:00-04:00,80.665491974399,83.67425858934295,80.50331054070764,83.02312469482422,138808800
2020-06-16 00:00:00-04:00,85.07334504214955,85.49452921505798,83.44188334314991,85.22341918945312,165428800
2020-06-17 00:00:00-04:00,85.96654258564811,86.02705683600927,84.98379175074255,85.10482025146484,114406400
2020-06-18 00:00:00-04:00,85.06123476532262,85.55503301794639,84.53112944713651,85.1386947631836,96820400
2020-06-19 00:00:00-04:00,85.84307640546994,86.30782159170373,83.5459510308644,84.65215301513672,264476000
2020-06-22 00:00:00-04:00,85.04429286253834,87.00979422869749,84.99830144840965,86.86698150634766,135445200
2020-06-23 00:00:00-04:00,88.10876448893902,90.13720371046618,87.69000314125313,88.7211685180664,212155600
2020-06-24 00:00:00-04:00,88.35079128217394,89.26818923809188,86.78225950639512,87.155029296875,192623200
2020-06-25 00:00:00-04:00,87.30996818337783,88.3508103921037,86.55232854521968,88.31208038330078,137522400
2020-06-26 00:00:00-04:00,88.2079995637923,88.4282723384794,85.45096655963653,85.59862518310547,205256800
2020-06-29 00:00:00-04:00,85.50662726415537,87.6657787527797,85.02977472321102,87.57137298583984,130646000
2020-06-30 00:00:00-04:00,87.15987418081895,88.58801627360432,87.14051287267962,88.30238342285156,140223200
2020-07-01 00:00:00-04:00,88.37986357552768,88.92206897093759,88.08697663107799,88.13538360595703,110737200
2020-07-02 00:00:00-04:00,89.04068194142937,89.67487019220228,88.02162389084378,88.13538360595703,114041600
2020-07-06 00:00:00-04:00,89.56109809240039,90.96018738333704,89.52962949763806,90.4930191040039,118655600
2020-07-07 00:00:00-04:00,90.87059916943323,91.64759989931855,90.10085985246303,90.21220397949219,112424400
2020-07-08 00:00:00-04:00,91.1876920007991,92.344723894615,91.1005476599512,92.3132553100586,117092000
2020-07-09 00:00:00-04:00,93.20404946948581,93.25730230757911,91.66457041968785,92.71025848388672,125642800
2020-07-10 00:00:00-04:00,92.30600122922262,92.93051232943125,91.69602034280251,92.8724136352539,90257200
2020-07-13 00:00:00-04:00,94.17468319640058,96.77921853086478,92.23096604261153,92.44397735595703,191649200
2020-07-14 00:00:00-04:00,91.82671138557991,94.16498216403883,90.89479813530977,93.97376251220703,170989200
2020-07-15 00:00:00-04:00,95.84488685944433,96.09420527190387,93.42431687945134,94.62007904052734,153198000
2020-07-16 00:00:00-04:00,93.49451003316076,94.31024088700049,92.85789898357274,93.45578002929688,110577600
2020-07-17 00:00:00-04:00,93.90600938284572,94.06092201052024,92.79496133182224,93.26697540283203,92186800
2020-07-20 00:00:00-04:00,93.35411815070974,95.37044953138843,93.01039399095433,95.23247528076172,90318000
2020-07-21 00:00:00-04:00,96.02158177786353,96.09661884897764,93.66878769091768,93.91810607910156,103433200
2020-07-22 00:00:00-04:00,93.620364272229,94.86211761268852,93.53322731563136,94.18193817138672,89001600
2020-07-23 00:00:00-04:00,93.91567346927818,93.99313346599342,89.08664175912257,89.89511108398438,197004400
2020-07-24 00:00:00-04:00,88.09666092836993,90.01617144490031,86.31269437361678,89.67244720458984,185438800
2020-07-27 00:00:00-04:00,90.7326345162056,91.88966654711753,90.50994623863684,91.79768371582031,121214000
2020-07-28 00:00:00-04:00,91.36925259131361,91.54595685387366,90.28483461346657,90.28968048095703,103625600
2020-07-29 00:00:00-04:00,90.77138584530584,92.20436670679456,90.73507876836658,92.02040100097656,90329200
2020-07-30 00:00:00-04:00,91.1949712384762,93.23793283077006,90.7883172670131,93.13385009765625,158130000
2020-07-31 00:00:00-04:00,99.61614896320704,103.03399293401982,97.62159407755033,102.88391876220703,374336800
2020-08-03 00:00:00-04:00,104.76226254133908,108.09054616095987,104.4645371706777,105.47633361816406,308151200
2020-08-04 00:00:00-04:00,105.66514250286653,107.26998160372126,104.9438099795325,106.18072509765625,173071600
2020-08-05 00:00:00-04:00,105.90234853375506,106.8850992523654,105.43759589570149,106.56558227539062,121776800
2020-08-06 00:00:00-04:00,106.89719478834881,110.77736760867772,106.30899814130089,110.2835693359375,202428800
2020-08-07 00:00:00-04:00,109.80586023116359,110.26174899503663,106.98081367668276,107.77619171142578,198045600
2020-08-10 00:00:00-04:00,109.21903076531765,110.35875275642206,106.69710077257369,109.34270477294922,212403600
2020-08-11 00:00:00-04:00,108.60794885006547,109.10505737675727,105.83139636601508,106.09086608886719,187902400
2020-08-12 00:00:00-04:00,107.17967383850515,109.8737798216829,106.98568204543375,109.61673736572266,165598000
2020-08-13 00:00:00-04:00,110.9940770606822,112.55816241863091,110.5066629686095,111.5566635131836,210082000
2020-08-14 00:00:00-04:00,111.38208013380518,111.54697388434195,109.65067355223327,111.4572525024414,165565200
2020-08-17 00:00:00-04:00,112.57755010556633,112.60180092329254,110.54060722184437,111.1662368774414,119561600
2020-08-18 00:00:00-04:00,110.91891544512356,112.51694618501556,110.58427334354063,112.09258270263672,105633600
2020-08-19 00:00:00-04:00,112.49995190044544,113.64452094897047,112.13863913268811,112.23320770263672,145538000
2020-08-20 00:00:00-04:00,112.27446284451047,114.83762028422797,112.25748652761663,114.72364807128906,126907200
2020-08-21 00:00:00-04:00,115.68148892938783,121.11819493819868,115.66936721789659,120.63563537597656,338054800
2020-08-24 00:00:00-04:00,124.83317459173283,124.91805616382935,120.21610549023623,122.07845306396484,345937600
2020-08-25 00:00:00-04:00,120.95328347307442,121.42129395286675,119.35767277780953,121.07695007324219,211495600
2020-08-26 00:00:00-04:00,122.391288286882,123.17939196014703,121.32673854222942,122.72350311279297,163022400
2020-08-27 00:00:00-04:00,123.32488497435537,123.65709978806709,120.11426694187719,121.25641632080078,155552400
2020-08-28 00:00:00-04:00,122.22880256231407,122.64589153107447,120.83689273182479,121.05998992919922,187630000
2020-08-31 00:00:00-04:00,123.7492594402055,127.06656806710367,122.21669905690888,125.16541290283203,225702700
2020-09-01 00:00:00-04:00,128.773731349047,130.7524864197246,126.61069366744442,130.15109252929688,151948100
2020-09-02 00:00:00-04:00,133.45868391206912,133.8369730802814,123.186665513161,127.45454406738281,200119000
2020-09-03 00:00:00-04:00,123.09933527511275,124.97137694731262,116.88180184868918,117.2503890991211,257599600
2020-09-04 00:00:00-04:00,116.46472703859587,119.98572845730746,107.56036930998823,117.3280029296875,332607200
2020-09-08 00:00:00-04:00,110.5284785969539,115.4171459794859,109.29661549435876,109.43241119384766,231366600
2020-09-09 00:00:00-04:00,113.73911382379356,115.56266164657546,111.79916649731042,113.79730987548828,176940500
2020-09-10 00:00:00-04:00,116.74603554472291,116.8818312711873,109.12204164322466,110.08231353759766,182274400
2020-09-11 00:00:00-04:00,111.12988655734183,111.77007275174712,106.6971070425851,108.63705444335938,180860300
2020-09-14 00:00:00-04:00,111.27535861813932,112.44902563888213,109.413011315819,111.8961410522461,140150100
2020-09-15 00:00:00-04:00,114.7769823425134,115.26196916143692,110.1987055878256,112.07075500488281,184642000
2020-09-16 00:00:00-04:00,111.77007759799923,112.51695412354394,108.67585899150183,108.76315307617188,154679000
2020-09-17 00:00:00-04:00,106.42551466292394,108.83104527474275,105.4458391619844,107.02689361572266,178011000
2020-09-18 00:00:00-04:00,107.08512364606823,107.55070698957077,102.9045309640769,103.63201141357422,287104900
2020-09-21 00:00:00-04:00,101.40104892896447,106.88140167582651,100.0042844680874,106.77470397949219,195713800
2020-09-22 00:00:00-04:00,109.29662320835186,109.47121874863322,105.88231946545223,108.45274353027344,183055400
2020-09-23 00:00:00-04:00,108.2684611226227,108.74374613747926,103.56408301527631,103.90357971191406,150718700
2020-09-24 00:00:00-04:00,102.01212050333626,106.93958810787352,101.84722676940335,104.97054290771484,167743300
2020-09-25 00:00:00-04:00,105.17425574034796,109.06385261398287,104.43707360612179,108.90865325927734,149981400
2020-09-28 00:00:00-04:00,111.55668799010066,111.85737749779037,109.39364317586228,111.50818634033203,137672400
2020-09-29 00:00:00-04:00,111.11049343812664,111.84766814275456,110.1599159291002,110.66429901123047,99382200
2020-09-30 00:00:00-04:00,110.37330565840851,113.73911550361659,110.20841190929694,112.33264923095703,142675200
2020-10-01 00:00:00-04:00,114.10769446919807,114.18529413378772,112.35204460964711,113.28321838378906,116120400
2020-10-02 00:00:00-04:00,109.50030229467706,111.90583970936628,108.85042185856183,109.62639617919922,144712000
2020-10-05 00:00:00-04:00,110.48971695476313,113.14744304282974,110.14052580154997,113.00194549560547,106243800
2020-10-06 00:00:00-04:00,112.22594105943094,112.63333559022071,108.87953514429641,109.76221466064453,161498200
2020-10-07 00:00:00-04:00,111.17840094740609,112.08047688818796,110.70310845150664,111.62458801269531,96849000
2020-10-08 00:00:00-04:00,112.75944080327828,112.90493833599005,111.14928093514196,111.51787567138672,83477200
2020-10-09 00:00:00-04:00,111.81855926916633,113.48691510258755,111.46936816913343,113.45781707763672,100506900
2020-10-12 00:00:00-04:00,116.45502931013961,121.42129686008033,115.69845107798898,120.66471862792969,240226800
2020-10-13 00:00:00-04:00,121.50860234126793,121.62500184957032,116.05735487456657,117.46381378173828,262330500
2020-10-14 00:00:00-04:00,117.36680433445795,119.33584953717633,116.02824344500344,117.55110168457031,150712000
2020-10-15 00:00:00-04:00,115.15528740769942,117.56081821833106,114.60240265361523,117.08553314208984,112559200
2020-10-16 00:00:00-04:00,117.63840102761567,117.90029805270329,115.24256497002679,115.44625854492188,115393800
2020-10-19 00:00:00-04:00,116.358026294525,116.80421323996534,112.18714446524658,112.4975357055664,120639300
2020-10-20 00:00:00-04:00,112.71095010647143,115.40748342708119,112.15806534871491,113.98162078857422,124423700
2020-10-21 00:00:00-04:00,113.16682541230045,115.14557257156684,112.9534300225298,113.36082458496094,89946000
2020-10-22 00:00:00-04:00,113.92339674553574,114.49568501963495,111.14927164811971,112.27444458007812,101988000
2020-10-23 00:00:00-04:00,112.89521716371952,113.05041647874276,110.84857244879218,111.58575439453125,82572600
2020-10-26 00:00:00-04:00,110.58669317293085,113.05042702646372,109.49061825916863,111.59546661376953,111850700
2020-10-27 00:00:00-04:00,112.02223630461869,113.75848974001332,111.10076444910626,113.09890747070312,92276800
2020-10-28 00:00:00-04:00,111.59549694147971,111.96408434875251,107.76409570662547,107.86109161376953,143937800
2020-10-29 00:00:00-04:00,108.99593410290058,113.41901126991604,108.83103296967955,111.85735321044922,146129200
2020-10-30 00:00:00-04:00,107.72527053869118,108.6273463236584,104.48556211975591,105.5913314819336,190272600
2020-11-02 00:00:00-05:00,105.83382320217856,107.35668150297613,104.09756951905206,105.5040283203125,122866900
2020-11-03 00:00:00-05:00,106.36731546450528,108.14236164402186,105.46523966166725,107.12389373779297,107624400
2020-11-04 00:00:00-05:00,110.71279021468385,112.11924902667879,108.97653651830575,111.49846649169922,138235500
2020-11-05 00:00:00-05:00,114.40838224963099,116.02824377297978,113.3608163942021,115.4559555053711,126387100
2020-11-06 00:00:00-05:00,114.96528648231298,115.82033327578648,112.83737692583377,115.32479858398438,114457900
2020-11-09 00:00:00-05:00,117.08345719402648,118.53120907039039,112.75963124213385,113.02197265625,154515300
2020-11-10 00:00:00-05:00,112.27382528066764,114.25597883957684,110.8940807658282,112.68191528320312,138023400
2020-11-11 00:00:00-05:00,113.86730544980823,116.23811890460102,113.13857025646223,116.10208892822266,112295000
2020-11-12 00:00:00-05:00,116.22841881317535,117.1126137436234,115.20818648034917,115.83003997802734,103162300
2020-11-13 00:00:00-05:00,116.05351307902214,116.27698772427065,114.52802767720522,115.87861633300781,81581900
2020-11-16 00:00:00-05:00,115.54826720324448,117.55957633149036,114.80010222486767,116.88914489746094,91183000
2020-11-17 00:00:00-05:00,116.16042621738232,117.2486663416219,115.58715051215194,116.00495910644531,74271000
2020-11-18 00:00:00-05:00,115.24707460935673,116.42276682795455,114.65436922624248,114.68351745605469,76322100
2020-11-19 00:00:00-05:00,114.25597458875419,115.68429695756758,113.49809106564801,115.27620697021484,74113000
2020-11-20 00:00:00-05:00,115.27619022842907,115.40250165957605,113.96446836639701,114.01304626464844,73604300
2020-11-23 00:00:00-05:00,113.85759556092404,114.28512261237464,110.52484606012634,110.62200927734375,127959300
2020-11-24 00:00:00-05:00,110.68033196208322,112.56532241854126,109.39775058959653,111.90460205078125,113874200
2020-11-25 00:00:00-05:00,112.27382503154757,113.43979858279869,111.90459439029078,112.7402114868164,76499200
2020-11-27 00:00:00-05:00,113.26488733889717,114.15880077486167,112.92481238098438,113.28431701660156,46691300
2020-11-30 00:00:00-05:00,113.65355580646789,117.54014397849063,113.49808872130923,115.6745834350586,169410200
2020-12-01 00:00:00-05:00,117.57903133531022,119.96928259001577,116.60738412219025,119.24054718017578,127728200
2020-12-02 00:00:00-05:00,118.56037345602128,119.87210294466338,117.4624149241799,119.59032440185547,89004200
2020-12-03 00:00:00-05:00,120.01785729073868,120.270487635051,118.74500184780301,119.45430755615234,78967600
2020-12-04 00:00:00-05:00,119.12392660773527,119.37655691588907,118.07454601670749,118.78385162353516,78260400
2020-12-07 00:00:00-05:00,118.84214367939516,121.03806800243322,118.78384723085345,120.24131774902344,86712000
2020-12-08 00:00:00-05:00,120.84375871454999,121.43646406909802,119.60004413555974,120.85346984863281,82225500
2020-12-09 00:00:00-05:00,120.99921619827668,122.37895334699282,117.56930300737729,118.32718658447266,115089200
2020-12-10 00:00:00-05:00,117.08347009062476,120.35792333365181,116.7433951040976,119.74578094482422,81312200
2020-12-11 00:00:00-05:00,118.95873784398792,119.27938312055916,117.13204422429256,118.9393081665039,86939800
2020-12-14 00:00:00-05:00,119.12393693642923,119.85267228564851,118.09399334838469,118.32718658447266,79184500
2020-12-15 00:00:00-05:00,120.81460252887871,124.27367140820184,120.61055751786674,124.25423431396484,157243700
2020-12-16 00:00:00-05:00,123.79756533721344,124.73033828648967,122.97165933994127,124.18621826171875,98208600
2020-12-17 00:00:00-05:00,125.2452678640319,125.90599540435531,124.40965101448255,125.05094146728516,94359800
2020-12-18 00:00:00-05:00,125.30360828671483,125.43963827870924,122.54412684965975,123.06881713867188,192541500
2020-12-21 00:00:00-05:00,121.47530568083864,124.67202522679207,119.94982017477122,124.59429168701172,121251600
2020-12-22 00:00:00-05:00,127.8784592702847,130.599073771845,125.9740246713456,128.14080810546875,168904800
2020-12-23 00:00:00-05:00,128.41285284686637,128.67518682478877,127.07197543286729,127.24687957763672,88223700
2020-12-24 00:00:00-05:00,127.59670678746939,129.67603102914552,127.3829432351903,128.228271484375,54930100
2020-12-28 00:00:00-05:00,130.19102370668213,133.446033182036,129.72462233987497,132.81446838378906,124486200
2020-12-29 00:00:00-05:00,134.1358655444837,134.85487480481046,130.53104880605997,131.0460205078125,121047300
2020-12-30 00:00:00-05:00,131.73592955161843,132.13430846309575,129.61773093964035,129.9286651611328,96452100
2020-12-31 00:00:00-05:00,130.27844532518537,130.91973597132423,127.98535756948488,128.9278564453125,99116600
2021-01-04 00:00:00-05:00,129.73429096655542,129.82173562437615,123.16595621510766,125.7408218383789,143301900
2021-01-05 00:00:00-05:00,125.2355842462787,128.0047841932833,124.78862009202955,127.29547119140625,97664900
2021-01-06 00:00:00-05:00,124.0987683518539,127.33435496235823,122.7967573877346,123.0105209350586,155088000
2021-01-07 00:00:00-05:00,124.72064653214206,127.89793731653697,124.23482288794177,127.20806121826172,109578200
2021-01-08 00:00:00-05:00,128.67518495872093,128.86952618923627,126.53756485844092,128.30596923828125,105158200
2021-01-11 00:00:00-05:00,125.52705803683581,126.47926779178523,124.85661934288777,125.32300567626953,100384500
2021-01-12 00:00:00-05:00,124.85665810373773,126.01292057820679,123.26315737935117,125.14815521240234,91951100
2021-01-13 00:00:00-05:00,125.1092658720847,127.72299874717103,124.84693184960055,127.17887878417969,88636800
2021-01-14 00:00:00-05:00,127.09146337014927,127.28578985507761,125.1092946758631,125.25505065917969,90221800
2021-01-15 00:00:00-05:00,125.12872573594878,126.52790008179282,123.39919489904703,123.53522491455078,111598500
2021-01-19 00:00:00-05:00,124.15706500945309,125.0607045202907,123.34088500532488,124.20565032958984,90757300
2021-01-20 00:00:00-05:00,125.0121142129877,128.73352422939956,124.90523244341398,128.28656005859375,104319500
2021-01-21 00:00:00-05:00,130.00637029637122,135.70993338633443,129.80231790485385,132.98931884765625,120150900
2021-01-22 00:00:00-05:00,132.41604973812463,135.88483658611096,131.19177987621222,135.126953125,114459400
2021-01-25 00:00:00-05:00,139.01355380816258,140.97627022018892,132.6686847833474,138.8677978515625,157611700
2021-01-26 00:00:00-05:00,139.52852500725305,140.20867499016745,137.36174136904043,139.1009979248047,98390600
2021-01-27 00:00:00-05:00,139.36333253146313,140.20867556656404,136.4289690465183,138.0321807861328,140843800
2021-01-28 00:00:00-05:00,135.564189064389,137.96415826033868,132.8241374993332,133.2030792236328,142621100
2021-01-29 00:00:00-05:00,131.97883669271752,132.86303917443942,126.51818434944722,128.21856689453125,177523800
2021-02-01 00:00:00-05:00,129.95781964029345,131.54160940158948,127.21776727973175,130.33676147460938,106239800
2021-02-02 00:00:00-05:00,131.8816527763116,132.4452098565485,130.79341280132044,131.1626434326172,83305400
2021-02-03 00:00:00-05:00,131.91076929503612,131.92049525214782,129.82173452529324,130.1423797607422,89880900
2021-02-04 00:00:00-05:00,132.43550657690793,133.5043095225396,130.7739834636992,133.49459838867188,84183100
2021-02-05 00:00:00-05:00,133.65514858435046,133.72325779067754,132.20522578325316,133.0810089111328,75693800
2021-02-08 00:00:00-05:00,132.3706427004726,133.2756324021585,131.29050232328603,133.2269744873047,71297200
2021-02-09 00:00:00-05:00,132.9448026300194,134.1709170758531,132.1955269668042,132.35121154785156,76774200
2021-02-10 00:00:00-05:00,132.80855342312873,133.3048434386966,130.78450562896475,131.7478790283203,73046600
2021-02-11 00:00:00-05:00,132.24413324277845,132.72095704438246,130.17144270344224,131.49485778808594,64280000
2021-02-12 00:00:00-05:00,130.7359039411324,131.88415404983218,130.09365480491843,131.72845458984375,60145100
2021-02-16 00:00:00-05:00,131.84520181246612,132.35120265140839,129.21782237561078,129.60707092285156,80576300
2021-02-17 00:00:00-05:00,127.7192408682256,128.66314806479286,125.98712587517291,127.32026672363281,97918500
2021-02-18 00:00:00-05:00,125.72439023440656,126.50287241895496,123.98254952435698,126.2206802368164,96856700
2021-02-19 00:00:00-05:00,126.7364300489586,127.19378780631597,125.33516499223074,126.37637329101562,87668800
2021-02-22 00:00:00-05:00,124.56640502266376,126.23041094448011,122.22124015432108,122.61048126220703,103916400
2021-02-23 00:00:00-05:00,120.43072920624994,123.30136816472337,115.20518512538801,122.47423553466797,158273000
2021-02-24 00:00:00-05:00,121.57899955251936,122.1823162213377,118.94190197736167,121.97796630859375,111039900
2021-02-25 00:00:00-05:00,121.32596667655264,123.0580814668372,117.29733797299157,117.7352294921875,148199500
2021-02-26 00:00:00-05:00,119.2921941436735,121.49139980199843,117.93958722628282,117.99797821044922,164560400
2021-03-01 00:00:00-05:00,120.42098970661608,124.48854343367245,119.48681564706342,124.35231018066406,116307900
2021-03-02 00:00:00-05:00,124.95564701355688,125.25730532990295,121.64710890595583,121.754150390625,102260900
2021-03-03 00:00:00-05:00,121.45248872789318,122.32827934815643,118.56238339310273,118.7764663696289,112966300
2021-03-04 00:00:00-05:00,118.47480719948628,120.27503892466773,115.42900990064756,116.89838409423828,178155000
2021-03-05 00:00:00-05:00,117.72552798386944,118.65970219404976,114.40725661331615,118.1536865234375,153766600
2021-03-08 00:00:00-05:00,117.67687524164398,117.74499188213018,113.08384627126932,113.22981262207031,154376600
2021-03-09 00:00:00-05:00,115.82797605727136,118.77646492277744,115.5944343694315,117.83255767822266,129525800
2021-03-10 00:00:00-05:00,118.41642461584055,118.88350799775948,116.23667741969722,116.75242614746094,111943300
2021-03-11 00:00:00-05:00,119.24356797692991,119.89554261056912,117.99800228157227,118.67916870117188,103026500
2021-03-12 00:00:00-05:00,117.16110504968663,117.910387910508,115.95446453359608,117.77415466308594,88105100
2021-03-15 00:00:00-04:00,118.14394380720245,120.66426645422422,117.18057052802266,120.65453338623047,92403800
2021-03-16 00:00:00-04:00,122.3185625972274,123.79767749192085,121.36492956895167,122.19206237792969,115227900
2021-03-17 00:00:00-04:00,120.71292450730932,122.47423118424491,119.04891881379946,121.40382385253906,111932600
2021-03-18 00:00:00-04:00,119.57440947336566,119.86634216018179,117.08327826271949,117.28762817382812,121229700
2021-03-19 00:00:00-04:00,116.67456302671786,118.16340319964601,116.46048007455593,116.76213836669922,185549500
2021-03-22 00:00:00-04:00,117.09299830303091,120.53776947303844,117.02488167357409,120.0706787109375,111912300
2021-03-23 00:00:00-04:00,120.0123099463268,120.89782623844285,118.8543196786337,119.24356079101562,95467100
2021-03-24 00:00:00-04:00,119.51603034411634,119.5938800533793,116.8400078374971,116.85946655273438,88530500
2021-03-25 00:00:00-04:00,116.32426633816141,118.38723908571315,115.79879193762964,117.34601593017578,98844700
2021-03-26 00:00:00-04:00,117.11246742653448,118.21207408800578,115.72093550893463,117.94933319091797,94071200
2021-03-29 00:00:00-04:00,118.3775042989523,119.28248673827066,117.48225492917581,118.12449645996094,80819200
2021-03-30 00:00:00-04:00,116.878940997672,117.1611406456859,115.66256704459003,116.67459106445312,85671900
2021-03-31 00:00:00-04:00,118.37750228821312,120.19719278132602,117.89095275757859,118.86405181884766,118323800
2021-04-01 00:00:00-04:00,120.33341860340158,120.83942678607517,119.19488720011346,119.69116973876953,75089100
2021-04-05 00:00:00-04:00,120.53777100210417,122.76616851425374,119.75928886344587,122.5131607055664,88651200
2021-04-06 00:00:00-04:00,123.09702657327624,123.71007628588559,122.26989388745704,122.81482696533203,80171300
2021-04-07 00:00:00-04:00,122.4450511751175,124.47882455845117,121.7736104771957,124.45936584472656,83466700
2021-04-08 00:00:00-04:00,125.48109175246618,126.88235645002487,125.06266638077538,126.85316467285156,88844600
2021-04-09 00:00:00-04:00,126.3082809200934,129.46111286986317,125.98715639774359,129.4221954345703,106686700
2021-04-12 00:00:00-04:00,128.95507626413877,129.276200697575,127.11591985323048,127.70951080322266,91420000
2021-04-13 00:00:00-04:00,128.87723269707828,131.0375136441806,128.38094270892825,130.81369018554688,91266500
2021-04-14 00:00:00-04:00,131.3099466105929,131.36833015937881,128.11818392495562,128.4782257080078,87222800
2021-04-15 00:00:00-04:00,130.22012045971883,131.36837019796266,130.04495491166549,130.88182067871094,89347100
2021-04-16 00:00:00-04:00,130.6871976204425,131.04723949609195,129.69463249088383,130.55096435546875,84922400
2021-04-19 00:00:00-04:00,129.91848365422268,131.82576483686614,129.753058553166,131.21270751953125,94264200
2021-04-20 00:00:00-04:00,131.38782793049364,131.88410306298763,128.26417368348118,129.52920532226562,94812300
2021-04-21 00:00:00-04:00,128.79940473993418,130.15201197134868,127.76792201144299,129.9087371826172,68847100
2021-04-22 00:00:00-04:00,129.46110142550572,130.54124205126504,127.87495994409139,128.3907012939453,84566500
2021-04-23 00:00:00-04:00,128.60476763173878,131.4851323617936,128.60476763173878,130.7066650390625,78657500
2021-04-26 00:00:00-04:00,131.20297351815344,131.42678218788413,129.96713331445437,131.09593200683594,66905100
2021-04-27 00:00:00-04:00,131.37809693084532,131.76734545845767,130.5023137282654,130.7747802734375,66015800
2021-04-28 00:00:00-04:00,130.69691506905932,131.38782184344353,129.50000754125335,129.98655700683594,107760100
2021-04-29 00:00:00-04:00,132.79882309453924,133.38268843991688,128.886960916459,129.88925170898438,151101000
2021-04-30 00:00:00-04:00,128.23496790165584,129.96708270240345,127.54407601900469,127.923583984375,109839500
2021-05-03 00:00:00-04:00,128.48799878924353,130.46340362512916,128.28365629304724,128.97454833984375,75135100
2021-05-04 00:00:00-04:00,127.66085225567952,127.95278490720769,123.2916326716947,124.41069793701172,137564700
2021-05-05 00:00:00-04:00,125.72439172337612,126.94076551104096,124.5274840738415,124.65399169921875,84000900
2021-05-06 00:00:00-04:00,124.44963872166365,126.2596035749363,123.71008135413715,126.2498779296875,78128300
2021-05-07 00:00:00-04:00,127.54630313860244,127.9459401484153,126.21088280565189,126.9224624633789,78973300
2021-05-10 00:00:00-04:00,126.14265555263232,126.26936319427197,123.60829449035425,123.64728546142578,88071200
2021-05-11 00:00:00-04:00,120.38186236478138,123.08192191649415,119.67029018955704,122.73101806640625,126142800
2021-05-12 00:00:00-04:00,120.28437887697672,121.49306907963458,119.1634127705143,119.67028045654297,112172300
2021-05-13 00:00:00-04:00,121.43462082791999,122.96498135801113,121.12270044716155,121.81477355957031,105861300
2021-05-14 00:00:00-04:00,123.06243260302256,124.66102519199373,122.67253033910511,124.23213195800781,81918000
2021-05-17 00:00:00-04:00,123.6180639691379,123.72528729763346,122.00972147847318,123.08194732666016,74244600
2021-05-18 00:00:00-04:00,123.36460169987382,123.78374532662899,121.62954445690447,121.6977767944336,63342900
2021-05-19 00:00:00-04:00,120.05043995950335,121.76599784022277,119.75801143334377,121.54180908203125,92612000
2021-05-20 00:00:00-04:00,122.06818662946591,124.49531683623646,121.94146411990351,124.09566497802734,76857100
2021-05-21 00:00:00-04:00,124.59278661639331,124.76824225453443,122.04868358173061,122.26313018798828,79295400
2021-05-24 00:00:00-04:00,122.82849229292907,124.70976380781524,122.76025995557121,123.8909683227539,63092900
2021-05-25 00:00:00-04:00,124.59279202902988,125.08017543327662,123.1306641265909,123.6960220336914,72009500
2021-05-26 00:00:00-04:00,123.75450877268065,124.17365241574042,123.228141818366,123.64728546142578,56575900
2021-05-27 00:00:00-04:00,123.24762087836753,124.41732007226534,121.92195782567474,122.11690521240234,94625600
2021-05-28 00:00:00-04:00,122.39960530367183,122.62380153028337,121.405361560534,121.4638442993164,71311100
2021-06-01 00:00:00-04:00,121.92196296159237,122.1851426884376,120.81074644955004,121.14215850830078,67637100
2021-06-02 00:00:00-04:00,121.14217571934485,122.07793673418138,120.91798692698966,121.90248107910156,59278900
2021-06-03 00:00:00-04:00,121.53206925104124,121.6977752920281,120.02120080570538,120.42085266113281,76229200
2021-06-04 00:00:00-04:00,120.93747667465416,122.97471215998662,120.72303005127523,122.7115249633789,75169300
2021-06-07 00:00:00-04:00,122.98443979955707,123.13065406520676,121.67827588309044,122.72126007080078,71057600
2021-06-08 00:00:00-04:00,123.40358202860334,125.21662849111421,123.0234294041827,123.54004669189453,74403800
2021-06-09 00:00:00-04:00,123.99817082964145,124.52453767386459,123.32558973367314,123.9201889038086,56877900
2021-06-10 00:00:00-04:00,123.81299241371467,124.95345787476269,122.7602659341765,122.92597198486328,71186400
2021-06-11 00:00:00-04:00,123.33535493510138,124.22238272093318,122.91621132668672,124.13465118408203,53522400
2021-06-14 00:00:00-04:00,124.59276457227712,127.24408300420586,123.8617007821636,127.18560028076172,96906500
2021-06-15 00:00:00-04:00,126.6592574474217,127.30259723643738,126.12314095657528,126.36682891845703,62746300
2021-06-16 00:00:00-04:00,127.07839924257492,127.58527439037435,125.2166344350542,126.86395263671875,91815000
2021-06-17 00:00:00-04:00,126.52279301183641,129.20336059736883,126.37657131032402,128.46253967285156,96721700
2021-06-18 00:00:00-04:00,127.40984859905477,128.18963835001367,126.95171393992158,127.1661605834961,108953300
2021-06-21 00:00:00-04:00,127.01018237446559,129.06690958900398,125.9477063159808,128.95968627929688,79663300
2021-06-22 00:00:00-04:00,128.7939773736595,130.69474066397615,128.29684436989922,130.59725952148438,74783600
2021-06-23 00:00:00-04:00,130.39256533356104,130.92868185123652,129.8661909803765,130.32432556152344,60214200
2021-06-24 00:00:00-04:00,131.05542269642876,131.24062798342803,129.57379527397197,130.04168701171875,68711000
2021-06-25 00:00:00-04:00,130.09040620403312,130.50954241745376,129.4568084909208,129.74923706054688,70783700
2021-06-28 00:00:00-04:00,130.04166969629122,131.8352098315601,129.98318695524438,131.3770751953125,62111300
2021-06-29 00:00:00-04:00,131.39657011097157,133.04390333984907,130.95793469390316,132.887939453125,64556100
2021-06-30 00:00:00-04:00,132.7319215611561,133.940618881177,132.4394931109139,133.50198364257812,63261400
2021-07-01 00:00:00-04:00,133.15110203776288,133.86266668828733,132.33229922059724,133.80418395996094,52485800
2021-07-02 00:00:00-04:00,134.41828334809892,136.46526832234767,134.27207651002422,136.42628479003906,78852600
2021-07-06 00:00:00-04:00,136.53350195950557,139.53572463895688,136.53350195950557,138.43426513671875,108181800
2021-07-07 00:00:00-04:00,139.91589835234652,141.2318195282519,139.0581266890823,140.91990661621094,104911600
2021-07-08 00:00:00-04:00,138.00541248474633,140.42279367497855,137.11838445022283,139.62350463867188,105575500
2021-07-09 00:00:00-04:00,139.14585831818513,141.972633378387,139.04837716154248,141.44627380371094,99890800
2021-07-12 00:00:00-04:00,142.51847096001342,142.62569425576672,140.36426288116348,140.8516387939453,76299700
2021-07-13 00:00:00-04:00,140.3934939298509,143.7369001800956,140.00359917768813,141.9628448486328,100827100
2021-07-14 00:00:00-04:00,144.36076918149035,145.79365573228569,143.95136027537654,145.38424682617188,127050800
2021-07-15 00:00:00-04:00,145.4720070192926,146.21281325196273,143.37628110522587,144.73118591308594,106820300
2021-07-16 00:00:00-04:00,144.71166743629377,145.97883295333372,142.19680585690423,142.6939239501953,93251400
2021-07-19 00:00:00-04:00,140.1205738932986,140.43250161447835,138.09308832622733,138.8533935546875,121434600
2021-07-20 00:00:00-04:00,139.83792120496685,143.38601770583355,139.35054523026795,142.45999145507812,96350000
2021-07-21 00:00:00-04:00,141.8556653977963,142.4405225803077,140.97839449756518,141.72894287109375,74993500
2021-07-22 00:00:00-04:00,142.2552645840674,144.4581980577568,142.12854210433372,143.0935516357422,77338200
2021-07-23 00:00:00-04:00,143.82464898024415,144.9651069434816,143.2105505102186,144.80914306640625,71447400
2021-07-26 00:00:00-04:00,144.52644902049065,146.04705940106285,143.97083337261068,145.228271484375,72434100
2021-07-27 00:00:00-04:00,145.35501995009983,145.44275893789174,141.87516288945258,143.06436157226562,104818600
2021-07-28 00:00:00-04:00,141.15381301329907,143.25928057886588,138.94112214929507,141.31951904296875,118931200
2021-07-29 00:00:00-04:00,141.0368336570977,142.8498725143642,140.92961036922324,141.9628448486328,56699500
2021-07-30 00:00:00-04:00,140.73470874624329,142.63547230965827,140.47152152252852,142.17733764648438,70440600
2021-08-02 00:00:00-04:00,142.6647202141764,143.23982039265098,141.58274477107045,141.84593200683594,62880000
2021-08-03 00:00:00-04:00,142.12856645538005,144.30225894055675,141.51446802349406,143.63943481445312,64786600
2021-08-04 00:00:00-04:00,143.5517196242508,144.058579914417,142.58670986762564,143.2397918701172,56368300
2021-08-05 00:00:00-04:00,143.26903344221475,144.107320690727,142.47948676454712,143.34701538085938,46397700
2021-08-06 00:00:00-04:00,142.8686463484262,143.61056217962263,142.16577244694983,142.66363525390625,54126800
2021-08-09 00:00:00-04:00,142.72222158501236,143.210327688173,142.0584044347056,142.61483764648438,48908700
2021-08-10 00:00:00-04:00,142.9565198163916,144.19631350606738,141.84363848192044,142.13650512695312,69023100
2021-08-11 00:00:00-04:00,142.57580253562702,143.22986295766566,142.0681679932176,142.39031982421875,48493500
2021-08-12 00:00:00-04:00,142.71246608285676,145.5044336133679,142.37078584930737,145.34823608398438,72282600
2021-08-13 00:00:00-04:00,145.42635605950554,145.88517705910473,144.7430103885552,145.5532684326172,59375000
2021-08-16 00:00:00-04:00,145.00660783223563,147.59358006664493,142.9858555687735,147.52523803710938,103296000
2021-08-17 00:00:00-04:00,146.65639729187643,148.07190241442922,145.54351565601462,146.6173553466797,92229700
2021-08-18 00:00:00-04:00,146.2366215497856,147.13473517673972,142.67343732669485,142.87844848632812,86326000
2021-08-19 00:00:00-04:00,141.58005455752308,144.4794059910355,141.06266328178802,143.2103271484375,86960300
2021-08-20 00:00:00-04:00,143.9327728785443,144.96755574158394,143.288469055807,144.66493225097656,60549600
2021-08-23 00:00:00-04:00,144.78206681885666,146.61735100093347,144.37205937525184,146.14877319335938,60131800
2021-08-24 00:00:00-04:00,145.89494350289067,147.27140659304087,145.60207679709836,146.06089782714844,48606400
2021-08-25 00:00:00-04:00,146.24637657624294,146.74425443123712,144.28419502392072,144.83087158203125,58991300
2021-08-26 00:00:00-04:00,144.82109417148567,145.57276688380205,144.00106455542348,144.0303497314453,48597200
2021-08-27 00:00:00-04:00,143.97178711441077,145.21158091727293,143.33725507209095,145.06515502929688,55802400
2021-08-30 00:00:00-04:00,145.45561079403902,149.8388087234133,145.07488865020937,149.47760009765625,90956700
2021-08-31 00:00:00-04:00,149.0285807911714,149.16524992421503,147.6911597437249,148.21832275390625,86453100
2021-09-01 00:00:00-04:00,149.19453621732464,151.29338682527435,148.71618680019012,148.88214111328125,80313700
2021-09-02 00:00:00-04:00,150.20974770726943,151.03953393207226,148.77471476063792,149.99497985839844,71115500
2021-09-03 00:00:00-04:00,150.10239938899159,150.9517142276546,149.44833892893834,150.6295623779297,57808700
2021-09-07 00:00:00-04:00,151.2836211735212,153.51914078415754,150.71741625258127,152.96270751953125,82278300
2021-09-08 00:00:00-04:00,153.24581573453693,153.3043860941943,150.31717858511598,151.42030334472656,74420200
2021-09-09 00:00:00-04:00,151.79126431107525,152.39651120399355,150.28788894400816,150.40504455566406,57305700
2021-09-10 00:00:00-04:00,151.3128888573864,151.7814665359228,145.16274910531013,145.42633056640625,140893200
2021-09-13 00:00:00-04:00,147.04686479158386,147.81806596111582,145.21158088499752,145.9925537109375,102404300
2021-09-14 00:00:00-04:00,146.77353720711707,147.4764113119793,143.41536423851278,144.59657287597656,109296300
2021-09-15 00:00:00-04:00,145.0261185341006,145.88519025288556,142.88821089491876,145.4849395751953,83281300
2021-09-16 00:00:00-04:00,144.90897545621797,145.42636685232276,143.71799510025087,145.25064086914062,68034100
2021-09-17 00:00:00-04:00,145.2798957731565,145.2798957731565,142.2926741544572,142.58554077148438,129868800
2021-09-20 00:00:00-04:00,140.37933813407227,141.3945924183066,137.90952209387459,139.539794921875,123478900
2021-09-21 00:00:00-04:00,140.50626423071614,141.16033974315945,139.38362576406158,140.01815795898438,75834000
2021-09-22 00:00:00-04:00,141.01386330488788,142.94675948187773,140.28170408222925,142.3805694580078,76404300
2021-09-23 00:00:00-04:00,143.1615238009879,143.5813028239796,142.17555476827644,143.33724975585938,64838200
2021-09-24 00:00:00-04:00,142.19513310697567,143.96207555718027,142.09750588712538,143.42515563964844,53477900
2021-09-27 00:00:00-04:00,142.0095839613355,142.48793328173883,140.39883985731234,141.91195678710938,74150700
2021-09-28 00:00:00-04:00,139.8424227657557,141.30674132874793,138.31953384357482,138.5343017578125,108972300
2021-09-29 00:00:00-04:00,139.08098176355122,141.013878143942,138.65144592439347,139.4324188232422,74602000
2021-09-30 00:00:00-04:00,140.2426397437822,140.94551367693097,137.91925008166186,138.13401794433594,89056700
2021-10-01 00:00:00-04:00,138.52453927839463,139.52028013802934,135.80091312494108,139.25669860839844,94639600
2021-10-04 00:00:00-04:00,138.38782541869764,138.82713279141288,134.980854637217,135.8301544189453,98322000
2021-10-05 00:00:00-04:00,136.17186716291496,138.8564511470798,136.0449547897289,137.75332641601562,80861100
2021-10-06 00:00:00-04:00,136.15239062669528,138.76863359275248,135.07855066550817,138.62220764160156,83221100
2021-10-07 00:00:00-04:00,139.65691457441454,140.78932429837576,139.32500600229986,139.88143920898438,61732700
2021-10-08 00:00:00-04:00,140.6038878520535,140.75031377150447,139.16885425815033,139.50076293945312,58773200
2021-10-11 00:00:00-04:00,138.8857090401355,141.36528138783962,138.43664488957629,139.41285705566406,64452200
2021-10-12 00:00:00-04:00,139.82294697246778,139.84247539815348,137.68503868252537,138.14385986328125,73035900
2021-10-13 00:00:00-04:00,137.88022678873125,138.0364094315763,135.88874541033104,137.55807495117188,78762700
2021-10-14 00:00:00-04:00,138.72954178771872,140.45744186952987,138.1438084019397,140.3402862548828,69907100
2021-10-15 00:00:00-04:00,140.35003767716657,141.453147377337,140.09621296187518,141.3945770263672,67940300
2021-10-18 00:00:00-04:00,140.03766984054468,143.347029376178,139.75457479053856,143.06393432617188,85589200
2021-10-19 00:00:00-04:00,143.51297237963328,145.62159463310732,143.06392303976392,145.22134399414062,76378900
2021-10-20 00:00:00-04:00,145.16279603857302,146.1878221446277,144.59659100003023,145.70947265625,58418800
2021-10-21 00:00:00-04:00,145.27016433537898,146.0804224119474,144.35252229936606,145.92422485351562,61421000
2021-10-22 00:00:00-04:00,146.129212114762,146.60754657748723,145.10418628692474,145.1529998779297,58883400
2021-10-25 00:00:00-04:00,145.14322894722775,145.8168177773373,144.10844635434742,145.10418701171875,50720600
2021-10-26 00:00:00-04:00,145.77777738990952,147.25185252804923,145.4653823192533,145.7680206298828,60893400
2021-10-27 00:00:00-04:00,145.80708231384622,146.16827612937263,144.9577823061733,145.30921936035156,56094900
2021-10-28 00:00:00-04:00,146.25615073002083,149.5264533730465,146.15852353048365,148.94073486328125,100077900
2021-10-29 00:00:00-04:00,143.7179883048137,146.373287179863,142.92725865743117,146.2366180419922,124953200
2021-11-01 00:00:00-04:00,145.44586537540286,146.13896771640327,144.28417043944881,145.4165802001953,74588300
2021-11-02 00:00:00-04:00,145.12373606469237,147.96451766703325,145.11396440756303,146.45138549804688,69122000
2021-11-03 00:00:00-04:00,146.81254373991754,148.35496071493105,146.256110563663,147.88638305664062,54511500
2021-11-04 00:00:00-04:00,147.9742194627662,148.8039907405044,147.05657778259774,147.3689727783203,60394600
2021-11-05 00:00:00-04:00,148.49330137784227,148.79636649786093,146.70422366033108,147.89694213867188,65463900
2021-11-08 00:00:00-05:00,148.02403856122066,148.18046407919945,146.80199217243356,147.0757293701172,55020900
2021-11-09 00:00:00-05:00,146.8410949734435,148.0435844748696,146.70422637098488,147.4374542236328,56787900
2021-11-10 00:00:00-05:00,146.66510417552323,146.7726448402154,144.54363371528353,144.612060546875,65187100
2021-11-11 00:00:00-05:00,145.62883774477925,146.0883134852804,144.37744845730748,144.56320190429688,41000000
2021-11-12 00:00:00-05:00,145.11067671997742,147.03662312152338,144.18192440007093,146.63580322265625,63804000
2021-11-15 00:00:00-05:00,147.00728981052836,148.483531417499,146.08830852560698,146.64556884765625,59222800
2021-11-16 00:00:00-05:00,146.5869216938867,148.1022623119589,146.0003334167105,147.6232147216797,59256200
2021-11-17 00:00:00-05:00,147.6232038564801,151.53375230300938,147.61343285568483,150.05752563476562,88807000
2021-11-18 00:00:00-05:00,150.27258025090998,155.12165110785514,149.62733629184328,154.33953857421875,137827700
2021-11-19 00:00:00-05:00,154.12448394226502,157.41913113659675,153.02953515610952,156.9596405029297,117305600
2021-11-22 00:00:00-05:00,158.0643575600625,161.99446283900974,157.39957149925132,157.41912841796875,117467900
2021-11-23 00:00:00-05:00,157.51687668201387,158.18167763297342,155.5029467463392,157.80039978027344,96041900
2021-11-24 00:00:00-05:00,157.15512173863883,158.51403634701725,156.06994425154855,158.31851196289062,69463600
2021-11-26 00:00:00-05:00,156.00155632601601,156.8618668141861,152.8633347292546,153.3032684326172,76959800
2021-11-29 00:00:00-05:00,155.8060160344783,157.58532267329434,155.2389847402696,156.6565704345703,88748200
2021-11-30 00:00:00-05:00,156.41215841772612,161.8184901598309,156.34371666317804,161.60340881347656,174048100
2021-12-01 00:00:00-05:00,163.7346542506034,166.49159798116264,160.85062784337472,161.08526611328125,152052500
2021-12-02 00:00:00-05:00,155.1901268526862,160.52801734787488,154.27114554315142,160.0978546142578,136739200
2021-12-03 00:00:00-05:00,160.3520050545032,161.27098610748033,156.14816349171144,158.2207489013672,118023100
2021-12-06 00:00:00-05:00,160.61594516489802,164.12567265480914,160.60617416710443,161.6229248046875,107497000
2021-12-07 00:00:00-05:00,165.2988995417756,167.74299254141582,164.57544264356054,167.3519287109375,120405400
2021-12-08 00:00:00-05:00,168.28069194116756,172.02504411674911,166.882663021836,171.1647186279297,116998900
2021-12-09 00:00:00-05:00,170.9985358177286,172.79738478635073,170.03066956515224,170.65635681152344,108923700
2021-12-10 00:00:00-05:00,171.29180928871014,175.61296364291238,170.78343380069845,175.43698120117188,115402700
2021-12-13 00:00:00-05:00,177.0696450374433,178.05706815750167,171.6046566651188,171.80996704101562,153237000
2021-12-14 00:00:00-05:00,171.33086641701877,173.76518766396276,168.3588568100855,170.4314422607422,139380400
2021-12-15 00:00:00-05:00,171.19402728468987,175.48585340924998,168.4566405154073,175.2903289794922,131063300
2021-12-16 00:00:00-05:00,175.27077720416733,177.08918279763162,166.93153397693786,168.4077606201172,150185800
2021-12-17 00:00:00-05:00,166.12987292514003,169.59071677301714,165.89524955752734,167.3128204345703,195432700
2021-12-20 00:00:00-05:00,164.51674516713837,166.76531314131543,163.7150906232475,165.95387268066406,107499100
2021-12-21 00:00:00-05:00,167.72343104614094,169.3267554134747,165.33799395674112,169.1214599609375,91185900
2021-12-22 00:00:00-05:00,169.17031112645324,171.9272548095711,168.300214735498,171.71217346191406,92135300
2021-12-23 00:00:00-05:00,171.9174985527305,172.8951357013555,171.35046721642092,172.33787536621094,68356600
2021-12-27 00:00:00-05:00,173.12976761664484,176.38530127238838,173.11022561335014,176.2973175048828,74919600
2021-12-28 00:00:00-05:00,176.1311025117923,177.2749361221624,174.5375492742612,175.28054809570312,79144300
2021-12-29 00:00:00-05:00,175.31966069433915,176.59059189162147,174.15627017338588,175.36854553222656,62348900
2021-12-30 00:00:00-05:00,175.45652327947462,176.53193000592643,174.10737937130014,174.2149200439453,59773000
2021-12-31 00:00:00-05:00,174.10735949284833,175.22186501048878,173.29591904054473,173.5989990234375,64062300
2022-01-03 00:00:00-05:00,173.85321176039008,178.79028222604728,173.73590007898758,177.93972778320312,104487900
2022-01-04 00:00:00-05:00,178.54586564233023,178.84893075193062,175.1143499260673,175.68138122558594,99310400
2022-01-05 00:00:00-05:00,175.59339039534856,176.14086475419518,170.73453308424857,171.00827026367188,94537600
2022-01-06 00:00:00-05:00,168.83792269234627,171.3797850968752,167.80162976232634,168.15357971191406,96904000
2022-01-07 00:00:00-05:00,169.02367835082143,170.24572473108867,167.2052727402814,168.3197784423828,86709100
2022-01-10 00:00:00-05:00,165.29891809796788,168.6424359067065,164.40926456601338,168.33937072753906,106765600
2022-01-11 00:00:00-05:00,168.46644539148625,171.26247339503044,166.99998962694013,171.1647186279297,76138300
2022-01-12 00:00:00-05:00,172.18140117345925,173.21769387127404,170.91048517353082,171.60459899902344,74805200
2022-01-13 00:00:00-05:00,171.849085088803,172.6702968486557,167.94830685316055,168.33937072753906,84505800
2022-01-14 00:00:00-05:00,167.50832321300913,169.89375992557677,167.26391395832079,169.19964599609375,80440800
2022-01-18 00:00:00-05:00,167.6745127192973,168.68147761318977,165.62148401611884,166.0027618408203,90956700
2022-01-19 00:00:00-05:00,166.19831524532339,167.25416515581253,162.22911080921511,162.5126190185547,94815000
2022-01-20 00:00:00-05:00,163.24583471657064,165.8854518373375,160.50844792121475,160.83106994628906,91420500
2022-01-21 00:00:00-05:00,160.74307541554964,162.61036568511253,158.67048972769118,158.7780303955078,122848900
2022-01-24 00:00:00-05:00,156.44148123567246,158.67049246380245,151.2404450916643,158.0056915283203,162294600
2022-01-25 00:00:00-05:00,155.42468996639545,159.12015577425998,153.50853024549335,156.20680236816406,115798400
2022-01-26 00:00:00-05:00,159.84369205931444,160.71378862428045,154.2907195812304,156.118896484375,108275300
2022-01-27 00:00:00-05:00,158.8171416631375,160.1760566161972,154.74039680395836,155.6593780517578,121954600
2022-01-28 00:00:00-05:00,162.00422657695262,166.5404614570555,159.15929945417386,166.52090454101562,179935700
2022-01-31 00:00:00-05:00,166.3547503312831,171.08651082179728,165.71927719769477,170.87142944335938,115541600
2022-02-01 00:00:00-05:00,170.1186272242385,170.93006781127377,168.45664712970438,170.70521545410156,86213900
2022-02-02 00:00:00-05:00,170.84207875406224,171.94681342176997,169.45383589849953,171.90769958496094,84914300
2022-02-03 00:00:00-05:00,170.57811566132818,172.29876649074853,168.27089152715305,169.033447265625,89418100
2022-02-04 00:00:00-05:00,168.05455952783922,170.42346859121156,167.0756769166009,168.74957275390625,82465400
2022-02-07 00:00:00-05:00,169.20965988540354,170.2766384169295,167.33999039041194,168.03500366210938,77251200
2022-02-08 00:00:00-05:00,168.1035342150904,171.6471000057892,167.80986639624405,171.13807678222656,74829200
2022-02-09 00:00:00-05:00,172.33231049138615,172.91963117728815,171.20658637108463,172.5574493408203,71285000
2022-02-10 00:00:00-05:00,170.462637822063,171.7743370940817,167.92733513885554,168.48529052734375,90865900
2022-02-11 00:00:00-05:00,168.6908451580762,169.42500712943504,164.49143031742815,165.07876586914062,98670700
2022-02-14 00:00:00-05:00,163.8355528500562,165.99888966269845,163.04266044585623,165.3136749267578,86185500
2022-02-15 00:00:00-05:00,167.35956986279012,169.29775335068365,166.65477315145358,169.14112854003906,62527400
2022-02-16 00:00:00-05:00,168.22100455291906,169.67953027359678,166.45901263665095,168.90621948242188,61177400
2022-02-17 00:00:00-05:00,167.41826624498145,168.27968759105596,164.91232953264935,165.3136749267578,69589300
2022-02-18 00:00:00-05:00,166.23384762062662,166.93862933962222,162.68049906023276,163.76705932617188,82772700
2022-02-22 00:00:00-05:00,161.49607262837773,163.16996871038384,158.7258326412145,160.8500213623047,91162800
2022-02-23 00:00:00-05:00,162.04421705709984,162.64133603328534,156.37649344425944,156.6897430419922,90009200
2022-02-24 00:00:00-05:00,149.35793777917277,159.411068207212,148.79018396900835,159.3033905029297,141147500
2022-02-25 00:00:00-05:00,160.38010876655954,161.6330771993794,157.472826482258,161.36878967285156,91974200
2022-02-28 00:00:00-05:00,159.61662156600548,161.92678549313706,158.99992064321486,161.63311767578125,95056600
2022-03-01 00:00:00-05:00,161.22197083806662,163.0818568508139,158.5496253630897,159.75364685058594,83474400
2022-03-02 00:00:00-05:00,160.9185355637426,163.82581854222389,159.5089420061074,163.04270935058594,79724800
2022-03-03 00:00:00-05:00,164.91236813214016,165.34307890598984,162.0540324670775,162.71966552734375,76678400
2022-03-04 00:00:00-05:00,161.01642127862274,162.0540345545001,158.67689221468046,159.7242889404297,83737200
2022-03-07 00:00:00-05:00,159.91025004561254,161.53519862355543,155.6814703637219,155.9359893798828,96418800
2022-03-08 00:00:00-05:00,155.4661275372027,159.4403881412621,152.50989817230385,154.11526489257812,131148300
2022-03-09 00:00:00-05:00,158.06996768709067,159.95921898709753,156.04368834876885,159.50892639160156,91454900
2022-03-10 00:00:00-05:00,156.81697023000987,157.00296029096637,152.6860849715575,155.17245483398438,105342000
2022-03-11 00:00:00-05:00,155.57379764949783,155.91641251914996,151.23735509056115,151.46249389648438,96970100
2022-03-14 00:00:00-04:00,148.25177493215907,150.86538982544317,146.9302923114544,147.43930053710938,108732100
2022-03-15 00:00:00-04:00,147.713390079557,152.28478532825997,147.20438184151632,151.81491088867188,92964300
2022-03-16 00:00:00-04:00,153.73352378158447,156.6212246232631,151.19822129277074,156.21987915039062,102300200
2022-03-17 00:00:00-04:00,155.26060037752023,157.6001296550613,154.3012994227279,157.2281494140625,75615400
2022-03-18 00:00:00-04:00,157.1204422875064,161.0066074424884,156.3862803303168,160.5171661376953,123511700
2022-03-21 00:00:00-04:00,160.05709828830467,162.83713639325782,159.56765695852218,161.8876190185547,95811400
2022-03-22 00:00:00-04:00,162.0148902010955,165.84232561301783,161.42756947089018,165.2550048828125,81532000
2022-03-23 00:00:00-04:00,164.4424952526729,168.9942934206818,164.1096638130363,166.61561584472656,98062700
2022-03-24 00:00:00-04:00,167.44764277770662,170.46260275503545,166.6156015912022,170.3940887451172,90131400
2022-03-25 00:00:00-04:00,170.20810721060892,171.578536843318,169.10196511927478,171.03036499023438,80546200
2022-03-28 00:00:00-04:00,168.53422465828777,172.0190445148475,168.36781639958284,171.8917999267578,90371900
2022-03-29 00:00:00-04:00,172.95877935054617,175.22977935165113,172.6161644453855,175.18084716796875,100589400
2022-03-30 00:00:00-04:00,174.77948791199498,175.8171010585222,172.96854916161706,174.01596069335938,92633200
2022-03-31 00:00:00-04:00,174.0845012718467,174.27049138056105,170.7171422878286,170.92271423339844,103049300
2022-04-01 00:00:00-04:00,170.35495761395958,171.18701389593227,168.30909632537671,170.62904357910156,78751300
2022-04-04 00:00:00-04:00,170.88355800105404,174.72077634534207,170.75629847192283,174.6718292236328,76468400
2022-04-05 00:00:00-04:00,173.75165021722813,174.53475923368862,170.7366902126206,171.36317443847656,73401800
2022-04-06 00:00:00-04:00,168.72020734548278,169.963392443072,166.5373033062765,168.20140075683594,89058800
2022-04-07 00:00:00-04:00,167.5455515170426,169.69909027693134,166.26321768469555,168.50485229492188,77594700
2022-04-08 00:00:00-04:00,168.1524524173325,168.1524524173325,165.62693350816983,166.49813842773438,76575500
2022-04-11 00:00:00-04:00,165.1472853633742,165.46052001953282,162.0050657338506,162.24978637695312,72246700
2022-04-12 00:00:00-04:00,164.47185939466212,166.28278325109693,163.1209966207163,164.1194610595703,79265200
2022-04-13 00:00:00-04:00,163.85517369033073,167.42808955183875,163.24827119923606,166.80160522460938,70618900
2022-04-14 00:00:00-04:00,167.01697710019764,167.65325987659003,161.55480933143042,161.79953002929688,75329400
2022-04-18 00:00:00-04:00,160.45842830966066,163.0818413516457,160.11582837374732,161.5841522216797,69023900
2022-04-19 00:00:00-04:00,161.53519893963082,164.2760730051198,160.4486387361769,163.86492919921875,67723800
2022-04-20 00:00:00-04:00,165.19623667762264,165.31371275678185,162.59242008519655,163.69854736328125,67929800
2022-04-21 00:00:00-04:00,165.3430936610523,167.90776176039836,162.40644532626558,162.90567016601562,87227800
2022-04-22 00:00:00-04:00,162.94480808191494,164.32502122927878,158.08954369720692,158.3734130859375,84882400
2022-04-25 00:00:00-04:00,157.71760155404482,159.72431440347455,155.11378449938243,159.44044494628906,96046400
2022-04-26 00:00:00-04:00,158.82367584026736,158.9117716750652,153.41045714368724,153.48876953125,95623200
2022-04-27 00:00:00-04:00,152.61760570667977,156.41566043489684,152.09879906936447,153.263671875,88063200
2022-04-28 00:00:00-04:00,155.88709214046477,161.04580888521681,155.57384246237302,160.18438720703125,130216800
2022-04-29 00:00:00-04:00,158.42236732431553,162.69029635210208,153.92929946524063,154.3208465576172,131747600
2022-05-02 00:00:00-04:00,153.4007100151784,154.88860092145774,150.0333512355366,154.6243133544922,123055300
2022-05-03 00:00:00-04:00,154.8102670522691,157.31621889046943,153.01892515604405,156.1121826171875,88966500
2022-05-04 00:00:00-04:00,156.29820309411934,162.96439206944154,155.89685759161674,162.5141143798828,108256500
2022-05-05 00:00:00-04:00,160.38994926297363,160.6150881198339,151.67788357069364,153.45945739746094,130525300
2022-05-06 00:00:00-04:00,152.93986371222095,156.3023722983105,151.14587460582203,154.18487548828125,116124600
2022-05-09 00:00:00-04:00,151.88108159062776,152.763379211531,148.50879088738637,149.06756591796875,131577900
2022-05-10 00:00:00-04:00,152.45952464307157,153.6555174482576,149.92048190900607,151.46939086914062,115366700
2022-05-11 00:00:00-04:00,150.47925033829725,152.39087300235883,142.9405806152843,143.61700439453125,142689800
2022-05-12 00:00:00-04:00,139.9604210928437,143.32291464808353,136.06854586723028,139.75454711914062,182602000
2022-05-13 00:00:00-04:00,141.74459868206603,145.18553469561974,140.2937279042498,144.2150115966797,113990900
2022-05-16 00:00:00-04:00,142.68568558350242,144.61691862288893,141.34263600841436,142.67587280273438,86643800
2022-05-17 00:00:00-04:00,145.9305738468132,146.8226694807634,143.7934664467187,146.3031005859375,78336300
2022-05-18 00:00:00-04:00,143.9601314929513,144.46008977155722,137.14688920750964,138.04879760742188,109742900
2022-05-19 00:00:00-04:00,137.12729010884627,138.87226008655338,133.91183880440775,134.64707946777344,136095600
2022-05-20 00:00:00-04:00,136.3528207232791,137.93113785871375,130.00034593006458,134.88233947753906,137426100
2022-05-23 00:00:00-04:00,135.07838767461445,140.4407432989188,134.94114336987113,140.293701171875,117726300
2022-05-24 00:00:00-04:00,138.0389654521871,139.1761411372566,134.62745335548652,137.5978240966797,104132700
2022-05-25 00:00:00-04:00,135.70580258630076,138.99968110716551,135.61757730341805,137.7546844482422,92482700
2022-05-26 00:00:00-04:00,134.68629593603174,141.49952360823445,134.44121569632296,140.95054626464844,90601500
2022-05-27 00:00:00-04:00,142.52887188890233,146.7344424649416,142.40142537012454,146.6952362060547,90978500
2022-05-31 00:00:00-04:00,146.13644955191023,147.69515625482543,143.95032308788612,145.9109649658203,103718400
2022-06-01 00:00:00-04:00,146.95009283292427,148.75389460714223,144.7737792988703,145.7835235595703,74286600
2022-06-02 00:00:00-04:00,144.9208398093746,148.2931460840145,143.96992734384497,148.2343292236328,72348100
2022-06-03 00:00:00-04:00,144.0091352358549,145.05808578629097,141.6171647882395,142.51905822753906,88570300
2022-06-06 00:00:00-04:00,144.13655344098794,145.64625571792195,142.04846553260185,143.26406860351562,71598400
2022-06-07 00:00:00-04:00,141.50932395629872,146.06781003090646,141.26424373812605,145.7835235595703,67808200
2022-06-08 00:00:00-04:00,145.65608826850138,146.92069570984725,144.5581335933167,145.0482940673828,53950200
2022-06-09 00:00:00-04:00,144.18562036487367,145.0384948829892,139.72515664096548,139.83299255371094,69473000
2022-06-10 00:00:00-04:00,137.51941663931075,137.9899664897166,134.36278209908923,134.43141174316406,91437900
2022-06-13 00:00:00-04:00,130.2552525242583,132.53940235521404,128.85340060932865,129.2847442626953,122207100
2022-06-14 00:00:00-04:00,130.51011351307002,131.25515193955982,128.8925752102517,130.1473846435547,84784300
2022-06-15 00:00:00-04:00,131.64726649009233,134.63724775917188,129.5591934714462,132.76483154296875,91533000
2022-06-16 00:00:00-04:00,129.4807399797244,129.7846369567245,126.50055713232666,127.50048828125,108123900
2022-06-17 00:00:00-04:00,127.51036998343507,130.46113104749855,127.25547692933145,128.97103881835938,134520300
2022-06-21 00:00:00-04:00,130.79444423466086,134.36281257312174,130.69642109612053,133.19622802734375,81000500
2022-06-22 00:00:00-04:00,132.13743964836019,135.04899374439105,131.27476747959807,132.68643188476562,73409200
2022-06-23 00:00:00-04:00,134.12748814246305,135.86264504741038,132.9609040918498,135.5489501953125,72433800
2022-06-24 00:00:00-04:00,137.1468791706762,139.117333627322,137.01944763359853,138.87225341796875,89116800
2022-06-27 00:00:00-04:00,139.89178050713437,140.66624234545563,138.19582964679236,138.87225341796875,70207900
2022-06-28 00:00:00-04:00,139.3330131628478,140.59762053174873,134.61767206581916,134.7353057861328,67083400
2022-06-29 00:00:00-04:00,134.7548943447595,137.90171551636791,133.98043259004706,136.49005126953125,66242400
2022-06-30 00:00:00-04:00,134.5490335635321,135.64698810352084,131.1375212724895,134.0294647216797,98964500
2022-07-01 00:00:00-04:00,133.36285690870372,136.3038197907336,132.9903451154339,136.19598388671875,71051600
2022-07-05 00:00:00-04:00,135.05882114715405,138.82324999611623,134.23534018265374,138.77423095703125,73353800
2022-07-06 00:00:00-04:00,138.56835645511603,141.28383440664965,138.30366564043456,140.10745239257812,74064300
2022-07-07 00:00:00-04:00,140.47017616296918,143.66603189279604,140.4603783389641,143.469970703125,66253700
2022-07-08 00:00:00-04:00,142.4013924960781,144.646335480772,142.14651447587394,144.1463623046875,64547800
2022-07-11 00:00:00-04:00,142.8033331399919,143.7542455393016,140.95052737444695,142.01907348632812,63141600
2022-07-12 00:00:00-04:00,142.89157069008422,145.52863633565593,142.19555121961218,142.98960876464844,77588800
2022-07-13 00:00:00-04:00,140.17608985764943,143.56799177024092,139.3232005090592,142.62689208984375,71185600
2022-07-14 00:00:00-04:00,141.244640047542,146.01879814456234,140.4309718883509,145.54824829101562,78140700
2022-07-15 00:00:00-04:00,146.83244295612025,147.89119117713278,145.28353435270415,147.2147674560547,76259900
2022-07-18 00:00:00-04:00,147.77355664160174,148.58722466683977,143.81305239727462,144.17578125,81420900
2022-07-19 00:00:00-04:00,145.0090375439563,148.25389669881054,144.01891901249385,148.02842712402344,82982400
2022-07-20 00:00:00-04:00,148.14606057222576,150.69490039584335,147.41082004139457,150.0282745361328,64823400
2022-07-21 00:00:00-04:00,151.45959834271974,152.50854901941838,148.94997891240936,152.29287719726562,65086600
2022-07-22 00:00:00-04:00,152.33208328648058,153.2045683993023,150.39105184778396,151.0576629638672,66675400
2022-07-25 00:00:00-04:00,150.97921649648936,151.9889458272938,149.28326552705713,149.94007873535156,53623900
2022-07-26 00:00:00-04:00,149.2636538636445,150.07732200029463,147.83239373585778,148.6166534423828,55138700
2022-07-27 00:00:00-04:00,149.5773707705413,154.2338952339947,149.1656377708993,153.7045135498047,78620700
2022-07-28 00:00:00-04:00,153.8907958162713,154.53781130593885,151.37137847040182,154.25352478027344,81378700
2022-07-29 00:00:00-04:00,158.0669235799792,160.40988958103017,156.36116008489938,159.31192016601562,101786900
2022-08-01 00:00:00-04:00,157.84145882480365,160.3706884793457,157.72382510643268,158.3316192626953,67829400
2022-08-02 00:00:00-04:00,156.94938527079637,159.21392420256825,156.48863324172908,156.86114501953125,59907000
2022-08-03 00:00:00-04:00,157.67479700322565,163.3116417148104,157.58657171952117,162.86070251464844,82507500
2022-08-04 00:00:00-04:00,162.7430582477967,163.89984462441896,161.19414951620604,162.5469970703125,55474100
2022-08-05 00:00:00-04:00,160.22039768650808,162.8120387299593,160.0142377831412,162.32119750976562,56697000
2022-08-08 00:00:00-04:00,163.32253000929188,164.73615535552312,161.1922805564501,161.85000610351562,60276900
2022-08-09 00:00:00-04:00,161.0156004495246,162.78263230320212,160.25970057725633,161.89910888671875,63135500
2022-08-10 00:00:00-04:00,164.60854654925055,166.23814341245296,163.8428352480907,166.13998413085938,70170500
2022-08-11 00:00:00-04:00,166.9449048275435,167.85787723936662,165.10916355182533,165.40367126464844,57149200
2022-08-12 00:00:00-04:00,166.7093207555899,169.01626552422525,166.2970009450499,168.9475555419922,68039400
2022-08-15 00:00:00-04:00,168.37818541775778,170.21392688656005,168.21130119143814,170.01759338378906,54091700
2022-08-16 00:00:00-04:00,169.61511402434292,170.52808660786044,168.51563433427114,169.86053466796875,56377100
2022-08-17 00:00:00-04:00,169.60528281111644,172.92335934005538,169.4089493149704,171.35267639160156,79542000
2022-08-18 00:00:00-04:00,170.5673396933382,171.69626861182405,169.94887490568271,170.9600067138672,62290100
2022-08-19 00:00:00-04:00,169.86049350507304,170.5574945549501,168.17199868776328,168.37815856933594,70346300
2022-08-22 00:00:00-04:00,166.58172694573366,166.74861119438174,164.07843325743647,164.5005645751953,69026800
2022-08-23 00:00:00-04:00,164.0195321647684,165.6196796113523,163.5974008535258,164.16677856445312,54147100
2022-08-24 00:00:00-04:00,164.2551282502834,165.03065085876125,163.20472075222654,164.46127319335938,53841500
2022-08-25 00:00:00-04:00,165.68834809556023,167.02343670894956,165.26623186935652,166.9154510498047,51218200
2022-08-26 00:00:00-04:00,167.44563181749547,167.91683533755338,160.5640262370915,160.6229248046875,78961000
2022-08-29 00:00:00-04:00,158.19816763869952,159.9161124345619,156.89254277561915,158.42396545410156,73314000
2022-08-30 00:00:00-04:00,159.16019500251252,159.58231130465205,154.8309714061125,155.99917602539062,77906200
2022-08-31 00:00:00-04:00,157.3735291899389,157.63858767600124,154.2615972644816,154.3401336669922,87991100
2022-09-01 00:00:00-04:00,153.77079140207798,155.5181855673853,151.8368751102563,155.06661987304688,74229900
2022-09-02 00:00:00-04:00,156.82384189990486,157.42266906282578,152.13139887739348,152.9560089111328,76957800
2022-09-06 00:00:00-04:00,153.60388383195894,154.21252227519972,150.87480729194033,151.6994171142578,73714800
2022-09-07 00:00:00-04:00,151.98409298992328,153.80019664109167,150.7962505650505,153.10321044921875,87449600
2022-09-08 00:00:00-04:00,151.80737191866996,153.49586691377095,149.88326774543208,151.63067626953125,84923800
2022-09-09 00:00:00-04:00,152.62222024249937,154.92918072545984,151.91540745534934,154.48741149902344,68028800
2022-09-12 00:00:00-04:00,156.66672837890903,161.25118449428555,156.38204700518378,160.43638610839844,104956000
2022-09-13 00:00:00-04:00,156.97105902298662,157.59933535695706,150.56067213786505,151.02206420898438,122656600
2022-09-14 00:00:00-04:00,151.95465448242936,154.22235404144755,150.79627611743592,152.4651336669922,87965400
2022-09-15 00:00:00-04:00,151.81721471946022,152.3964188629796,148.60712326254628,149.5789794921875,90481100
2022-09-16 00:00:00-04:00,148.44021232229758,148.5776472684102,145.65222273370736,147.93954467773438,162278800
2022-09-19 00:00:00-04:00,146.57500265714634,151.72883546494634,146.36885773323408,151.65029907226562,81474200
2022-09-20 00:00:00-04:00,150.5900968013731,155.1843789131033,150.2759661753886,154.02598571777344,107689800
2022-09-21 00:00:00-04:00,154.45792171393398,155.83228620825895,150.78643873263653,150.90423583984375,101696800
2022-09-22 00:00:00-04:00,149.58880860884872,151.64052177438083,148.14573389948876,149.9422149658203,86652500
2022-09-23 00:00:00-04:00,148.42058784002563,148.6954577569954,145.83875792782328,147.67449951171875,96029900
2022-09-26 00:00:00-04:00,146.91861726875362,150.95333323742267,146.8989794231201,148.00828552246094,93339400
2022-09-27 00:00:00-04:00,149.94222342090066,151.88595100420483,147.20332025510484,148.98016357421875,84442700
2022-09-28 00:00:00-04:00,144.93562286555536,147.8806707549768,142.1869085062377,147.09532165527344,146691400
2022-09-29 00:00:00-04:00,143.42384928540386,144.0324877695267,138.10311583907216,139.87014770507812,128138200
2022-09-30 00:00:00-04:00,138.69210195416497,140.4787712884576,135.47218456289696,135.66851806640625,124925300
2022-10-03 00:00:00-04:00,135.67835835777296,140.44933637961338,135.1678792129988,139.84068298339844,114311700
2022-10-04 00:00:00-04:00,142.3734205948832,143.54162523892447,141.61752082886468,143.423828125,87830100
2022-10-05 00:00:00-04:00,141.43103055560152,144.68039782185656,140.39043433471556,143.7183380126953,79471000
2022-10-06 00:00:00-04:00,143.13912691743977,144.8374334955695,142.5599378213271,142.76608276367188,68402200
2022-10-07 00:00:00-04:00,139.9290298735793,140.47878470691822,136.8956342636469,137.52391052246094,85925600
2022-10-10 00:00:00-04:00,137.8478546142578,139.2909290851068,136.0317509799681,137.8478546142578,74899000
2022-10-11 00:00:00-04:00,137.33738075448184,138.76083241469453,135.68816128454225,136.43423461914062,77033700
2022-10-12 00:00:00-04:00,136.58147619996143,137.78894134975735,135.6292430799311,135.80593872070312,70433700
2022-10-13 00:00:00-04:00,132.51732843397534,140.95978909716513,131.90867508719168,140.37078857421875,113224000
2022-10-14 00:00:00-04:00,141.66661609125816,141.87277603175662,135.65872326737428,135.84524536132812,88598000
2022-10-17 00:00:00-04:00,138.48600126569377,140.282467627112,137.70065202144465,139.80145263671875,85250900
2022-10-18 00:00:00-04:00,142.8249846575733,144.01281203046764,138.03436952113134,141.11685180664062,99136600
2022-10-19 00:00:00-04:00,139.09461918905455,142.29489928414645,138.90809708603376,141.22486877441406,61758300
2022-10-20 00:00:00-04:00,140.40022528755236,143.21764906737312,140.03699260265552,140.76344299316406,64522000
2022-10-21 00:00:00-04:00,140.25296085326963,145.14175003074126,140.0369895251427,144.57237243652344,86548600
2022-10-24 00:00:00-04:00,144.49385104011358,147.47815927955588,143.32564645655586,146.7124481201172,75981900
2022-10-25 00:00:00-04:00,147.34071401880695,149.69676086548404,146.62409003086213,149.54949951171875,74732300
2022-10-26 00:00:00-04:00,148.19482861119383,149.2059606049606,145.32830191392304,146.61431884765625,88194300
2022-10-27 00:00:00-04:00,145.35775035197634,146.31979510961392,141.48991849585923,142.14764404296875,109180200
2022-10-28 00:00:00-04:00,145.4853431294892,154.61499335183578,145.11231396636444,152.88723754882812,164762400
2022-10-31 00:00:00-04:00,150.35450854811523,151.4147275390832,149.13721674827332,150.5312042236328,97943200
2022-11-01 00:00:00-04:00,152.23934967138234,152.60256746450293,146.39834080336652,147.89048767089844,80379300
2022-11-02 00:00:00-04:00,146.22162239502856,149.3826416112209,142.34397906464244,142.37342834472656,93604600
2022-11-03 00:00:00-04:00,139.45783369878677,140.1842842462697,136.2084665510831,136.33609008789062,97918500
2022-11-04 00:00:00-04:00,139.71867839937045,140.28900066971147,132.13735779737468,136.0706024169922,140814800
2022-11-07 00:00:00-05:00,134.82178704829124,136.8277351131925,133.40581664759068,136.60157775878906,83374600
2022-11-08 00:00:00-05:00,138.06672226567503,139.069688836373,135.19545550623369,137.17190551757812,89908500
2022-11-09 00:00:00-05:00,136.18853277126863,136.23770130739123,132.343784310092,132.61911010742188,74917800
2022-11-10 00:00:00-05:00,138.88286812786214,144.4188995361328,137.171901375878,144.4188995361328,118854000
2022-11-11 00:00:00-05:00,143.38642351170455,147.50648417895965,141.96061049585242,147.20166015625,93979700
2022-11-14 00:00:00-05:00,146.48386123047396,147.77199641885335,144.96955367768106,145.8053741455078,73374100
2022-11-15 00:00:00-05:00,149.67962155098414,151.02675299903876,146.0806992107757,147.53599548339844,89868300
2022-11-16 00:00:00-05:00,146.64114554942861,147.36878594446117,144.8318422601719,146.3068084716797,64218300
2022-11-17 00:00:00-05:00,143.98623783804743,148.95196191687904,143.71091192910288,148.20465087890625,80389400
2022-11-18 00:00:00-05:00,149.76811828911318,150.15160903599656,147.46717380781297,148.76513671875,74829600
2022-11-21 00:00:00-05:00,147.65399909356225,147.8604860232478,145.2547175972566,145.5398712158203,58724100
2022-11-22 00:00:00-05:00,145.65788443814483,147.909660354169,144.47789906303868,147.6736602783203,51804100
2022-11-23 00:00:00-05:00,146.95583870512687,149.29612388958984,146.84767388557262,148.54881286621094,58301400
2022-11-25 00:00:00-05:00,145.83488861865806,146.39538323134536,144.6647458342524,145.6382293701172,35195900
2022-11-28 00:00:00-05:00,142.71777000634125,144.19273663104678,140.98714790150922,141.81312561035156,69246000
2022-11-29 00:00:00-05:00,141.8819517027843,142.39327767480953,138.007718580844,138.81402587890625,83763800
2022-11-30 00:00:00-05:00,139.04018245155586,146.23802684928043,138.2043770255708,145.55953979492188,111380900
2022-12-01 00:00:00-05:00,145.73651677852905,146.6411610165093,144.16321331865586,145.8348388671875,71250400
2022-12-02 00:00:00-05:00,143.52408428382984,145.53003217962117,143.21924526160134,145.34320068359375,65447400
2022-12-05 00:00:00-05:00,145.3038811249747,148.4013049961633,143.33725898348703,144.1829071044922,68826400
2022-12-06 00:00:00-05:00,144.615540296504,144.84169760083205,139.5514801929375,140.52496337890625,64727200
2022-12-07 00:00:00-05:00,139.817029693259,140.97732977170875,137.663575645007,138.587890625,69721100
2022-12-08 00:00:00-05:00,139.9841640195035,141.12480845757423,138.7451974772698,140.26931762695312,62128300
2022-12-09 00:00:00-05:00,139.96449489513216,143.14060047218985,138.54852454565471,139.78750610351562,76097000
2022-12-12 00:00:00-05:00,140.31847817047847,142.0884409898644,138.7058487137347,142.07861328125,70462700
2022-12-13 00:00:00-05:00,147.00500937638787,147.4671667934874,141.83279839446703,143.04226684570312,93886200
2022-12-14 00:00:00-05:00,142.9242927483946,144.2124280542218,138.80421630941913,140.82000732421875,82291200
2022-12-15 00:00:00-05:00,138.75503452609877,139.43352160827794,133.7598121718234,134.2219696044922,98931900
2022-12-16 00:00:00-05:00,134.4087776749108,135.35274779526193,131.49817062820333,132.26515197753906,160156900
2022-12-19 00:00:00-05:00,132.8551509782634,132.94364536804903,129.12840885731634,130.16087341308594,79592600
2022-12-20 00:00:00-05:00,129.19722445474264,131.02618341248566,127.72225803734129,130.092041015625,77432800
2022-12-21 00:00:00-05:00,130.76068907847488,134.52677190815584,130.53453175568677,133.18946838378906,85928000
2022-12-22 00:00:00-05:00,132.10782262615243,132.314309508476,128.12541056444581,130.023193359375,77852100
2022-12-23 00:00:00-05:00,128.7350936895975,130.21006041152802,127.47645662054781,129.65940856933594,63814900
2022-12-27 00:00:00-05:00,129.18739241986506,129.21689054689435,126.5717817929533,127.85991668701172,69007800
2022-12-28 00:00:00-05:00,127.50594763388183,128.84325132058044,123.76936998157427,123.93653106689453,85438400
2022-12-29 00:00:00-05:00,125.8539785961876,128.30242099857716,125.59832312588058,127.44694519042969,75703700
2022-12-30 00:00:00-05:00,126.26698977683235,127.78128236285382,125.30334153820444,127.76161193847656,77034200
2023-01-03 00:00:00-05:00,128.10575347623433,128.71540148347327,122.09772277878758,122.98270416259766,112117500
2023-01-04 00:00:00-05:00,124.77233620258212,126.51280092971427,122.9925456360047,124.25118255615234,89113600
2023-01-05 00:00:00-05:00,125.0083349534918,125.63765344479737,122.67789249421179,122.93354797363281,80962700
2023-01-06 00:00:00-05:00,123.90704074173942,128.11560378272642,122.80572954739813,127.456787109375,87754700
2023-01-09 00:00:00-05:00,128.292610198386,131.18354745345354,127.72228791640812,127.97794342041016,70790800
2023-01-10 00:00:00-05:00,128.08609090104719,129.06940194282927,125.98180587179891,128.54824829101562,63896200
2023-01-11 00:00:00-05:00,129.05956971451124,131.28184718963053,128.28276062052532,131.26219177246094,69458900
2023-01-12 00:00:00-05:00,131.6456901154858,132.0193381171801,129.24640871746402,131.18353271484375,71379600
2023-01-13 00:00:00-05:00,129.8265664212103,132.6683349676498,129.46274610687883,132.51100158691406,57809700
2023-01-17 00:00:00-05:00,132.5798345273993,134.99877137842552,131.89151977321038,133.6713104248047,63646600
2023-01-18 00:00:00-05:00,134.5366534532576,136.296774002363,132.77651790001315,132.95352172851562,69672800
2023-01-19 00:00:00-05:00,131.84232408727254,133.97610688822573,131.53750011629828,133.01246643066406,58280400
2023-01-20 00:00:00-05:00,133.02233471040634,135.71661273457056,131.98002726434026,135.56910705566406,80223600
2023-01-23 00:00:00-05:00,135.81492969380113,140.92815961902411,135.59860004292767,138.75503540039062,81760300
2023-01-24 00:00:00-05:00,137.96838472187488,140.77082749424633,137.95855701188813,140.15133666992188,66435100
2023-01-25 00:00:00-05:00,138.53869500355867,140.0529874380773,136.49340619294276,139.4925079345703,65799300
2023-01-26 00:00:00-05:00,140.78065564701856,141.8426334902846,139.53184628445516,141.55747985839844,54105100
2023-01-27 00:00:00-05:00,140.77085209552519,144.77292136359273,140.69218538947123,143.49461364746094,70555800
2023-01-30 00:00:00-05:00,142.54077586673455,143.12092578303154,140.46598895897412,140.6134796142578,64015300
2023-01-31 00:00:00-05:00,140.31848180314623,141.93111130163894,139.9054929686203,141.88194274902344,65874500
2023-02-01 00:00:00-05:00,141.56728874190614,144.16322923439725,138.96152054070433,143.00291442871094,77663600
2023-02-02 00:00:00-05:00,146.4149779827907,148.65692549625814,145.69716527119672,148.30294799804688,118339000
2023-02-03 00:00:00-05:00,145.5595309829737,154.75349514117664,145.36287177724367,151.9215545654297,154357300
2023-02-06 00:00:00-05:00,150.02377712562708,150.54493079230497,148.26364190831887,149.19778442382812,69858300
2023-02-07 00:00:00-05:00,148.12598902287087,152.63938353904294,148.12598902287087,152.06906127929688,83322600
2023-02-08 00:00:00-05:00,151.3119247541495,152.00023955919008,148.64714493246836,149.38462829589844,64120100
2023-02-09 00:00:00-05:00,151.213581264491,151.75440537570756,147.9096553354024,148.35214233398438,56007100
2023-02-10 00:00:00-05:00,147.19007494553122,149.04151212756338,146.95371454850684,148.71652221679688,57450700
2023-02-13 00:00:00-05:00,148.65743217523777,151.91715888947925,148.62788900472555,151.51339721679688,62199000
2023-02-14 00:00:00-05:00,149.80964612462722,151.4345954776921,148.56878800441328,150.8732452392578,61707600
2023-02-15 00:00:00-05:00,150.78463194852628,153.13833305811258,150.5581292969133,152.97091674804688,65573800
2023-02-16 00:00:00-05:00,151.17854429955682,153.95572244720177,151.02098573800205,151.37551879882812,68167900
2023-02-17 00:00:00-05:00,150.03619479649413,150.6763169294936,148.55897600306773,150.233154296875,59144100
2023-02-21 00:00:00-05:00,147.9188390818426,149.00213887625634,146.15603126407484,146.22496032714844,58867200
2023-02-22 00:00:00-05:00,146.60900607426132,147.67260518894304,144.92498541296462,146.64840698242188,51011300
2023-02-23 00:00:00-05:00,147.81048914517564,148.05669224456878,145.00378282832062,147.13096618652344,48394200
2023-02-24 00:00:00-05:00,144.87574571223192,144.95453250364176,143.50685714395402,144.48182678222656,55469600
2023-02-27 00:00:00-05:00,145.46665970602933,146.90447752822308,145.21059884097443,145.6734619140625,44998500
2023-02-28 00:00:00-05:00,144.81668575965537,146.81585399639758,144.60002580056587,145.1712188720703,50547000
2023-03-01 00:00:00-05:00,144.600022862706,144.99394185647634,142.80765687884437,143.1031036376953,55479000
2023-03-02 00:00:00-05:00,142.1872382713636,144.48185327566276,141.7145174362223,143.69400024414062,52238100
2023-03-03 00:00:00-05:00,145.79161175732688,148.8149928448926,145.0924034132026,148.7362060546875,70732300
2023-03-06 00:00:00-05:00,151.4542972077173,153.92618602775224,151.1293223291666,151.4936981201172,87558000
2023-03-07 00:00:00-05:00,151.36567408118486,151.69066400049135,148.83471383986452,149.29757690429688,56182000
2023-03-08 00:00:00-05:00,150.48916195859897,151.13914166926784,149.52405013269365,150.54824829101562,47204800
2023-03-09 00:00:00-05:00,151.2277963802791,152.1929083670859,147.9483691410299,148.3029022216797,53833600
2023-03-10 00:00:00-05:00,147.92869544727571,148.64760438030467,145.3681768808884,146.24465942382812,68572400
2023-03-13 00:00:00-04:00,145.56516327932812,150.81421679148337,145.45683328087654,148.1847686767578,84457100
2023-03-14 00:00:00-04:00,148.98242012042218,151.07021762009597,147.82034869008896,150.27252197265625,73695900
2023-03-15 00:00:00-04:00,148.8937927615987,150.92250395033966,147.64307677577528,150.6664581298828,77167900
2023-03-16 00:00:00-04:00,149.84905684492745,154.08375312665916,149.33695019463687,153.48301696777344,76161100
2023-03-17 00:00:00-04:00,153.70951897971963,154.35949876084172,151.93685367986137,152.6459197998047,98944600
2023-03-20 00:00:00-04:00,152.71489092530072,155.42312546588803,151.80885014610277,155.00949096679688,73641400
2023-03-21 00:00:00-04:00,154.9307374832292,156.97913462658934,154.16256977065802,156.8609619140625,73938300
2023-03-22 00:00:00-04:00,156.88062840402722,159.67749219321786,155.41325242402124,155.43295288085938,75701800
2023-03-23 00:00:00-04:00,156.41774787367245,159.09643867673987,155.28520465118157,156.51622009277344,67622100
2023-03-24 00:00:00-04:00,156.44728881765926,157.90480687220796,155.45263376473136,157.81617736816406,59196500
2023-03-27 00:00:00-04:00,157.5109061704178,158.32830230982592,155.47233717929535,155.87611389160156,52390300
2023-03-28 00:00:00-04:00,155.57082346557496,156.0829301456233,153.6110412861723,155.25567626953125,45992200
2023-03-29 00:00:00-04:00,156.94957673019417,158.60406968566105,156.929891297985,158.3283233642578,51305700
2023-03-30 00:00:00-04:00,159.07676882534926,160.0024950198449,158.8207229739758,159.8941650390625,49501700
2023-03-31 00:00:00-04:00,159.97293860815142,162.49405610459849,159.45098920585787,162.39556884765625,68749800
2023-04-03 00:00:00-04:00,161.775178500926,163.76448923786776,161.72593486293172,163.6463165283203,56976200
2023-04-04 00:00:00-04:00,164.06975594835677,164.30610131295074,162.60238002597387,163.11448669433594,46278300
2023-04-05 00:00:00-04:00,162.2380152446489,162.54330471265868,159.34266411557562,161.27288818359375,51511700
2023-04-06 00:00:00-04:00,159.96306777674639,162.45465692468338,159.5396056660462,162.15921020507812,45390100
2023-04-10 00:00:00-04:00,158.96844706639095,159.56918334960938,157.64880179736934,159.56918334960938,47716900
2023-04-11 00:00:00-04:00,159.88429605818737,159.8941387722609,158.0722298566841,158.3578338623047,47644200
2023-04-12 00:00:00-04:00,158.77145737665472,159.59869619161648,157.35332510698044,157.66847229003906,50133100
2023-04-13 00:00:00-04:00,159.17525665056672,163.28192316496492,158.9684394039646,163.04556274414062,68445600
2023-04-14 00:00:00-04:00,162.09025757823102,163.79399372639534,161.33196290458474,162.7008514404297,49386500
2023-04-17 00:00:00-04:00,162.58270789230806,162.87815467656333,161.53880894471416,162.7205810546875,41516200
2023-04-18 00:00:00-04:00,163.57733566867122,164.86743742961687,163.13415809407996,163.94171142578125,49923000
2023-04-19 00:00:00-04:00,163.2819130529251,165.60607111909823,163.02585218946155,165.08412170410156,47720200
2023-04-20 00:00:00-04:00,163.5675258869679,165.32049116381157,163.04557639594412,164.1190185546875,52456400
2023-04-21 00:00:00-04:00,162.54327607753027,163.92200731179602,161.99178358382397,162.51373291015625,58337300
2023-04-24 00:00:00-04:00,162.49407133338445,163.08496487632468,161.400928797878,162.81906127929688,41949600
2023-04-25 00:00:00-04:00,162.68119268208375,163.78417796430023,161.2433597017252,161.2827606201172,48714100
2023-04-26 00:00:00-04:00,160.58352244501583,162.7698073781101,160.32747660698578,161.27288818359375,45498800
2023-04-27 00:00:00-04:00,162.6811671878293,165.9999802574992,162.6811671878293,165.85226440429688,64902300
2023-04-28 00:00:00-04:00,165.9310218332577,167.27036709773776,165.33028575815172,167.10293579101562,55275900
2023-05-01 00:00:00-04:00,166.70905380019818,167.86128258741087,166.07877442017465,167.01434326171875,52472900
2023-05-02 00:00:00-04:00,167.50673256610264,167.76279339985444,164.99545801480568,165.9802703857422,48425700
2023-05-03 00:00:00-04:00,166.92572910723644,168.32416114075937,164.6212713207429,164.9068603515625,65136000
2023-05-04 00:00:00-04:00,162.38570858289833,164.50304913491388,161.8145156138655,163.27203369140625,81235400
2023-05-05 00:00:00-04:00,168.38325340001882,171.65283843062485,168.1665934268077,170.93392944335938,113453200
2023-05-08 00:00:00-04:00,169.86044681233003,171.20965008439242,169.49607101524845,170.86495971679688,55962800
2023-05-09 00:00:00-04:00,170.42179836441701,170.9043468501181,168.993823309898,169.16123962402344,45326900
2023-05-10 00:00:00-04:00,170.39223444016065,171.38688948895523,169.28923440637098,170.9240264892578,53724500
2023-05-11 00:00:00-04:00,171.20964753246403,171.93839911576495,169.5551548305296,171.1111602783203,49514700
2023-05-12 00:00:00-04:00,171.2196142676148,171.6535334613317,168.63584185680983,170.18414306640625,45533100
2023-05-15 00:00:00-04:00,170.7659972586019,170.81530899814229,169.09935977781652,169.69107055664062,37266700
2023-05-16 00:00:00-04:00,169.61217478294208,170.74626955321972,169.42479920138675,169.69107055664062,42110300
2023-05-17 00:00:00-04:00,169.33607370599472,170.53919306240596,168.06389984598047,170.30252075195312,57951600
2023-05-18 00:00:00-04:00,170.60820660461047,172.81724313624747,170.19401507639674,172.62986755371094,65496700
2023-05-19 00:00:00-04:00,173.95134816577144,173.95134816577144,172.5213979143073,172.7383575439453,55809500
2023-05-22 00:00:00-04:00,171.57466634347682,172.2945846931845,171.0519949677244,171.7916259765625,43570900
2023-05-23 00:00:00-04:00,170.73639628329747,170.98293990870613,168.91196743614205,169.18809509277344,50747300
2023-05-24 00:00:00-04:00,168.7246024757336,170.03621645106807,168.16249079935005,169.4642333984375,45143500
2023-05-25 00:00:00-04:00,170.02637505144457,171.49576564962197,169.31632809947834,170.59835815429688,56058300
2023-05-26 00:00:00-04:00,170.92380920574092,173.33993425328168,170.71670589408566,173.00462341308594,54835000
2023-05-30 00:00:00-04:00,174.5134895983742,176.51542312806916,174.1288820495124,174.84878540039062,55964400
2023-05-31 00:00:00-04:00,174.87834951174753,176.87042648421155,174.3162227478627,174.79945373535156,99625300
2023-06-01 00:00:00-04:00,175.24323239604442,177.62977324467488,174.4838737017158,177.60018920898438,68901800
2023-06-02 00:00:00-04:00,178.52719900186148,179.26683000310032,176.7816656255451,178.44830322265625,61996900
2023-06-05 00:00:00-04:00,180.10506441660397,182.39298156722955,175.57851175717974,177.09722900390625,121946500
2023-06-06 00:00:00-04:00,177.4818481362361,177.62976831057978,174.97695616659206,176.73236083984375,64848400
2023-06-07 00:00:00-04:00,175.9730110061888,178.70471906299082,174.86850018805862,175.36158752441406,61944600
2023-06-08 00:00:00-04:00,175.44044804834044,178.3398036598064,175.00654388250445,178.07354736328125,50214900
2023-06-09 00:00:00-04:00,178.99068805786467,179.71059129506313,178.13272098000036,178.45816040039062,48900000
2023-06-12 00:00:00-04:00,178.76390437463206,181.34767745099242,178.468048934722,181.24905395507812,54274900
2023-06-13 00:00:00-04:00,180.27273686584886,181.60406367252176,179.91771337450308,180.7756805419922,54929100
2023-06-14 00:00:00-04:00,180.8348467124019,181.84074910193183,179.50351991974284,181.40682983398438,57462900
2023-06-15 00:00:00-04:00,181.41667817053525,183.94128262941163,181.23915892536104,183.43832397460938,65433200
2023-06-16 00:00:00-04:00,184.14837692000424,184.40479194393566,181.72239585614398,182.3634033203125,101256200
2023-06-20 00:00:00-04:00,181.86046794433722,183.52710548415504,181.86046794433722,182.45216369628906,49799100
2023-06-21 00:00:00-04:00,182.34366316376426,182.8466218007744,180.06560242478363,181.4166717529297,49515700
2023-06-22 00:00:00-04:00,181.19971869233248,184.46395407144706,181.1306792503188,184.41464233398438,51245300
2023-06-23 00:00:00-04:00,182.98469303577104,184.96689848868263,182.45215034536935,184.09906005859375,53117000
2023-06-26 00:00:00-04:00,184.2470331308546,185.4501675478517,182.66914748789137,182.70860290527344,48088700
2023-06-27 00:00:00-04:00,183.31997931240525,185.78541559077308,183.10301971608257,185.45997619628906,50730800
2023-06-28 00:00:00-04:00,185.33178721386028,187.27455239917202,185.00636283468697,186.633544921875,51216800
2023-06-29 00:00:00-04:00,186.4658826988121,187.4422009047134,186.32781886596203,186.9688262939453,46347300
2023-06-30 00:00:00-04:00,188.98065447297634,191.79124321876165,188.61575961709715,191.28829956054688,85213200
2023-07-03 00:00:00-04:00,191.10093714903454,191.19956064074086,189.10885998965753,189.7991943359375,31458200
2023-07-05 00:00:00-04:00,188.92147125163748,190.311965971159,187.98459336367247,188.68478393554688,46920300
2023-07-06 00:00:00-04:00,187.2153769807983,189.36524537083605,186.5842258571581,189.15814208984375,45094300
2023-07-07 00:00:00-04:00,188.76366516963594,190.00623962579556,187.6098428072387,188.0437469482422,46815000
2023-07-10 00:00:00-04:00,186.6434184249519,187.36333679085425,184.45410938571575,186.00241088867188,59922200
2023-07-11 00:00:00-04:00,186.5447914459214,186.68285528837708,184.02018687082855,185.47972106933594,46638100
2023-07-12 00:00:00-04:00,187.05759515232103,189.04967210294507,185.86433228601203,187.1463623046875,60750200
2023-07-13 00:00:00-04:00,187.86624506525828,188.5467078881079,187.15619821079162,187.9056854248047,41342300
2023-07-14 00:00:00-04:00,187.59998771190843,188.53685056119244,187.00829198764853,188.0536346435547,41616200
2023-07-17 00:00:00-04:00,189.24689758888442,191.63345333608896,189.15814548736353,191.30801391601562,50520200
2023-07-18 00:00:00-04:00,190.67688432979497,191.6433313227349,189.75973403360663,191.05162048339844,48288200
2023-07-19 00:00:00-04:00,190.4303301514657,195.48939585264796,189.9865395225249,192.40267944335938,80507300
2023-07-20 00:00:00-04:00,192.39277822300156,193.7537038386121,189.83858989767532,190.4598846435547,59581200
2023-07-21 00:00:00-04:00,191.4164870851642,192.2744541324422,188.58615588066942,189.28634643554688,71951700
2023-07-24 00:00:00-04:00,190.73603816687742,192.21530010696893,189.59207198839397,190.0851593017578,45377800
2023-07-25 00:00:00-04:00,190.6571617022808,191.7518162507371,190.25282645288883,190.94314575195312,37283200
2023-07-26 00:00:00-04:00,190.99243214213982,192.9351972994816,190.64728006234532,191.8109588623047,47471900
2023-07-27 00:00:00-04:00,193.3099676892758,194.4736466049838,189.88794029801272,190.54867553710938,47460200
2023-07-28 00:00:00-04:00,191.97862287270013,193.9115318637554,191.45595149688123,193.12258911132812,48291400
2023-07-31 00:00:00-04:00,193.34938604539337,193.77344894031904,192.56044337061044,193.73399353027344,38824100
2023-08-01 00:00:00-04:00,193.52690392813534,194.0101198390568,192.58016971551623,192.90560913085938,35175100
2023-08-02 00:00:00-04:00,192.3434921357412,192.48155598125388,189.19760772385698,189.91751098632812,50389300
2023-08-03 00:00:00-04:00,188.9215022402868,189.71042999433632,188.0536636534335,188.5270233154297,61235200
2023-08-04 00:00:00-04:00,182.95511789971007,184.78940327661547,179.40488328381886,179.4739227294922,115956800
2023-08-07 00:00:00-04:00,179.6119861039443,180.59816071157974,174.89807268327345,176.37733459472656,97576100
2023-08-08 00:00:00-04:00,177.20572916857282,177.77771228390873,175.12490000933562,177.314208984375,67823000
2023-08-09 00:00:00-04:00,178.3693964131728,178.42856448196,174.56276182695083,175.72645568847656,60378500
2023-08-10 00:00:00-04:00,176.99863993985085,178.2510860859084,175.14464164213348,175.509521484375,54686900
2023-08-11 00:00:00-04:00,175.10461152163393,176.38835756307438,174.34422750725284,175.5687255859375,52036700
2023-08-14 00:00:00-04:00,175.74649049543365,177.44500246999712,175.09473274674426,177.21788024902344,43675600
2023-08-15 00:00:00-04:00,176.64511288490613,177.2376075606865,174.83797474088598,175.23297119140625,43622600
2023-08-16 00:00:00-04:00,174.91699954220002,176.30937200366554,174.29486573787133,174.36399841308594,46964900
2023-08-17 00:00:00-04:00,174.92688028330798,175.29225282363015,171.31260330101006,171.82611083984375,66062900
2023-08-18 00:00:00-04:00,170.14734105941557,172.91236175457905,169.81159252872837,172.3099822998047,61172200
2023-08-21 00:00:00-04:00,172.88275833759562,173.92951274494206,171.56937297444222,173.64312744140625,46311900
2023-08-22 00:00:00-04:00,174.84785755399471,175.46010661888187,174.04797988711957,175.01573181152344,42038900
2023-08-23 00:00:00-04:00,176.28962468028294,179.28176749229362,176.1019960768648,178.8571319580078,52722800
2023-08-24 00:00:00-04:00,178.4127876208845,178.8374232276998,173.8110039705464,174.1763916015625,54945800
2023-08-25 00:00:00-04:00,175.1638506244018,176.91172570988553,173.62334339807447,176.37847900390625,51449600
2023-08-28 00:00:00-04:00,177.83999456976295,178.33374768816518,176.31924159506977,177.93875122070312,43820700
2023-08-29 00:00:00-04:00,177.45489519701718,182.5899254092932,177.25739693272806,181.81967163085938,53003900
2023-08-30 00:00:00-04:00,182.62943856671393,185.5030858470339,182.43194029759772,185.30557250976562,60813900
2023-08-31 00:00:00-04:00,185.4931879048022,186.75719481874472,185.13768501849643,185.52281188964844,60794500
2023-09-01 00:00:00-04:00,187.12258052751662,187.54720101813678,185.92769123419916,187.09295654296875,45766500
2023-09-05 00:00:00-04:00,185.92769881238064,187.60645663383806,185.26607135025952,187.3299560546875,45280000
2023-09-06 00:00:00-04:00,186.0461707664675,186.49056063180015,179.2027597126584,180.62477111816406,81755800
2023-09-07 00:00:00-04:00,172.99135904079122,175.98351721110967,171.3718491931888,175.3416290283203,112488800
2023-09-08 00:00:00-04:00,176.12176201867752,177.98814840122637,175.56874581023814,175.95387268066406,65551300
2023-09-11 00:00:00-04:00,177.82026144859472,178.0473836718388,175.1243584797436,177.11912536621094,58953100
2023-09-12 00:00:00-04:00,177.24749835360407,177.87950173703112,172.6358460753217,174.09735107421875,90370200
2023-09-13 00:00:00-04:00,174.30474566083996,175.0848841389881,171.80635572558617,172.0334930419922,84267900
2023-09-14 00:00:00-04:00,171.82612118103754,173.89989073979382,171.41137028291678,173.5443878173828,60895800
2023-09-15 00:00:00-04:00,174.27512191376346,174.29487626046748,171.64836639188815,172.823486328125,109259500
2023-09-18 00:00:00-04:00,174.2751461181845,177.1389240619443,173.96902150843772,175.7465362548828,67257600
2023-09-19 00:00:00-04:00,175.30212586469654,177.38576479928514,174.91699900323943,176.832763671875,51826900
2023-09-20 00:00:00-04:00,177.0203732393163,177.45487842056565,173.20859833310675,173.2974853515625,58436200
2023-09-21 00:00:00-04:00,172.36922214048295,174.0973581099587,171.6878404044714,171.7569580078125,63149100
2023-09-22 00:00:00-04:00,172.48773574692532,174.8676297137013,171.87548661966315,172.60623168945312,56725400
2023-09-25 00:00:00-04:00,172.02359502231215,174.75899170155245,171.97421669351675,173.88011169433594,46172700
2023-09-26 00:00:00-04:00,172.63588402695854,173.01112622988728,169.5153600429677,169.81161499023438,64588900
2023-09-27 00:00:00-04:00,170.4633463371719,170.87809720821267,166.93795639924983,168.3007049560547,66921800
2023-09-28 00:00:00-04:00,167.2243401117975,169.8807348967939,165.52582779726043,168.55747985839844,56294400
2023-09-29 00:00:00-04:00,169.87081569769032,170.9077001905232,168.211797495528,169.07093811035156,51861100
2023-10-02 00:00:00-04:00,169.08084887750982,172.12237043121976,168.79446358018748,171.57923889160156,52164500
2023-10-03 00:00:00-04:00,170.1078282132375,171.46072207785286,168.6858318118607,170.24607849121094,49594600
2023-10-04 00:00:00-04:00,168.95244285882518,172.03347264460572,168.83394692911625,171.49034118652344,53020300
2023-10-05 00:00:00-04:00,171.61871413723316,173.2579782200924,170.52258153582127,172.7247314453125,48527900
2023-10-06 00:00:00-04:00,171.62862082907643,175.76627518846593,171.01635659512883,175.27252197265625,57266700
2023-10-09 00:00:00-04:00,174.6009972191987,176.81301689163445,173.60362121945622,176.75376892089844,42390800
2023-10-10 00:00:00-04:00,175.8748846750232,177.47464011941017,175.72674968355904,176.1612548828125,43698000
2023-10-11 00:00:00-04:00,175.9736336691769,177.60302823490863,175.38113888285298,177.55364990234375,47551100
2023-10-12 00:00:00-04:00,177.82025187235598,180.06188013769966,176.80310660532254,178.45225524902344,56743100
2023-10-13 00:00:00-04:00,179.1533924067404,179.6570151987734,175.91437292525092,176.61550903320312,51427100
2023-10-16 00:00:00-04:00,174.5417330268598,176.84262444155877,174.3047260977915,176.48712158203125,52517000
2023-10-17 00:00:00-04:00,174.44296868905948,176.19085892709333,172.6160912129652,174.9367218017578,57549400
2023-10-18 00:00:00-04:00,173.38638119353993,175.36139405816417,172.92225196490105,173.64312744140625,54764400
2023-10-19 00:00:00-04:00,173.84062376512662,175.6181383369893,173.0012523479638,173.26788330078125,59302900
2023-10-20 00:00:00-04:00,173.11972583296543,173.22835212793277,170.4830858385587,170.7200927734375,64244000
2023-10-23 00:00:00-04:00,168.77472302133776,171.8359838309846,167.80695589693704,170.83860778808594,55980100
2023-10-24 00:00:00-04:00,170.88794448829165,171.50019348742782,169.30792860053273,171.2730712890625,43816600
2023-10-25 00:00:00-04:00,169.73259505065448,170.89784530264086,168.51795139973865,168.96234130859375,57157000
2023-10-26 00:00:00-04:00,168.2414494672427,169.2388405091802,163.600172706508,164.804931640625,70625300
2023-10-27 00:00:00-04:00,164.82468576422622,166.8490767618186,164.7456834493569,166.11831665039062,58499100
2023-10-30 00:00:00-04:00,166.90830774256386,169.0314401165317,166.7601727667049,168.1624298095703,51131000
2023-10-31 00:00:00-04:00,167.23420217717043,168.76482492650203,165.80230595130433,168.63645935058594,44846000
2023-11-01 00:00:00-04:00,168.86356825336904,172.0532092124064,167.99455793411695,171.7964630126953,56934900
2023-11-02 00:00:00-04:00,173.32711052996643,175.5588693503195,173.26786256268767,175.35150146484375,77334800
2023-11-03 00:00:00-04:00,172.06311427874405,174.61088250590672,171.18423421755685,174.4429931640625,79829200
2023-11-06 00:00:00-05:00,174.1763842242903,177.1882666996337,174.0085099439187,176.9907684326172,63841300
2023-11-07 00:00:00-05:00,176.94138484513783,180.1606652677133,176.7340169447808,179.5484161376953,70530000
2023-11-08 00:00:00-05:00,180.07176426042716,181.1580120556029,179.3212498937122,180.60501098632812,49340300
2023-11-09 00:00:00-05:00,180.67414339377055,181.81963914926845,179.5385022077218,180.13101196289062,53763500
2023-11-10 00:00:00-05:00,181.91086536697577,184.48177017271385,181.47578777634308,184.31365966796875,66133400
2023-11-13 00:00:00-05:00,183.74018560328048,183.94782669363863,182.1482051958573,182.73159790039062,43627500
2023-11-14 00:00:00-05:00,185.59914075952597,186.0045554032819,184.21481647353394,185.34205627441406,60108400
2023-11-15 00:00:00-05:00,185.74744196041772,187.3789678351275,185.67821821290843,185.9056396484375,53790500
2023-11-16 00:00:00-05:00,187.44820698590362,188.82264852852316,186.5384909930313,187.58663940429688,54412900
2023-11-17 00:00:00-05:00,188.12059370194675,188.24914348244,186.4594046371221,187.56686401367188,50922700
2023-11-20 00:00:00-05:00,187.76460727588125,189.76200213676566,187.75472463510502,189.30714416503906,46505100
2023-11-21 00:00:00-05:00,189.2676114417462,189.37638084971888,187.61630503925363,188.5062255859375,38134500
2023-11-22 00:00:00-05:00,189.34672485819107,190.77059476808083,188.69410838615653,189.16873168945312,39617700
2023-11-24 00:00:00-05:00,188.73363999587542,188.76330300712377,187.13177703645835,187.84371948242188,24048300
2023-11-27 00:00:00-05:00,187.79427548166112,188.53588093642713,186.78568783853885,187.6657257080078,40552600
2023-11-28 00:00:00-05:00,187.6558347269926,188.9412871423915,187.28008315178343,188.26889038085938,38415400
2023-11-29 00:00:00-05:00,188.7633011569372,189.9399842182602,186.85491037465812,187.25042724609375,43014200
2023-11-30 00:00:00-05:00,187.71517468500207,188.18981305356235,186.08364867108205,187.82394409179688,48794400
2023-12-01 00:00:00-05:00,188.19971472368132,189.4159436040849,187.11202054575708,189.0995330810547,45704800
2023-12-04 00:00:00-05:00,187.85361573572166,187.9228394923183,185.35193435249073,187.3097686767578,43389500
2023-12-05 00:00:00-05:00,188.08104861869373,192.22413865175915,188.05137051787239,191.25511169433594,66628400
2023-12-06 00:00:00-05:00,192.27356863697858,192.58009647341478,189.95976327032974,190.16741943359375,41089700
2023-12-07 00:00:00-05:00,191.46276025185608,192.81742141001197,191.42319951100376,192.09559631347656,47477700
2023-12-08 00:00:00-05:00,192.02637677770835,193.79635031367135,191.50231010992096,193.5194854736328,53406400
2023-12-11 00:00:00-05:00,190.94856782781682,191.32431940935732,189.2774811684409,191.0177764892578,60943700
2023-12-12 00:00:00-05:00,190.91889435682484,192.54053754746204,189.5741159727842,192.53065490722656,52696900
2023-12-13 00:00:00-05:00,192.90640609677627,195.7838388648497,192.66910200901862,195.74429321289062,70404200
2023-12-14 00:00:00-05:00,195.80360435764135,197.38568681182426,193.96442237725344,195.89259338378906,66831600
2023-12-15 00:00:00-05:00,195.3190970971854,196.17935458626624,194.79503045579114,195.35865783691406,128538400
2023-12-18 00:00:00-05:00,193.89520715993984,194.42917151631295,192.214237877434,193.69744873046875,55751900
2023-12-19 00:00:00-05:00,193.96444926391277,194.7456004150459,193.69746706046115,194.7357177734375,40714100
2023-12-20 00:00:00-05:00,194.69616113684165,195.46742966263125,192.6493377685547,192.6493377685547,52242800
2023-12-21 00:00:00-05:00,193.90511142023345,194.87413831888384,191.33420648650613,192.50099182128906,46482500
2023-12-22 00:00:00-05:00,192.9953923922105,193.22282892375426,190.81013681243016,191.43309020996094,37149600
2023-12-26 00:00:00-05:00,191.4429660781885,191.71983089218512,190.67169765519787,190.8892364501953,28919300
2023-12-27 00:00:00-05:00,190.3355425015734,191.33423254727063,188.95120308408815,190.98814392089844,48087700
2023-12-28 00:00:00-05:00,191.96704448132198,192.48122849088116,191.00790021395272,191.41331481933594,34049900
2023-12-29 00:00:00-05:00,191.72973752393827,192.2241411947973,189.5840274029703,190.3750762939453,42672100
2024-01-02 00:00:00-05:00,185.05528848269014,186.33085840634024,181.83178197139316,183.56219482421875,82488700
2024-01-03 00:00:00-05:00,182.15809638511382,183.79952025374087,181.37693010719954,182.18775939941406,58414500
2024-01-04 00:00:00-05:00,180.11126652815247,181.04074792224714,178.85549196107084,179.87396240234375,71983600
2024-01-05 00:00:00-05:00,179.95303087035154,180.71440156415224,178.15339449300276,179.15208435058594,62379700
2024-01-08 00:00:00-05:00,180.0519005320401,183.52262348166371,179.46850790157933,183.48306274414062,59144500
2024-01-09 00:00:00-05:00,181.8614637667107,183.07769270137814,180.68478049118508,183.06781005859375,42841800
2024-01-10 00:00:00-05:00,182.2866315170422,184.31367440860302,181.8614365329183,184.1060333251953,46792900
2024-01-11 00:00:00-05:00,184.45205898484562,184.9563602326087,181.5647442326263,183.5126953125,49128400
2024-01-12 00:00:00-05:00,183.97748271061099,184.64987951630312,183.11722519297732,183.83905029296875,40477800
2024-01-16 00:00:00-05:00,180.1211286782067,182.19761480887055,178.90488492167398,181.57467651367188,65603000
2024-01-17 00:00:00-05:00,179.24109293861534,180.88250149305736,178.2819487070673,180.6352996826172,47317400
2024-01-18 00:00:00-05:00,184.00712853391946,187.0229935165519,183.75004409317066,186.51870727539062,78005800
2024-01-19 00:00:00-05:00,187.21087293560348,189.80154302609114,186.7065866846462,189.41590881347656,68903000
2024-01-22 00:00:00-05:00,190.14766376550878,193.143748944668,190.1081030206995,191.71986389160156,60133900
2024-01-23 00:00:00-05:00,192.83722464512005,193.55904982724218,191.66054141727486,192.99542236328125,42355600
2024-01-24 00:00:00-05:00,193.23271418014866,194.18197579456825,192.16480052192722,192.32301330566406,53631300
2024-01-25 00:00:00-05:00,193.03497008475262,194.07322080915367,190.94858599423335,191.99671936035156,54822100
2024-01-26 00:00:00-05:00,192.09559590318426,192.58010181757646,189.7916731135176,190.26629638671875,44594000
2024-01-29 00:00:00-05:00,189.86089500402176,190.04877081575225,187.45810037105477,189.5840301513672,47145600
2024-01-30 00:00:00-05:00,188.80288370915284,189.65325866018404,185.37172089064353,185.93533325195312,55859400
2024-01-31 00:00:00-05:00,184.94651023142666,185.00585134318092,182.28663127585358,182.3360595703125,55467800
2024-02-01 00:00:00-05:00,181.93066720224104,184.85752846784007,181.76257176566293,184.76853942871094,64885400
2024-02-02 00:00:00-05:00,177.84689023760967,185.23328233515724,177.2437171517322,183.7698516845703,102551700
2024-02-05 00:00:00-05:00,186.0440863383638,187.1317803970082,183.75994390321247,185.579345703125,69668800
2024-02-06 00:00:00-05:00,184.76853636353553,187.19111127921153,184.67954732588265,187.1812286376953,43490800
2024-02-07 00:00:00-05:00,188.5062066759397,188.91162125480523,186.49892923853312,187.28997802734375,53439000
2024-02-08 00:00:00-05:00,187.27021997882892,187.418535043408,185.2530596605407,186.2122039794922,40962000
2024-02-09 00:00:00-05:00,186.77652244170517,188.10322646586073,186.13298359451971,186.97454833984375,45155200
2024-02-12 00:00:00-05:00,186.5487888854563,186.79630612181433,184.93497167008087,185.29139709472656,41781900
2024-02-13 00:00:00-05:00,183.92513863049606,184.36077144619387,181.68757282391297,183.20237731933594,56529500
2024-02-14 00:00:00-05:00,183.47962222785034,183.68752828939827,180.62821823999963,182.32122802734375,54630500
2024-02-15 00:00:00-05:00,181.727184392981,182.65785175424014,179.54903541760635,182.0341033935547,65434500
2024-02-16 00:00:00-05:00,181.59845842120637,183.0142649801448,179.86583763061847,180.49948120117188,49752500
2024-02-20 00:00:00-05:00,179.98466968931257,180.6183133605895,178.2124525032785,179.7569580078125,53665600
2024-02-21 00:00:00-05:00,180.13315310757224,181.0737156195715,178.8658660184515,180.50938415527344,41371400
2024-02-22 00:00:00-05:00,181.65785591778803,183.12316891523534,180.6479964148563,182.5390167236328,52292200
2024-02-23 00:00:00-05:00,183.1726595934398,183.20236045475278,180.4202689919066,180.7073974609375,45119700
2024-02-26 00:00:00-05:00,180.43017719516277,180.94500218994074,178.8559560281093,179.36090087890625,40867400
2024-02-27 00:00:00-05:00,179.30152539649055,182.09351248592515,177.77681047698752,180.8163299560547,54318900
2024-02-28 00:00:00-05:00,180.69748823755316,181.30143093346823,178.34113428414614,179.61831665039062,48953900
2024-02-29 00:00:00-05:00,179.46981142225187,180.75690414056305,177.74708592784262,178.95497131347656,136682600
2024-03-01 00:00:00-05:00,177.76688526684862,178.73714862022334,175.6184374307493,177.87579345703125,73563100
2024-03-04 00:00:00-05:00,174.40067502541135,175.14322688917085,172.06411122315788,173.36111450195312,81510100
2024-03-05 00:00:00-05:00,169.0642162124364,170.3315036177779,167.9355378949523,168.43057250976562,95132400
2024-03-06 00:00:00-05:00,169.3612273012443,169.53944760498507,167.00485787713032,167.44049072265625,68587700
2024-03-07 00:00:00-05:00,167.47014430312151,169.03445493979737,166.81671032658778,167.32164001464844,71765100
2024-03-08 00:00:00-05:00,167.3216847390924,171.97500667784078,167.2622830078253,169.0345001220703,76267000
2024-03-11 00:00:00-04:00,171.22253935977105,172.64824117092596,170.34137853305091,171.034423828125,60139500
2024-03-12 00:00:00-04:00,171.43045147590772,172.3017170819102,169.31170429451927,171.50965881347656,59825400
2024-03-13 00:00:00-04:00,171.05423942259554,171.4700666239107,169.06419090034882,169.43052673339844,52488700
2024-03-14 00:00:00-04:00,171.19284931228447,172.57893998999515,170.34138929390355,171.28195190429688,72913500
2024-03-15 00:00:00-04:00,169.47010369924573,170.90570068359375,168.5988381717502,170.90570068359375,121752700
2024-03-18 00:00:00-04:00,173.82641511894556,175.94516209588443,171.79677072295308,171.99478149414062,75604200
2024-03-19 00:00:00-04:00,172.6086191723699,174.85607994565953,171.31163124958826,174.3313446044922,55215200
2024-03-20 00:00:00-04:00,173.97494430389506,176.89564514160156,173.35119593354977,176.89564514160156,53423100
2024-03-21 00:00:00-04:00,175.29170540355622,175.7273381457555,169.1433707597941,169.66810607910156,106181300
2024-03-22 00:00:00-04:00,170.05425166968308,171.33144918231721,168.37113733503185,170.569091796875,71160100
2024-03-25 00:00:00-04:00,168.87610215909345,170.23249206020807,167.76721443821097,169.1533203125,54288300
2024-03-26 00:00:00-04:00,168.3117257823714,169.71762191427138,167.89589862566189,168.0246124267578,57388400
2024-03-27 00:00:00-04:00,168.7176579392829,171.87598039200594,168.42063422483255,171.58885192871094,60273300
2024-03-28 00:00:00-04:00,170.04437673388762,170.51960569647457,168.81668554767697,169.7770538330078,65672700
2024-04-01 00:00:00-04:00,169.48991432845702,169.54931605122675,167.79688969325008,168.3414306640625,46240500
2024-04-02 00:00:00-04:00,167.40089107386055,167.65830361021796,166.55932626663449,167.16326904296875,49329500
2024-04-03 00:00:00-04:00,167.11374996517486,168.98497988400436,166.90584392266877,167.9652099609375,47691700
2024-04-04 00:00:00-04:00,168.59883533803097,170.2126525655396,167.14344787597656,167.14344787597656,53704400
2024-04-05 00:00:00-04:00,167.90581505219322,168.69787335368648,167.2721714324497,167.8959197998047,42104800
2024-04-08 00:00:00-04:00,167.35138730592178,167.51969724864153,166.56923932419392,166.7771453857422,37425500
2024-04-09 00:00:00-04:00,167.02464767080627,168.39094781013864,166.67813256359855,167.98501586914062,42373800
2024-04-10 00:00:00-04:00,167.12364410431726,167.41075745661644,165.4504251384005,166.11376953125,49709300
2024-04-11 00:00:00-04:00,166.6682511911636,173.71755440871303,166.4900459805643,173.3017120361328,91070300
2024-04-12 00:00:00-04:00,172.52944039553972,176.58872985356905,172.47994902506244,174.7967071533203,101670900
2024-04-15 00:00:00-04:00,173.6185038309996,174.8758957155582,170.78690583147454,170.9750213623047,73531800
2024-04-16 00:00:00-04:00,170.04436539186383,172.0343988146065,166.59892920522176,167.69790649414062,73711200
2024-04-17 00:00:00-04:00,167.92563121825307,168.95529649982927,166.3316192626953,166.3316192626953,50901200
2024-04-18 00:00:00-04:00,166.36127717179573,166.96521980912772,164.8959794200199,165.381103515625,43122900
2024-04-19 00:00:00-04:00,164.55939469854349,164.7474951408098,162.4505426435407,163.3614044189453,68149400
2024-04-22 00:00:00-04:00,163.8762247169617,165.59893510418706,163.13367296874276,164.1930389404297,48116400
2024-04-23 00:00:00-04:00,163.70794332424896,165.39105789202225,163.2822057253187,165.24253845214844,49537800
2024-04-24 00:00:00-04:00,164.8861093338651,167.6187098522012,164.5593998092657,167.34149169921875,48251800
2024-04-25 00:00:00-04:00,167.84639438412742,168.91567070440144,166.48009434590165,168.20281982421875,50558300
2024-04-26 00:00:00-04:00,168.1929553099538,169.63844783702467,167.49989480565932,167.61871337890625,44838400
2024-04-29 00:00:00-04:00,171.64827897757164,174.28186646983917,171.38097119165224,171.77699279785156,68169400
2024-04-30 00:00:00-04:00,171.60868084411632,173.2521991943247,168.31174889120035,168.6384735107422,65934800
2024-05-01 00:00:00-04:00,167.8959315377214,170.99485287185942,167.43059781958385,167.61871337890625,50383100
2024-05-02 00:00:00-04:00,170.79679016186972,171.69775653757537,169.19288328746214,171.31163024902344,94214900
2024-05-03 00:00:00-04:00,184.7963833456082,185.14291355827163,180.84601747897057,181.55886840820312,163224100
2024-05-06 00:00:00-04:00,180.5390848280799,182.37070337959045,178.62824383792136,179.9054412841797,78569700
2024-05-07 00:00:00-04:00,181.62815272879564,183.0637497391675,179.5193160584302,180.5885772705078,77305800
2024-05-08 00:00:00-04:00,181.0341248704048,181.25194126160505,179.64801918938014,180.9252166748047,45057100
2024-05-09 00:00:00-04:00,180.74701199258516,182.82616313989396,180.30148392023486,182.737060546875,48983000
2024-05-10 00:00:00-04:00,183.31206939842306,183.50044009541958,180.56586910059414,181.47796630859375,50759500
2024-05-13 00:00:00-04:00,183.8474543189662,185.49320196467926,183.03448917069318,184.68023681640625,72044800
2024-05-14 00:00:00-04:00,185.89964252722956,186.68286641073877,184.69011878206607,185.82032775878906,52393600
2024-05-15 00:00:00-04:00,186.2962297111884,189.01268886802714,185.76085876781028,188.09068298339844,70400000
2024-05-16 00:00:00-04:00,188.83423487080034,189.458829238671,188.03119361367854,188.2096405029297,52845200
2024-05-17 00:00:00-04:00,187.8824709799172,189.1713095252472,187.55530322495105,188.2393798828125,41282900
2024-05-20 00:00:00-04:00,187.7040166341828,190.27176982167657,187.38675756521698,189.39932250976562,44361300
2024-05-21 00:00:00-04:00,189.44893121149715,191.07484642166347,189.28039297280435,190.6981201171875,42309400
2024-05-22 00:00:00-04:00,190.61877317517173,191.16405275409193,188.63594934473116,189.26052856445312,34648500
2024-05-23 00:00:00-04:00,189.33983451815809,189.35966699130785,185.0272019643745,185.27505493164062,51005900
2024-05-24 00:00:00-04:00,187.19839293954828,188.94327235106317,186.4250777783575,188.34841918945312,36327000
2024-05-28 00:00:00-04:00,189.86530324069457,191.3425125399711,187.4760118609873,188.35836791992188,52280100
2024-05-29 00:00:00-04:00,187.98160889548626,190.5989356775744,187.88246165547932,188.65576171875,53068000
2024-05-30 00:00:00-04:00,189.12173915319045,190.52954231443272,188.99286588586446,189.64718627929688,49889100
2024-05-31 00:00:00-04:00,189.7959119633218,190.9162123421418,188.27905284340878,190.5989532470703,75158300
2024-06-03 00:00:00-04:00,191.24336235629542,193.31542486412093,190.86663609575578,192.36366271972656,50080500
2024-06-04 00:00:00-04:00,192.96839571544555,193.64256361833955,191.37222208281784,192.68089294433594,47471400
2024-06-05 00:00:00-04:00,193.72190135445058,195.20901937445223,193.19645419760306,194.1878662109375,54156800
2024-06-06 00:00:00-04:00,194.0093990023229,194.81244022862765,192.50244866402238,192.80978393554688,41181800
2024-06-07 00:00:00-04:00,192.97832848334124,195.24867030234284,192.47271383884646,195.1990966796875,53103900
2024-06-10 00:00:00-04:00,195.20899197297106,195.60556579928584,190.49978557066368,191.46145629882812,97010200
2024-06-11 00:00:00-04:00,191.98692512163242,205.38091074009856,191.96710777388114,205.37098693847656,172373300
2024-06-12 00:00:00-04:00,205.5890679852297,218.30888368086454,205.1231032111954,211.24012756347656,198134300
2024-06-13 00:00:00-04:00,212.8958066808934,214.888539245905,209.7827737762817,212.4001007080078,97862700
2024-06-14 00:00:00-04:00,212.01345147179217,213.32210737882852,209.4853479747781,210.66513061523438,70122700
2024-06-17 00:00:00-04:00,211.5375569916551,217.06963733267014,210.8931452933454,214.80921936035156,93728300
2024-06-18 00:00:00-04:00,215.7213082393038,216.7523850703462,211.17073132176122,212.44964599609375,79943300
2024-06-20 00:00:00-04:00,212.09275812722348,212.40010854906527,207.0563985691976,207.87925720214844,86172500
2024-06-21 00:00:00-04:00,208.58314195009936,210.0702597495804,205.3313122387871,205.7080535888672,241805100
2024-06-24 00:00:00-04:00,205.93608683303725,210.87331399723786,204.8157865138524,206.35247802734375,80727000
2024-06-25 00:00:00-04:00,207.35378999494392,209.56464939365068,206.8184342324815,207.2744903564453,55549700
2024-06-26 00:00:00-04:00,209.68362348048936,213.01476817493463,208.8310086144187,211.41859436035156,66213200
2024-06-27 00:00:00-04:00,212.8462361886446,213.88722177256454,210.5263358320774,212.2613067626953,49772700
2024-06-28 00:00:00-04:00,213.91695291908772,214.21437951883613,208.4939285392998,208.81117248535156,82542700
2024-07-01 00:00:00-04:00,210.2685364182596,215.6419868499251,210.09999821846176,214.88851928710938,60402900
2024-07-02 00:00:00-04:00,214.293668724795,218.48735180877674,213.2526983679821,218.3782958984375,58046200
2024-07-03 00:00:00-04:00,218.11063203893852,219.64732360839844,217.1489612238199,219.64732360839844,37369800
2024-07-05 00:00:00-04:00,219.7464397478406,224.5052198536283,219.7464397478406,224.3961639404297,60412400
2024-07-08 00:00:00-04:00,225.1397075728903,225.89319024119226,221.3326897978435,225.8634490966797,59085900
2024-07-09 00:00:00-04:00,225.97253595078877,227.42991284004066,224.4259356098064,226.71609497070312,48076100
2024-07-10 00:00:00-04:00,227.3307677065015,231.0783037422216,227.28119408246098,230.97915649414062,62627700
2024-07-11 00:00:00-04:00,229.40278596334778,230.39419780728426,223.83105624130303,225.6156005859375,64710600
2024-07-12 00:00:00-04:00,226.9540218514806,230.64207551688347,226.71607753741577,228.5601043701172,53046500
2024-07-15 00:00:00-04:00,234.44908623752588,235.1926451763578,231.08820043911544,232.38694763183594,62631300
2024-07-16 00:00:00-04:00,232.98182214446476,234.2409196318231,230.3347538954296,232.80337524414062,43234300
2024-07-17 00:00:00-04:00,227.47946461019197,229.47221227385296,224.69359950369105,226.91436767578125,57345900
2024-07-18 00:00:00-04:00,228.30236502251043,228.46099458072425,220.36115997030524,222.25474548339844,66034600
2024-07-19 00:00:00-04:00,222.88925101284036,224.85224251867803,221.36246807560826,222.3836212158203,49151500
2024-07-22 00:00:00-04:00,225.06043082550624,225.82382229500527,221.17409763275575,222.03663635253906,48201800
2024-07-23 00:00:00-04:00,222.44307270253879,224.9910084270489,220.76758424988336,223.07757568359375,39960300
2024-07-24 00:00:00-04:00,222.07629380801336,222.86942645430565,215.2652980307627,216.66317749023438,61777600
2024-07-25 00:00:00-04:00,217.04981289629316,218.95333716975932,212.77682977395946,215.6221923828125,51391200
2024-07-26 00:00:00-04:00,216.8217851678197,217.6050090608147,214.15488466672127,216.08815002441406,41601300
2024-07-29 00:00:00-04:00,215.0967318967012,217.41663210574902,213.89711684474761,216.36573791503906,36311800
2024-07-30 00:00:00-04:00,217.3075789949067,218.43778796730905,214.2639371695869,216.92092895507812,41643800
2024-07-31 00:00:00-04:00,219.5382417741392,221.8978068103832,218.73520059867647,220.17274475097656,50036300
2024-08-01 00:00:00-04:00,222.44310665442717,222.55216258005441,215.15623749650504,216.48472595214844,62501000
2024-08-02 00:00:00-04:00,217.2679231335739,223.66254232334134,215.84030263063204,217.97183227539062,105568600
2024-08-05 00:00:00-04:00,197.38019703112641,211.66644653820467,194.31673780556494,207.4727783203125,119548600
2024-08-06 00:00:00-04:00,203.53686913101606,208.18659343179937,199.34320096724198,205.45028686523438,69660500
2024-08-07 00:00:00-04:00,205.12314519344287,211.8052677945223,204.61753049861642,208.01808166503906,63516400
2024-08-08 00:00:00-04:00,211.27980900719393,212.36044444161047,207.0365669160157,211.47808837890625,47161100
2024-08-09 00:00:00-04:00,210.2784595957283,214.9182597959333,210.1495712142523,214.38290405273438,42201600
2024-08-12 00:00:00-04:00,214.4623401059105,217.8767320905019,213.9958359256548,215.91146850585938,38028100
2024-08-13 00:00:00-04:00,217.38043273085663,220.2390087017958,217.38043273085663,219.62362670898438,44155300
2024-08-14 00:00:00-04:00,218.92885985517657,221.37054778476931,218.06532277692483,220.07029724121094,41960600
2024-08-15 00:00:00-04:00,222.9288713384501,223.67329096872731,221.10255033510867,223.0479736328125,46414000
2024-08-16 00:00:00-04:00,222.25391598005478,225.14226768918678,221.98592068094572,224.36807250976562,44340200
2024-08-19 00:00:00-04:00,224.04054098731652,224.30853630427512,221.38047353975193,224.2092742919922,40687800
2024-08-20 00:00:00-04:00,224.0901616619868,225.47973889834265,223.7725353535306,224.82464599609375,30299000
2024-08-21 00:00:00-04:00,224.8345868015738,226.28371522001356,223.37552309496598,224.71546936035156,34765500
2024-08-22 00:00:00-04:00,226.09512887719345,226.64103964823346,222.23407290784718,222.85939025878906,43695300
2024-08-23 00:00:00-04:00,223.98097823318813,226.52192810531062,222.66087229355688,225.15219116210938,38677300
2024-08-26 00:00:00-04:00,225.07276614784877,225.58890128123517,222.22412549030662,225.48963928222656,30602200
2024-08-27 00:00:00-04:00,224.31844891527626,227.14724957253156,223.21670725505913,226.33334350585938,35934600
2024-08-28 00:00:00-04:00,226.22414704916858,228.14971479709,224.0008084384826,224.80479431152344,38052200
2024-08-29 00:00:00-04:00,228.38793686624163,231.18694665641485,227.17701311839377,228.08023071289062,51906300
2024-08-30 00:00:00-04:00,228.47729089511273,228.6857199244299,225.787447784096,227.296142578125,52990800
2024-09-03 00:00:00-04:00,226.84949624301046,227.29614502733148,219.52440165721936,221.1125030517578,50190600
2024-09-04 00:00:00-04:00,220.01075793789536,220.12986023982222,215.86185105944423,219.206787109375,43840200
2024-09-05 00:00:00-04:00,219.9809679444758,223.80231295165626,219.87178579311316,220.7253875732422,36615400
2024-09-06 00:00:00-04:00,222.2837029728863,223.56411324365834,218.13481142105056,219.177001953125,48423000
2024-09-09 00:00:00-04:00,219.17698492990527,219.62363365317324,215.0975649862482,219.2663116455078,67180000
2024-09-10 00:00:00-04:00,217.29112653781655,219.83207646515766,215.1174187834135,218.47227478027344,51591000
2024-09-11 00:00:00-04:00,219.81221238330573,221.43007391385896,216.2687680395375,221.00328063964844,44587100
2024-09-12 00:00:00-04:00,220.84450772306226,221.88669831664953,218.18445530425632,221.1125030517578,37455600
2024-09-13 00:00:00-04:00,221.91644846858938,222.37301734416337,220.25887596851652,220.844482421875,36766600
2024-09-16 00:00:00-04:00,214.9288136198369,215.6037619118882,212.32831274384958,214.71046447753906,59357400
2024-09-17 00:00:00-04:00,214.14471619981742,215.28615358843467,212.904016801209,215.17697143554688,45519300
2024-09-18 00:00:00-04:00,215.931307109631,221.05291740528648,215.92137182236397,219.04794311523438,59894900
2024-09-19 00:00:00-04:00,223.31597824995185,228.11004268622213,222.95865620671253,227.16709899902344,66781300
2024-09-20 00:00:00-04:00,228.2589097535001,231.3556905514529,225.92638886705737,226.5020751953125,318679900
2024-09-23 00:00:00-04:00,225.64846451262724,227.742765583781,224.12984974700805,224.78494262695312,54146000
2024-09-24 00:00:00-04:00,226.94872814757065,227.64353192764617,224.05045616714196,225.67825317382812,43556100
2024-09-25 00:00:00-04:00,223.2563961324406,225.59883710649478,222.35317851779175,224.68568420410156,42308700
2024-09-26 00:00:00-04:00,225.608784129346,226.79985253593196,223.73284722402752,225.8271484375,36636700
2024-09-27 00:00:00-04:00,226.7601514881057,227.81226214161182,225.6087788258606,226.09512329101562,34026000
2024-09-30 00:00:00-04:00,228.3283747151782,231.266357421875,227.9412771261621,231.266357421875,54541900
2024-10-01 00:00:00-04:00,227.81223995033787,227.94126237482303,222.07524777401002,224.52687072753906,63285000
2024-10-02 00:00:00-04:00,224.2092739820147,225.67825786117984,221.36063294746157,225.0926513671875,32880600
2024-10-03 00:00:00-04:00,223.46483520314058,225.12240767637772,221.65838486968212,223.9908905029297,34044200
2024-10-04 00:00:00-04:00,226.20429410810965,226.3035561118749,222.46235586119454,225.11248779296875,37245100
2024-10-07 00:00:00-04:00,222.8296017820206,224.01074997862722,219.68319006872073,220.04051208496094,39505400
2024-10-08 00:00:00-04:00,222.63110049734397,224.298593199742,221.58890998571715,224.0901641845703,31855700
2024-10-09 00:00:00-04:00,223.554178398676,228.04055170887608,223.1571606453159,227.8321075439453,33591100
2024-10-10 00:00:00-04:00,226.0851959438118,227.7923994519787,225.47973405841245,227.3358154296875,28183500
2024-10-11 00:00:00-04:00,227.5939128444124,227.70309500312143,225.64848941975737,225.85693359375,31759200
2024-10-14 00:00:00-04:00,226.99834931201846,230.0058033150611,226.89910245149323,229.57901000976562,39882100
2024-10-15 00:00:00-04:00,231.87181141001133,235.72294688412148,230.64103225198252,232.1100311279297,64751400
2024-10-16 00:00:00-04:00,229.87678174389526,230.3929017691756,228.12986736523644,230.05543518066406,34082200
2024-10-17 00:00:00-04:00,231.69315867439417,232.11004699556463,228.8048220166126,230.4226837158203,32993800
2024-10-18 00:00:00-04:00,234.4226930307779,234.4226930307779,232.26884075534687,233.25148010253906,46431500
2024-10-21 00:00:00-04:00,232.70559472956862,235.08774685200012,232.70559472956862,234.72048950195312,36254500
2024-10-22 00:00:00-04:00,232.14974382855843,234.4624093106695,230.86934872103873,234.10508728027344,38846600
2024-10-23 00:00:00-04:00,232.33831918874512,233.3904297884605,226.06533615950997,229.0430145263672,52287000
2024-10-24 00:00:00-04:00,228.26884002769643,229.10260155629064,226.710529416834,228.85446166992188,31109500
2024-10-25 00:00:00-04:00,228.03062932515897,231.484732210271,227.86189602437614,229.68820190429688,38802300
2024-10-28 00:00:00-04:00,231.58399967772363,232.98349712196287,230.81972458948547,231.66339111328125,36087100
2024-10-29 00:00:00-04:00,231.36563017470797,232.5864741436605,230.59143496071306,231.93138122558594,35417200
2024-10-30 00:00:00-04:00,230.8792736886572,231.73287549326048,227.8420439394486,228.38795471191406,47070900
2024-10-31 00:00:00-04:00,227.63358238786932,228.11994197442104,223.693120129287,224.22911071777344,64370100
2024-11-01 00:00:00-04:00,219.32586653780092,223.67328184782377,218.6310779402587,221.25143432617188,65276700
2024-11-04 00:00:00-05:00,219.3456936411525,221.13228833403582,218.07521889964485,220.35809326171875,44944500
2024-11-05 00:00:00-05:00,220.14971259990074,222.28370958768312,219.49461965793014,221.7874298095703,28111300
2024-11-06 00:00:00-05:00,220.95366880237512,224.387931303672,219.54423614319148,221.06285095214844,54561100
2024-11-07 00:00:00-05:00,222.95864433437472,226.18446269494834,222.89909318788202,225.7874298095703,42137700
2024-11-08 00:00:00-05:00,225.72780810336752,227.20835428792034,224.9726384261151,225.51914978027344,38328800
2024-11-11 00:00:00-05:00,223.5716039938927,224.26715706282306,220.093823487321,222.80648803710938,42005600
2024-11-12 00:00:00-05:00,223.12446381828886,224.1578547832826,221.94201602014732,222.80648803710938,40398300
2024-11-13 00:00:00-05:00,222.58788780053936,225.2111273985325,221.34582330978657,223.6908416748047,48566200
2024-11-14 00:00:00-05:00,223.59148192887395,227.41703140021204,223.57160465201176,226.7711639404297,44923900
2024-11-15 00:00:00-05:00,224.96268496170848,225.4793879673537,222.84621765747355,223.5715789794922,47923700
2024-11-18 00:00:00-05:00,223.8199993254601,228.28149999782985,223.74050538640262,226.57241821289062,44633700
2024-11-19 00:00:00-05:00,225.53901477922054,228.6988344551977,225.22105418122663,226.8307647705078,36211800
2024-11-20 00:00:00-05:00,226.61215353970658,228.47027695087482,224.45593165289552,227.5461883544922,35169600
2024-11-21 00:00:00-05:00,227.42695953023323,228.69883223369175,224.2770861035494,227.06924438476562,42108300
2024-11-22 00:00:00-05:00,226.6121530455377,229.25526960886552,226.6121530455377,228.41065979003906,38168300
2024-11-25 00:00:00-05:00,229.99056458191066,231.76919395430343,228.28148292479264,231.3916015625,90152800
2024-11-26 00:00:00-05:00,231.84870566104107,234.07449047305911,231.84870566104107,233.56771850585938,45986200
2024-11-27 00:00:00-05:00,232.98148163119754,234.19373774290258,232.32566796514345,233.4385528564453,33498400
2024-11-29 00:00:00-05:00,233.31932748739487,236.30028225823045,232.4846637904217,235.82333374023438,28481400
2024-12-02 00:00:00-05:00,235.76369091824088,239.26133321145704,235.654388648958,238.06895446777344,48137100
2024-12-03 00:00:00-05:00,238.28754591958514,241.2188145923816,237.38331948353385,241.10951232910156,38861000
2024-12-04 00:00:00-05:00,241.32814402991647,242.56027739454964,239.7184333911867,241.46725463867188,44383900
2024-12-05 00:00:00-05:00,242.4410361127995,242.98753231090083,240.59284370740727,241.49705505371094,40033900
2024-12-06 00:00:00-05:00,241.36788746709487,243.0769692456264,240.5431549096241,241.29832458496094,36870600
2024-12-09 00:00:00-05:00,240.29475369946152,245.67041216886827,240.21525975684386,245.1835174560547,44649200
2024-12-10 00:00:00-05:00,245.32260336553807,246.63423054379348,243.78244060146582,246.197021484375,36914800
2024-12-11 00:00:00-05:00,246.38582450957213,249.2077910379196,244.69660488558225,244.92515563964844,45205800
2024-12-12 00:00:00-05:00,245.32260415969785,247.1608653940442,244.1202792424049,246.3858184814453,32777500
2024-12-13 00:00:00-05:00,246.24674947927724,247.70740339826426,244.6767781146993,246.55477905273438,33155300
2024-12-16 00:00:00-05:00,246.4156487620838,249.7841268474892,246.07779571830554,249.44627380371094,51694800
2024-12-17 00:00:00-05:00,248.49237939681157,252.2185726786221,248.19428090188288,251.87078857421875,51356400
2024-12-18 00:00:00-05:00,250.55917390522964,252.6657103008961,246.1672359539693,246.4752655029297,56774100
2024-12-19 00:00:00-05:00,245.9287681662764,250.40020031475416,245.52136737610985,248.2042236328125,60882300
2024-12-20 00:00:00-05:00,246.46531011815415,253.38113119374523,244.13023820234332,252.87437438964844,147495300
2024-12-23 00:00:00-05:00,253.15260355822258,254.02700659111463,251.84097626600598,253.64942932128906,40858800
2024-12-24 00:00:00-05:00,253.86798918256417,256.57070690893096,253.66924678278625,256.560791015625,23234700
2024-12-26 00:00:00-05:00,256.55086249805703,258.44874034869076,255.99442012888886,257.3755798339844,27237100
2024-12-27 00:00:00-05:00,256.19314630806485,257.05764856283577,251.45343969164696,253.96737670898438,42355300
2024-12-30 00:00:00-05:00,250.6287005424076,251.8906421270002,249.15810064436016,250.59889221191406,35557500
2024-12-31 00:00:00-05:00,250.83739579916153,251.6720594492945,247.84649497663966,248.83021545410156,39480700
2025-01-02 00:00:00-05:00,247.34966196417784,247.51859606258614,240.28481431614935,242.3019256591797,55740700
2025-01-03 00:00:00-05:00,241.81503295898438,242.62981931594805,240.3543640210219,241.81503295898438,40244100
2025-01-06 00:00:00-05:00,242.75898865424097,245.75982034447205,241.65603491404494,243.44461059570312,45045600
2025-01-07 00:00:00-05:00,241.4374487975533,243.9911405526811,239.81780708502322,240.67234802246094,40856000
2025-01-08 00:00:00-05:00,240.3841480569624,242.16279257722746,238.52602476613023,241.15919494628906,37628900
2025-01-10 00:00:00-05:00,238.48628640867517,238.63534322792128,231.52079498772144,235.3463592529297,61710900
