Date,Open,High,Low,Close,Volume
2015-01-12,24.91618759295084,24.922825738800306,24.075322583368106,24.174898147583008,198603200
2015-01-13,24.657296664253337,24.96045168588844,24.09967031003242,24.38954734802246,268367600
2015-01-14,24.128432366224875,24.449288501616856,24.008940661725582,24.296606063842773,195826400
2015-01-15,24.340862128726783,24.354138422379428,23.601785852626346,23.637189865112305,240056000
2015-01-16,23.68365559685356,23.805360567456344,23.27871180910595,23.453523635864258,314053200
2015-01-20,23.862887367369424,24.112935402966933,23.56637231943135,24.057615280151367,199599600
2015-01-21,24.108513744434763,24.575415810890004,23.95804291228469,24.241283416748047,194303600
2015-01-22,24.398396505882765,24.88742637071064,24.27890479360892,24.871936798095703,215185600
2015-01-23,24.849803832464627,25.17065992099816,24.679416881433152,25.000274658203125,185859200
2015-01-26,25.16845201286075,25.305646576499495,24.960449421311633,25.026832580566406,222460000
2015-01-27,24.876358386921034,24.889636367580913,24.12621747674591,24.150558471679688,382274800
2015-01-28,26.029238193711052,26.13766691083766,25.515867233276367,25.515867233276367,585908400
2015-01-29,25.73935088467864,26.374426606206118,25.571177211115504,26.31025505065918,337745600
2015-01-30,26.19961743530487,26.55366597735562,25.856631907802715,25.925230026245117,334982000
2015-02-02,26.122175426924652,26.37000861770944,25.686252376114563,26.250516891479492,250956400
2015-02-03,26.22174951466699,26.352304250420058,26.024809927632663,26.254941940307617,207662800
2015-02-04,26.221747684954753,26.666522105734966,26.179703836194584,26.4563045501709,280598800
2015-02-05,26.662910718347398,26.709564529534767,26.491852958626215,26.645139694213867,168984800
2015-02-06,26.662908024891667,26.714004163225805,26.314126499870483,26.420761108398438,174826400
2015-02-09,26.336340464499866,26.62291744894482,26.309681391456404,26.59626007080078,155559200
2015-02-10,26.69623341788492,27.1360988800661,26.694013099240877,27.10721778869629,248034000
2015-02-11,27.273826139961198,27.751457234046466,27.213845349029228,27.742570877075195,294247200
2015-02-12,28.004720253825706,28.32018008177655,27.895865316767186,28.093582153320312,297898000
2015-02-13,28.27574953174735,28.27574953174735,27.913639266842324,28.231319427490234,217088800
2015-02-17,28.32239504441379,28.631190468113697,28.195767412422946,28.39792823791504,252609600
2015-02-18,28.35348785325192,28.608965052945706,28.313500102909426,28.59563636779785,179566800
2015-02-19,28.54232794957795,28.664513254672688,28.50900622536984,28.535663604736328,149449600
2015-02-20,28.573435810214793,28.768932342529297,28.446809839820006,28.768932342529297,195793600
2015-02-23,28.884445467268826,29.546463012695312,28.80446994307108,29.546463012695312,283896400
2015-02-24,29.53313906705298,29.679761449931537,29.139925727442076,29.362079620361328,276912400
2015-02-25,29.22656176210634,29.235449814940566,28.469016273438623,28.611194610595703,298846800
2015-02-26,28.611202305372544,29.073282872856034,28.12690837942726,28.97331428527832,365150000
2015-02-27,28.88000304082967,29.00663237357377,28.4890134507584,28.537887573242188,248059200
2015-03-02,28.71338852765152,28.942206749183107,28.502343023009654,28.67784309387207,192386800
2015-03-03,28.648965199633246,28.773370827213807,28.455689023399984,28.737825393676758,151265200
2015-03-04,28.680065445448587,28.782254325481713,28.506785701219396,28.55565643310547,126665200
2015-03-05,28.564543404185695,28.602309153184912,27.93806959383036,28.082469940185547,226068400
2015-03-06,28.524553579488252,28.740043089670174,28.049146161056143,28.124677658081055,291368400
2015-03-09,28.426814118126977,28.784483743692554,27.782567440194263,28.244647979736328,354114000
2015-03-10,28.08247017418936,28.26241425789635,27.502648465689692,27.660377502441406,275426400
2015-03-11,27.713696495390376,27.718138827229005,27.127210388514765,27.156089782714844,275756000
2015-03-12,27.17164166982553,27.747021124712568,27.020576957239324,27.647050857543945,193450800
2015-03-13,27.635941344171023,27.858095210772237,27.231621374752795,27.455995559692383,207309200
2015-03-16,27.520422623715213,27.758127212524414,27.296048420518424,27.758127212524414,143497200
2015-03-17,27.969175876729444,28.284634002627094,27.91363740266719,28.222431182861328,204092400
2015-03-18,28.21354126951889,28.693394438520734,28.073584942676437,28.54010772705078,261083600
2015-03-19,28.602311639224784,28.713388577629537,28.302404244511855,28.32461929321289,183238000
2015-03-20,28.491234702958103,28.524556428562374,27.804780037116988,27.969173431396484,274780400
2015-03-23,28.240197930861452,28.402369291693496,28.106904265372904,28.260190963745117,150838800
2015-03-24,28.26463759420105,28.44457999143216,28.115793213344112,28.14467430114746,131369200
2015-03-25,28.11135075836797,28.17355357044147,27.409343719482422,27.409343719482422,206620800
2015-03-26,27.271606553032868,27.742571620841588,27.236061124194826,27.600393295288086,190291600
2015-03-27,27.673707595254548,27.702586988271232,27.304933051374206,27.380464553833008,158184800
2015-03-30,27.558192337921597,28.08025367085547,27.547083964814586,28.073589324951172,188398800
2015-03-31,28.011377420809122,28.10023929752984,27.627052219223547,27.642602920532227,168362400
2015-04-01,27.729241064729163,27.795887891861717,27.347136204954168,27.60261344909668,162485600
2015-04-02,27.77589766980492,27.893638947918962,27.58928923541274,27.840322494506836,128880400
2015-04-06,27.651495311418447,28.3268433490019,27.620393902014577,28.291297912597656,148776000
2015-04-07,28.35572058970243,28.462353501011048,27.986946036985735,27.993610382080078,140049200
2015-04-08,27.95806723634803,28.080252556075337,27.762572419684044,27.902528762817383,149316800
2015-04-09,27.958060390634056,28.120233439390283,27.693698473890716,28.11578941345215,129936000
2015-04-10,27.98028052660932,28.26019489016697,27.826995501839317,28.23575782775879,160752000
2015-04-13,28.517894736045996,28.56232822738355,28.126905096791532,28.180221557617188,145460400
2015-04-14,28.213541930317717,28.27796675701111,27.971395021790396,28.058034896850586,102098400
2015-04-15,28.082471283046583,28.242420644379937,27.99360939681727,28.1646671295166,115881600
2015-04-16,28.053583249493034,28.23574930845471,28.01581750803857,28.029146194458008,113476000
2015-04-17,27.891419301645175,28.022489272545602,27.649270699868765,27.713695526123047,207828000
2015-04-20,27.895860209527733,28.462351537154245,27.806998326302168,28.346832275390625,188217200
2015-04-21,28.457913773045995,28.48012712747022,28.140231957606513,28.19355010986328,129740400
2015-04-22,28.211322683269117,28.628971396175867,28.06247998022732,28.57343292236328,150618000
2015-04-23,28.502336742467634,28.973301771970313,28.466791316520684,28.806686401367188,183083600
2015-04-24,28.988864963779235,29.019966375616807,28.70894886744142,28.942211151123047,178103600
2015-04-27,29.393180344746973,29.575348159798903,29.135481021414673,29.468711853027344,387816800
2015-04-28,29.870806055766316,29.888575379490185,28.784473941475714,29.004404067993164,475696000
2015-04-29,28.91554998584197,29.23322840880269,28.502343631285193,28.5778751373291,253544400
2015-04-30,28.577873518344195,28.577873518344195,27.675929354283394,27.80255699157715,332781600
2015-05-01,28.01360551944855,28.90888713039242,27.835883422298416,28.646743774414062,234050400
2015-05-04,28.76892171399243,29.006627945219055,28.49344973748465,28.591197967529297,203953200
2015-05-05,28.469018121505634,28.535664962892916,27.942514515164522,27.946958541870117,197085600
2015-05-06,28.115793246349376,28.1580030240195,27.40490154027082,27.771455764770508,288564000
2015-05-07,27.83392215617779,28.126160542069265,27.66661076578918,27.943233489990234,175763600
2015-05-08,28.260004316794557,28.469701766967773,28.132847750663366,28.469701766967773,222201600
2015-05-11,28.41839260613247,28.456316106647098,28.025768130626794,28.17969512939453,168143200
2015-05-12,28.019070708862035,28.30461510965887,27.845067196000144,28.079303741455078,192640000
2015-05-13,28.141771708406623,28.373777003589282,28.079309071622678,28.11054039001465,138776800
2015-05-14,28.422853001376712,28.76639747619629,28.367082551285613,28.76639747619629,180814000
2015-05-15,28.793169192716487,28.88686313904668,28.601318711004723,28.72624397277832,152832000
2015-05-18,28.639252136953523,29.161262906321934,28.634789546355027,29.04302978515625,203531600
2015-05-19,29.154565982832896,29.196952076729875,28.92032937190029,29.01625633239746,178532800
2015-05-20,29.000640368191327,29.219259627089205,28.85340553091038,29.01402473449707,145819600
2015-05-21,29.016252320684828,29.36425939557472,28.962711461487057,29.310718536376953,158921600
2015-05-22,29.35757049383677,29.66319151483739,29.31295140420748,29.567264556884766,182384000
2015-05-26,29.580651230985488,29.649806051808497,28.804324032431605,28.915864944458008,282790400
2015-05-27,29.076486268201553,29.50480299340374,29.0117940322109,29.455724716186523,183332800
2015-05-28,29.415578741038647,29.435655294590696,29.246037726666515,29.39773178100586,122933200
2015-05-29,29.275020189503188,29.32409845200021,28.97832102221036,29.063093185424805,203538000
2015-06-01,29.063099423898514,29.310720381846835,29.011791558077427,29.1210994720459,128451200
2015-06-02,28.969408745984822,29.147874904120354,28.84894604651967,28.991718292236328,134670400
2015-06-03,29.147872787179708,29.210335427396807,28.978328417483077,29.027406692504883,123934000
2015-06-04,28.906940742021543,29.13002254734294,28.75747634093119,28.85786247253418,153800400
2015-06-05,28.889095240348773,28.93148133012239,28.634782105665426,28.699474334716797,142507200
2015-06-08,28.755245136506716,28.824403359791514,28.293467540769548,28.509857177734375,210699200
2015-06-09,28.26446588519156,28.572319885753103,28.02353881333458,28.425085067749023,224301600
2015-06-10,28.53662767749891,28.853403471979494,28.521012017263367,28.75078773498535,156349200
2015-06-11,28.81770984255118,29.040791677792328,28.66155323867411,28.686092376708984,141563600
2015-06-12,28.59685667699997,28.62808799304955,28.355927922921154,28.369312286376953,147544800
2015-06-15,28.130616300977774,28.384929431838998,28.04361452999784,28.31354331970215,175955600
2015-06-16,28.338083906573015,28.521010934665533,28.190850787366475,28.465240478515625,125976400
2015-06-17,28.492005555237707,28.527697755436247,28.273384659348007,28.398311614990234,131672400
2015-06-18,28.382702408783295,28.62362949532071,28.380471113895364,28.5277042388916,141628800
2015-06-19,28.489781777374187,28.51432091610068,28.197545109605183,28.24216079711914,218867600
2015-06-22,28.440695927801535,28.56785247553917,28.349233282155343,28.467466354370117,136157200
2015-06-23,28.43846536488807,28.467465382863487,28.304614938591996,28.338077545166016,121075600
2015-06-24,28.378239833926724,28.956022667693063,28.358163285862766,28.57901382446289,221123600
2015-06-25,28.746323541106253,28.822170543166646,28.44293212890625,28.44293212890625,127752400
2015-06-26,28.48085628540225,28.55224240156402,28.22208225255806,28.27562141418457,176267200
2015-06-29,27.987842577545283,28.213155673337432,27.76922336545233,27.780376434326172,196645600
2015-06-30,28.012382898146452,28.135078574808336,27.853995016806024,27.981151580810547,177482800
2015-07-01,28.30908603036946,28.31800950826813,28.106080737628375,28.24216079711914,120955200
2015-07-02,28.204239194381984,28.262240953644767,28.0570043520948,28.206470489501953,108844000
2015-07-06,27.87184261198854,28.1596183586215,27.851764363536425,28.108308792114258,112241600
2015-07-07,28.083769735230312,28.141771484058385,27.610835671669097,28.039154052734375,187787200
2015-07-08,27.769228694850813,27.80492090486777,27.336449372781665,27.343141555786133,243046400
2015-07-09,27.628677848889076,27.67552481800445,26.595809830060187,26.785429000854492,314380000
2015-07-10,27.2026046102443,27.628690110037883,27.039754091257656,27.50153350830078,245418000
2015-07-13,27.8919185362896,28.05476900706943,27.733530654834784,28.032461166381836,165762000
2015-07-14,28.11723415423519,28.19085156686366,27.8941523234672,28.02130889892578,127072400
2015-07-15,28.04584342960339,28.36485046328007,28.014612114584335,28.29123306274414,134596800
2015-07-16,28.496474947841605,28.681634993181415,28.409473162788792,28.66824722290039,144889600
2015-07-17,28.795402257211233,28.915864944458008,28.62362829958219,28.915864944458008,184658800
2015-07-20,29.21702434748297,29.66318795861783,29.15679130687146,29.46241569519043,235600800
2015-07-21,29.636419011620063,29.652032967835815,29.072022320033117,29.167945861816406,307025600
2015-07-22,27.213752036722603,27.996769738636274,27.213752036722603,27.934307098388672,461802400
2015-07-23,28.15292684325403,28.351469539872234,27.898613687990725,27.920923233032227,203998000
2015-07-24,27.95661631199189,28.050310276957866,27.63984050549965,27.77368927001953,168649200
2015-07-27,27.459134818053236,27.575138293951245,27.242746926357512,27.38774871826172,177822000
2015-07-28,27.523828506469727,27.642063275677813,27.338671928609408,27.523828506469727,134472400
2015-07-29,27.472524426119968,27.550602716905665,27.276211349882686,27.436830520629883,148046800
2015-07-30,27.28736817741762,27.343138632464825,27.1512881309441,27.29852294921875,134513200
2015-07-31,27.34983124685656,27.3587547240426,26.972824122126944,27.059825897216797,171540000
2015-08-03,27.10444385811852,27.343141361464745,26.216577376282057,26.42181396484375,279904000
2015-08-04,26.194267700722214,26.256730339924655,25.26401689121604,25.574100494384766,496554400
2015-08-05,25.19708945065277,26.19872799073188,25.007470254866853,25.743640899658203,397250400
2015-08-06,25.987905206506685,26.106673490467628,25.573336055247093,25.799667358398438,211612000
2015-08-07,25.67641522980246,26.050647781151817,25.658487491973187,25.887060165405273,154681600
2015-08-10,26.11339616388924,26.888752962705077,26.11339616388924,26.828248977661133,219806400
2015-08-11,26.40022334830816,26.483137832237208,25.39629422295805,25.432147979736328,388331200
2015-08-12,25.21702239424032,25.86464685099552,24.567156543225366,25.824310302734375,404870000
2015-08-13,26.003594871039276,26.08426800057263,25.667457401211493,25.804153442382812,194143200
2015-08-14,25.618152362784787,26.0640941805923,25.548684511933267,25.98566246032715,171718000
2015-08-17,26.003583047125638,26.36437057079755,25.88257340784908,26.254566192626953,163538800
2015-08-18,26.09097831803132,26.31731125428901,25.996860280662577,26.106664657592773,138242800
2015-08-19,26.01703275037082,26.111150806013878,25.698823109092043,25.77277374267578,193146000
2015-08-20,25.56436850107426,25.62487247693871,25.01534309042622,25.24391746520996,274006400
2015-08-21,24.746433662141552,25.075848563806566,23.675276165355385,23.699926376342773,513102000
2015-08-24,21.25956853943907,24.38116427748664,20.616425097540755,23.10832405090332,648825200
2015-08-25,24.898810551133707,24.898810551133707,23.193473835713846,23.247255325317383,414406400
2015-08-26,23.997965110757313,24.625422182789382,23.54081981819115,24.580604553222656,387098400
2015-08-27,25.149798445605093,25.376129707463,24.65455455578336,25.304420471191406,338464400
2015-08-28,25.13635542024998,25.391819718233755,24.99517832179051,25.387338638305664,212657600
2015-08-31,25.104982321810155,25.665211336256274,25.098259847186128,25.268569946289062,224917200
2015-09-01,24.683693347945017,25.071370909817738,24.05847749605796,24.139150619506836,307383600
2015-09-02,24.701612595527404,25.1744441986084,24.455110519919423,25.1744441986084,247555200
2015-09-03,25.20805947006531,25.273046228566628,24.659035824002473,24.732986450195312,212935600
2015-09-04,24.419265692422123,24.750920354159977,24.31618374568287,24.486492156982422,199985200
2015-09-08,25.042237668314055,25.22375132713337,24.7217865944172,25.167728424072266,219374400
2015-09-09,25.492657928736982,25.55092050698643,24.59853131779331,24.683687210083008,340043200
2015-09-10,24.71057708457534,25.385093200258346,24.627664296486913,25.225988388061523,251571200
2015-09-11,25.051197036127483,25.59349822998047,25.044474562517546,25.59349822998047,199662000
2015-09-14,26.124599351683436,26.194067201152144,25.73916152298625,25.840002059936523,233453600
2015-09-15,25.978937519358556,26.113392128431876,25.64055874727226,26.057369232177734,173364800
2015-09-16,26.050650410614907,26.115637184543175,25.86913674840091,26.086505889892578,148694000
2015-09-17,25.918433543611794,26.104428259816004,25.483695321581934,25.528512954711914,256450400
2015-09-18,25.14531230866613,25.61366453139606,25.06912200325826,25.423185348510742,297141200
2015-09-21,25.472485711608034,25.85344236693549,25.470246027111912,25.81758689880371,200888000
2015-09-22,25.407504515349082,25.58677847585552,25.214785606193775,25.4119873046875,201384800
2015-09-23,25.463530757262415,25.707791517778,25.38958182030212,25.618154525756836,143026800
2015-09-24,25.37837420753811,25.882580317621645,25.181174211080297,25.77053451538086,200878000
2015-09-25,26.093224618447103,26.149247514512346,25.55092168517637,25.70554542541504,224607600
2015-09-28,25.51282761803632,25.67417383915858,25.19685935974121,25.19685935974121,208436000
2015-09-29,25.28425261036825,25.43663494850679,24.17051721819608,24.43942642211914,293461600
2015-09-30,24.688169322360896,24.995175406974322,24.365478604986556,24.717302322387695,265892000
2015-10-01,24.441670600148974,24.564921663298826,24.047268907752663,24.555957794189453,255716400
2015-10-02,24.204124177444154,24.8763986992125,24.101042289268243,24.735219955444336,232079200
2015-10-05,24.623186357849537,24.957084099471995,24.441672694460394,24.82486915588379,208258800
2015-10-06,24.791249789767882,25.0399915694046,24.59853090266767,24.943632125854492,192787200
2015-10-07,25.039996903892536,25.046719378879786,24.51786473357705,24.82486915588379,187062400
2015-10-08,24.692652458794942,24.692652458794942,24.24895036534952,24.538028717041016,247918400
2015-10-09,24.65007587545633,25.161004447325563,24.535788681322458,25.125150680541992,211064400
2015-10-12,25.261840027884947,25.266321106419458,24.97276173645001,25.008615493774414,121868800
2015-10-13,24.833829844298798,25.19909851917271,24.802457158588552,25.051198959350586,132197200
2015-10-14,24.93915334634247,24.990693454806067,24.55147414198158,24.697134017944336,177849600
2015-10-15,24.858485425215335,25.12067223086072,24.759884557581096,25.066890716552734,150694000
2015-10-16,25.048956409505504,25.098256830400224,24.76884193595193,24.883129119873047,156930400
2015-10-19,24.829346920645275,25.04223323067941,24.67472318849822,25.037752151489258,119036800
2015-10-20,24.95035151126668,25.584530986610467,24.833824661473976,25.49489402770996,195871200
2015-10-21,25.546436292846685,25.90050134652756,25.479208145045014,25.49265480041504,167180800
2015-10-22,25.620387377673246,25.8825740814209,25.56884556880044,25.8825740814209,166616400
2015-10-23,26.151486839811653,26.718439976330387,26.068574048972295,26.684825897216797,237467600
2015-10-26,26.46073580242905,26.47193935630753,25.752605545474786,25.83327865600586,265335200
2015-10-27,25.860162821727467,26.115627028340736,25.54419294478424,25.66968536376953,279537600
2015-10-28,26.203041351460033,26.734139271666006,26.008080965886823,26.727415084838867,342205600
2015-10-29,26.599671870270544,27.045615379108888,26.50331241520856,27.0097599029541,204909200
2015-10-30,27.112841924684606,27.164383744411797,26.76774065909424,26.778945922851562,197461200
2015-11-02,27.0702604062672,27.195751129404943,26.80359090991662,27.155414581298828,128813200
2015-11-03,27.0680303634298,27.673077129074724,27.04786122607705,27.4669132232666,182076000
2015-11-04,27.592401004565872,27.747024771983217,27.25402388382609,27.33917808532715,179544400
2015-11-05,27.422449318337037,27.611492949921253,27.046614761725657,27.213151931762695,158210800
2015-11-06,27.255905022265036,27.41343990989622,27.145630600923205,27.244651794433594,132169200
2015-11-09,27.22214237878253,27.413435200040848,27.01734706004752,27.13437271118164,135485600
2015-11-10,26.30843440996431,26.571743389311603,26.1193908771245,26.279176712036133,236511600
2015-11-11,26.1891632577425,26.4254655769582,25.928103495178785,26.13064956665039,180872000
2015-11-12,26.164410576337538,26.290438494586024,26.02712942953046,26.042882919311523,130102400
2015-11-13,25.925852951063824,26.009122369930957,25.266454000795722,25.282207489013672,183249600
2015-11-16,25.066151995762464,25.709797280148084,24.980633328613685,25.6962947845459,152426800
2015-11-17,25.86284060822513,25.892098314595156,25.502759628683492,25.586029052734375,110467600
2015-11-18,26.051882252140704,26.441219192006294,25.993368560767326,26.396209716796875,186698800
2015-11-19,26.47498094973161,26.949838364325366,26.27693682663629,26.731538772583008,173183200
2015-11-20,26.826055786065844,26.988092643508082,26.74728834619848,26.848562240600586,137148400
2015-11-23,26.841809448120213,26.94533433204748,26.407461314604493,26.499732971191406,129930000
2015-11-24,26.405208272975262,26.85981009040029,26.35794781549552,26.75403594970703,171212800
2015-11-25,26.828307991056892,26.83280996896848,26.537992227812992,26.562747955322266,85553200
2015-11-27,26.62126215040447,26.64826886737804,26.465976532559118,26.51323699951172,52185600
2015-11-30,26.55374344506798,26.873316886396125,26.49973173375955,26.623510360717773,156721200
2015-12-01,26.724785562251416,26.738288062358166,26.29943963887339,26.40746307373047,139409600
2015-12-02,26.407462392617234,26.5807524855248,26.123899595680022,26.168909072875977,133546400
2015-12-03,26.229671779586834,26.28368349155291,25.70530299645381,25.925851821899414,166278000
2015-12-04,25.94611021757754,26.837311292183443,25.9056009997772,26.787799835205078,231108000
2015-12-07,26.776541774829028,26.97458583730222,26.513231065028034,26.61900520324707,128336800
2015-12-08,26.447969985021057,26.691025267759507,26.29943734579293,26.607757568359375,137238000
2015-12-09,26.474978102501257,26.486231330206245,25.89884855763669,26.020376205444336,185445600
2015-12-10,26.114893795785594,26.317439849550986,25.99561715217966,26.144149780273438,116850800
2015-12-11,25.923601197959165,25.96861066941635,25.396981453503482,25.471248626708984,187544800
2015-12-14,25.24619715137277,25.358722543968117,24.708325912127094,25.31371307373047,257274800
2015-12-15,25.192188508475535,25.385732344645458,24.834356823649205,24.865863800048828,213292400
2015-12-16,24.99639645318205,25.203442811607765,24.4855318075227,25.057159423828125,224954000
2015-12-17,25.21019798716026,25.261960443326753,24.526044845581055,24.526044845581055,179091200
2015-12-18,24.51028622435749,24.647565648243024,23.812627291848816,23.862138748168945,385813200
2015-12-21,24.14344991328859,24.163705378434678,23.7586132455266,24.15470314025879,190362400
2015-12-22,24.170458468498886,24.24247466238895,23.956659158792924,24.132200241088867,131157600
2015-12-23,24.14119724121509,24.496777897863105,24.125443754756063,24.442766189575195,130629600
2015-12-24,24.53054017780593,24.53054017780593,24.294236122320022,24.312240600585938,54281600
2015-12-28,24.213214890470855,24.235721344204507,23.895894153442327,24.039926528930664,106816800
2015-12-29,24.071438497554865,24.627314366870127,24.04893375615379,24.472028732299805,123724800
2015-12-30,24.43601889537635,24.463023895390158,24.12094739820358,24.152454376220703,100855200
2015-12-31,24.082689347954826,24.08718960898984,23.58982749004638,23.68885040283203,163649200
2016-01-04,23.09247131928628,23.713612239205943,22.955190142836607,23.709110260009766,270597600
2016-01-05,23.79912394460722,23.821628682951236,23.047455038507994,23.11496925354004,223164000
2016-01-06,22.63110975251536,23.0384529014461,22.475825855355314,22.662616729736328,273829600
2016-01-07,22.20801411942277,22.534337108884632,21.70164979418796,21.70615005493164,324377600
2016-01-08,22.178752536609913,22.30478040965456,21.77591148012678,21.820920944213867,283192000
2016-01-11,22.27328402156996,22.293537774929717,21.90645001870411,22.17426109313965,198957600
2016-01-12,22.628859360355968,22.660366336017216,22.244020968919553,22.496078491210938,196616800
2016-01-13,22.577102732378627,22.772897603259665,21.89744987482916,21.91770362854004,249758400
2016-01-14,22.04597785408347,22.613106875133813,21.546364765015802,22.397056579589844,252680400
2016-01-15,21.64988316778061,21.989710307796816,21.460841347057062,21.859180450439453,319335600
2016-01-19,22.14725505028168,22.201266773710493,21.492356250325585,21.753416061401367,212350800
2016-01-20,21.40233263225508,22.09774055868971,21.024247186087106,21.782669067382812,289337600
2016-01-21,21.843435023850198,22.02797665278087,21.36632831915232,21.67239761352539,208646000
2016-01-22,22.196763490015815,22.833657772379347,22.13825150849246,22.824655532836914,263202000
2016-01-25,22.847155548897288,22.849406537567848,22.32728877108087,22.379051208496094,207178000
2016-01-26,22.489322287302524,22.703119820332912,22.07072774058952,22.502824783325195,300308000
2016-01-27,21.61387995495452,21.746659108426698,21.006241738976197,21.024246215820312,533478800
2016-01-28,21.107515542267087,21.271801671005875,20.79244406686214,21.175029754638672,222715200
2016-01-29,21.33256974138231,21.906448364257812,21.233546820430533,21.906448364257812,257666000
2016-02-01,21.71064904205831,21.76466074854957,21.469844775908342,21.70164680480957,163774000
2016-02-02,21.474352578867418,21.613884729731595,21.217794736666875,21.262805938720703,149428800
2016-02-03,21.379825117012427,21.79391774774974,21.17277880164377,21.683643341064453,183857200
2016-02-04,21.69043312718145,22.023053229116783,21.5388313080044,21.857873916625977,185886800
2016-02-05,21.839775611189257,21.930284768598725,21.199427077260204,21.27409553527832,185672400
2016-02-08,21.072715352177223,21.654234450442047,21.052351696351625,21.49810791015625,216085600
2016-02-09,21.335186345835517,21.70853547812662,21.253728290560428,21.493576049804688,177324800
2016-02-10,21.70400705661494,21.8013040732542,21.292192138208378,21.330657958984375,169374400
2016-02-11,21.22205032873997,21.432483350272403,20.950522902652605,21.201684951782227,200298800
2016-02-12,21.312560811165437,21.38270458064832,21.045559774862276,21.267305374145508,161405600
2016-02-16,21.500361176798915,21.914439283638654,21.407590569602025,21.86692237854004,196231600
2016-02-17,21.87371725688323,22.22217639870214,21.756056558006573,22.201812744140625,179452800
2016-02-18,22.36472335718932,22.376037647567838,21.742475365374155,21.780942916870117,156084000
2016-02-19,21.72211193777007,21.894079140646554,21.676858228427058,21.731163024902344,141496800
2016-02-22,21.792259139953092,21.92576053829812,21.70401318440241,21.921234130859375,137123200
2016-02-23,21.81261643388285,21.83524328373193,21.39401366956195,21.425691604614258,127770400
2016-02-24,21.265043982363427,21.808095418234426,21.115703629076013,21.744739532470703,145022800
2016-02-25,21.7334262954955,21.894079208374023,21.55240800492678,21.894079208374023,110330800
2016-02-26,21.993634012407416,22.17917695216546,21.853346500833084,21.928016662597656,115964400
2016-02-29,21.916700679524943,22.22669386492408,21.869183778344276,21.87823486328125,140865200
2016-03-01,22.09546468989167,22.801432338301602,22.04342136196263,22.747127532958984,201628400
2016-03-02,22.742595008916886,22.828577731584346,22.54573778374896,22.796899795532227,132678400
2016-03-03,22.75843822137135,23.01412496042539,22.72902175646678,22.96660804748535,147822800
2016-03-04,23.16346320111344,23.475717911864166,22.937191221240052,23.308277130126953,184220400
2016-03-07,23.167989888522893,23.267550120715413,22.844420860215557,23.050329208374023,143315600
2016-03-08,22.80369581471164,23.02544317251674,22.717713061364464,22.86026382446289,126247600
2016-03-09,22.923615276300346,22.98470968172931,22.688292194185372,22.880624771118164,108806800
2016-03-10,22.946241865583367,23.134046293258795,22.661138693065695,22.891935348510742,134054400
2016-03-11,23.134052007550462,23.14310309596492,22.966611187679444,23.138578414916992,109632800
2016-03-14,23.059382424585884,23.28565444495634,23.029965957093875,23.197406768798828,100304400
2016-03-15,23.52323347933923,23.799285555257,23.498343424866768,23.663522720336914,160270800
2016-03-16,23.670314446729847,24.054976162517963,23.66578803991725,23.978044509887695,153214000
2016-03-17,23.876223300298903,24.09118275967689,23.74951151881701,23.9395809173584,137682800
2016-03-18,24.061767774463203,24.0979721292998,23.801556310929445,23.966733932495117,176820800
2016-03-21,23.968996498091382,24.35818467062962,23.790241385061908,23.9644718170166,142010800
2016-03-22,23.81512317625874,24.27671816992111,23.80607209093383,24.147743225097656,129777600
2016-03-23,24.093434910958997,24.226934515734754,23.962196782444764,24.014238357543945,102814000
2016-03-24,23.864910166034907,24.04140206498335,23.733671980446086,23.91016387939453,104532000
2016-03-28,23.984825817133594,24.02781803847283,23.772129639541056,23.801546096801758,77645600
2016-03-29,23.733670160565346,24.389859311874833,23.731406957175352,24.36496925354004,124760400
2016-03-30,24.584454768509033,24.98495547537294,24.573140477234638,24.790361404418945,182404400
2016-03-31,24.826569661037066,24.86729869918632,24.636500240900954,24.66139030456543,103553600
2016-04-01,24.613870134993224,24.88992227645211,24.48263194867367,24.887659072875977,103496000
2016-04-04,24.98495344576784,25.38545584641617,24.95101230102027,25.14334487915039,149424800
2016-04-05,24.779047078954108,25.055099193778993,24.758681701370815,24.846927642822266,106314800
2016-04-06,24.94196389766093,25.111667901594167,24.70890228215183,25.107141494750977,105616400
2016-04-07,24.87860530017105,24.98495341463235,24.464528858985368,24.55956268310547,127207600
2016-04-08,24.64328560848277,24.837877950218115,24.475843076973312,24.58671760559082,94326800
2016-04-11,24.656864084971126,25.02795008659553,24.625186137977725,24.668176651000977,117630000
2016-04-12,24.74058416056817,25.00306055703974,24.586720829790774,24.989484786987305,108929200
2016-04-13,25.07093990889034,25.41939729222358,25.07093990889034,25.351516723632812,133029200
2016-04-14,25.256483627763778,25.43071232450725,25.1908645344577,25.365093231201172,101895600
2016-04-15,25.367357091296842,25.410349328859326,24.82883028837945,24.855981826782227,187756000
2016-04-18,24.638763921669256,24.652339692542192,24.197534105111078,24.319721221923828,243286000
2016-04-19,24.41022105271326,24.437374312312617,24.036873659551965,24.190738677978516,129539600
2016-04-20,24.129643875461802,24.457737556836925,23.99840571238447,24.240516662597656,122444000
2016-04-21,24.195265426295872,24.195265426295872,23.87622107242492,23.978044509887695,126210000
2016-04-22,23.760822267809996,24.09344237092434,23.67257632939006,23.912424087524414,134732400
2016-04-25,23.758560651725116,23.90563780102329,23.647687852052886,23.776662826538086,112126400
2016-04-26,23.511924115124508,23.82644205389541,23.511924115124508,23.611482620239258,224064800
2016-04-27,21.722109559572104,22.335306403522676,21.64970259675959,22.13392448425293,458408400
2016-04-28,22.086410468223406,22.147503149777744,21.326136396000567,21.457374572753906,328970800
2016-04-29,21.267303317109604,21.43248262519851,20.93242174714489,21.210735321044922,274126000
2016-05-02,21.262784355463488,21.287674418531395,20.907537313689094,21.188114166259766,192640400
2016-05-03,21.31481660679629,21.66327561053489,21.197155954543828,21.536563873291016,227325200
2016-05-04,21.541098376416777,21.699489846523782,21.22884357024044,21.312564849853516,164102000
2016-05-05,21.399065538251588,21.41500094311543,21.09856809165568,21.226051330566406,143562000
2016-05-06,21.255652011756162,21.273862666821273,20.909623513079747,21.10767936706543,174799600
2016-05-09,21.171419580435106,21.346709064369357,21.078082380864863,21.123613357543945,131745600
2016-05-10,21.24654308032093,21.301178512140535,20.968810218591916,21.267030715942383,134747200
2016-05-11,21.280690206289115,21.301177841265318,21.048486588918124,21.05986976623535,114876400
2016-05-12,21.1076795669824,21.121337992617917,20.367818073350588,20.565872192382812,305258800
2016-05-13,20.48846311100795,20.86863750967336,20.48846311100795,20.606840133666992,177571200
2016-05-16,21.032556118291026,21.487855528557017,20.86409582280485,21.371753692626953,245039200
2016-05-17,21.52427258084862,21.55841863488551,21.17369195249664,21.282962799072266,187667600
2016-05-18,21.43548802410475,21.674519071535453,21.374021657030653,21.526546478271484,168249600
2016-05-19,21.544761734036086,21.544761734036086,21.30117668934936,21.444595336914062,121768400
2016-05-20,21.544762561407413,21.724605991860695,21.51744397837169,21.676799774169922,128104000
2016-05-23,21.82476252275811,22.125259852937635,21.779231571622912,21.952245712280273,152074400
2016-05-24,22.132101533906077,22.33015563826558,22.04559354641188,22.286903381347656,140560800
2016-05-25,22.462187175661384,22.705772195110654,22.334703946589983,22.678455352783203,152675200
2016-05-26,22.692106694075928,22.93113941083603,22.45535095907562,22.858291625976562,225324800
2016-05-27,22.637486135393196,22.871965042405936,22.59423213773205,22.844646453857422,145364800
2016-05-31,22.673901966435686,22.856022358466806,22.49633553946117,22.733091354370117,169228800
2016-06-01,22.54186425664834,22.660243029826294,22.38478720234156,22.41438102722168,116693200
2016-06-02,22.21860160279867,22.273237022921467,21.997781203065305,22.245920181274414,160766400
2016-06-03,22.26185477016167,22.37112560641008,22.1844530023928,22.29144859313965,114019600
2016-06-06,22.30738551484315,23.19521936975564,22.207220864266038,22.453081130981445,93170000
2016-06-07,22.59423261044248,22.735376048985426,22.52821398935768,22.54414939880371,89638000
2016-06-08,22.541861770364445,22.66479275810792,22.464461742986266,22.523651123046875,83392400
2016-06-09,22.42349003642433,22.762687521221583,22.41438384220326,22.685287475585938,106405600
2016-06-10,22.430319675347505,22.61699231836452,22.418938234975986,22.498615264892578,126851600
2016-06-13,22.46674268329849,22.56463209429389,22.104778866146614,22.159414291381836,152082000
2016-06-14,22.15486053124813,22.418934919147425,22.02510031976761,22.186731338500977,127727600
2016-06-15,22.268687704111798,22.403001894795192,22.0888442801829,22.1138858795166,117780800
2016-06-16,21.956806003712416,22.252751215893166,21.8702997700241,22.20722198486328,125307200
2016-06-17,21.995511541783003,22.002340753928593,21.69501404957316,21.70184326171875,244032800
2016-06-20,21.854365846882462,21.98412607462517,21.633545414078622,21.64948081970215,137647600
2016-06-21,21.613057137237522,21.934042222919945,21.553867745183094,21.833877563476562,142185600
2016-06-22,21.91128433726474,22.056980011054485,21.706399253238715,21.751930236816406,116876400
2016-06-23,21.8407036600755,21.920380674461924,21.683624876836088,21.877126693725586,128960800
2016-06-24,21.1509300314275,21.549316923000653,21.09174063551022,21.26247787475586,301245600
2016-06-27,21.171414750344976,21.18279792612506,20.8299403188878,20.952871322631836,181958400
2016-06-28,21.148648055677793,21.321662236912484,20.9756338744431,21.30572509765625,161779600
2016-06-29,21.39223434601581,21.524271537990504,21.314832574681827,21.490123748779297,146124000
2016-06-30,21.49923486383234,21.802007597523946,21.467364049759535,21.763307571411133,143345600
2016-07-01,21.738262615854342,21.961360016776208,21.70183957831682,21.829322814941406,104106000
2016-07-05,21.715495613884773,21.71777259623965,21.50378141242575,21.624435424804688,110820800
2016-07-06,21.535651754635122,21.77696151102869,21.483293319400158,21.747365951538086,123796400
2016-07-07,21.786074418063084,21.968194862954004,21.76786376303742,21.84071159362793,100558400
2016-07-08,21.96591273121933,22.056972932321376,21.86574807315307,22.009166717529297,115648400
2016-07-11,22.025106773561575,22.22999183510009,22.02055454411816,22.07746696472168,95179600
2016-07-12,22.120711348436405,22.241365359270755,22.109329910465,22.177623748779297,96670000
2016-07-13,22.175348749652812,22.23453639615039,22.045586808073868,22.052417755126953,103568800
2016-07-14,22.170795958130736,22.535034996280167,22.1548605544876,22.489505767822266,155676000
2016-07-15,22.51909920028568,22.605607164408692,22.423486780092702,22.487228393554688,120548000
2016-07-18,22.469015966282367,22.79455498028692,22.446251352492066,22.726261138916016,145975600
2016-07-19,22.66479806510259,22.764964464531793,22.614714865387988,22.735370635986328,95119600
2016-07-20,22.764965569647345,22.869684202848237,22.70577617285413,22.755859375,105104000
2016-07-21,22.72626835076937,22.992618063978416,22.566912530010583,22.635208129882812,130808000
2016-07-22,22.596506521854337,22.60561271698975,22.38023829525389,22.459917068481445,113254800
2016-07-25,22.366576289676537,22.500888738552472,22.063801863012984,22.159414291381836,161531600
2016-07-26,22.041042866095655,22.302840356364882,21.949982642937318,22.006895065307617,224959200
2016-07-27,23.737026607388394,23.755238994973727,23.39099992741144,23.4365291595459,369379200
2016-07-28,23.409214293402172,23.77800562061437,23.40693731055435,23.75296401977539,159479200
2016-07-29,23.718817369635584,23.800771381822965,23.602715562898634,23.723369598388672,110934800
2016-08-01,23.768891567405905,24.165001318395834,23.768891567405905,24.142236709594727,152671600
2016-08-02,24.1422456907347,24.146797919457065,23.675563220974293,23.784835815429688,135266400
2016-08-03,23.859952416956258,24.094431211307985,23.850846225148707,24.083049774169922,120810400
2016-08-04,24.165446745151172,24.26157710325582,24.09678120579802,24.231822967529297,109634800
2016-08-05,24.32338432959132,24.639243840287477,24.302785707365693,24.60033416748047,162213600
2016-08-08,24.60948336646476,24.804035186767578,24.5270871466591,24.804035186767578,112148800
2016-08-09,24.771996258580785,24.93450290293659,24.72164174276166,24.904747009277344,105260800
2016-08-10,24.881853608815113,24.925341907703924,24.66441560684608,24.71934700012207,96034000
2016-08-11,24.838363392771008,24.93220618918516,24.685012319166656,24.703323364257812,109938000
2016-08-12,24.668994145530196,24.82005766994111,24.668994145530196,24.760547637939453,74641600
2016-08-15,24.75139387983984,25.07183025301336,24.73766146618195,25.05809783935547,103472800
2016-08-16,25.092436112874477,25.229767274025548,24.99630569705933,25.035215377807617,135177600
2016-08-17,24.971118177118402,25.032917523500135,24.79716672501847,24.998584747314453,101424000
2016-08-18,25.000870246528233,25.08555576911699,24.952803319466657,24.966537475585938,87938800
2016-08-19,24.89558262290471,25.106156136493034,24.801741578291914,25.030624389648438,101472400
2016-08-22,24.916189205879,24.971120605375244,24.68501701973566,24.83608055114746,103280800
2016-08-23,24.85439224223576,25.021477520652386,24.84065982760131,24.913902282714844,85030800
2016-08-24,24.84981423476044,24.891013223048102,24.64610861107084,24.72621726989746,94700400
2016-08-25,24.57972882831137,24.69188093452572,24.417222216300257,24.620927810668945,100344800
2016-08-26,24.584309387410602,24.707904597919814,24.332536838720074,24.476734161376953,111065200
2016-08-29,24.403488657559762,24.59117251365014,24.327956902413796,24.449264526367188,99881200
2016-08-30,24.215809358174603,24.37602667538625,24.147143795805157,24.261585235595703,99455600
2016-08-31,24.183769937477727,24.392052484670987,24.179191301227544,24.28447723388672,118649600
2016-09-01,24.293627177292564,24.444690706547647,24.174608855710293,24.428668975830078,106806000
2016-09-02,24.650682859257305,24.71934841445918,24.44926657489614,24.657550811767578,107210000
2016-09-06,24.696460067460034,24.788013557460886,24.607195894924537,24.65068244934082,107521600
2016-09-07,24.68044442841715,24.893305603048898,24.506492929110838,24.8017520904541,169457200
2016-09-08,24.54769206379539,24.552268953644376,24.087636926380412,24.151723861694336,212008000
2016-09-09,23.95030999190486,24.197503978874085,23.60469627380371,23.60469627380371,186228000
2016-09-12,23.4948242494541,24.197494509596165,23.467357679571137,24.133407592773438,181171200
2016-09-13,24.607203240271087,24.900173098736403,24.545403873922186,24.707910537719727,248704800
2016-09-14,24.88643115460536,25.870626286950476,24.8566752687782,25.582233428955078,443554800
2016-09-15,26.0606044333641,26.488616040660265,25.97591714049353,26.451993942260742,359934400
2016-09-16,26.349002195021775,26.58017268531583,26.10180822405106,26.303224563598633,319547600
2016-09-19,26.365020681676523,26.591614254034297,25.9209873158799,25.996519088745117,188092000
2016-09-20,25.87520244045826,26.12010697798516,25.751605513168432,25.994220733642578,138057200
2016-09-21,26.05830880278046,26.090352257998326,25.735584933446983,25.98964500427246,144012800
2016-09-22,26.172754940092023,26.307796736816936,26.09264628757944,26.234554290771484,124296000
2016-09-23,26.188781447637243,26.273468750733986,25.53188863097393,25.797391891479492,209924800
2016-09-26,25.552485602666827,25.953030658642643,25.53188698083939,25.836299896240234,119477600
2016-09-27,25.863764554138143,25.904963540976546,25.71270102031809,25.884363174438477,98429600
2016-09-28,26.02168946023276,26.239127449892997,25.96217943558065,26.08119773864746,118564400
2016-09-29,25.90039438314716,26.046879325356635,25.589113444392463,25.676088333129883,143548000
2016-09-30,25.740168003580504,25.94845225875798,25.58910621359226,25.87520980834961,145516400
2016-10-03,25.797386922770695,25.875208003159123,25.698967223190934,25.75389862060547,86807200
2016-10-04,25.87749240561945,26.163595945381694,25.77907271809174,25.863759994506836,118947200
2016-10-05,25.955318465634114,26.014828502290214,25.79281183336047,25.87520980834961,85812400
2016-10-06,26.023982245396795,26.170467146015195,25.8935190762136,26.06747055053711,115117200
2016-10-07,26.163605005110146,26.220825732876538,25.9804997240005,26.10638427734375,97433600
2016-10-10,26.326106405350398,26.722074530767596,26.257442593485038,26.561857223510742,144944000
2016-10-11,26.9395065029842,27.166101746081885,26.596182282064756,26.61907196044922,256164000
2016-10-12,26.85939838695441,27.003595680121986,26.72206904517741,26.85710906982422,150347200
2016-10-13,26.731234742138586,26.880008979956983,26.486330103110024,26.774723052978516,140769600
2016-10-14,26.980709328593424,27.047085563656005,26.809047193643227,26.92348861694336,142608800
2016-10-17,26.854827374308645,26.971556379926877,26.72894109816619,26.905181884765625,94499600
2016-10-18,27.049376049096928,27.05624225539342,26.882290795519253,26.886869430541992,98214000
2016-10-19,26.836514930670027,26.953245676457854,26.046869774062202,26.806760787963867,80138400
2016-10-20,26.747250098769054,26.866268412905413,26.625942467176934,26.793025970458984,96503200
2016-10-21,26.73580360475311,26.75869328542046,26.61449598066098,26.6877384185791,92770800
2016-10-24,26.802179994203005,26.948664870898615,26.779292059638845,26.92806625366211,94154800
2016-10-25,26.99673931848235,27.09058215249656,26.850254391535653,27.065404891967773,192516000
2016-10-26,26.16359988222903,26.48174692661736,25.93471701597914,26.45656967163086,264536800
2016-10-27,26.410793330304532,26.518368554939595,26.11553422850968,26.202510833740234,138248000
2016-10-28,26.06288959895097,26.3695917661158,25.966757479086073,26.02855682373047,151446800
2016-10-31,26.012539163976705,26.145291650936002,25.909540822203006,25.987361907958984,105677600
2016-11-01,25.96904597446424,26.03999909376666,25.29841920516862,25.518146514892578,175303200
2016-11-02,25.497551955515803,25.71498998256789,25.45864228688336,25.541038513183594,113326800
2016-11-03,25.53184387990319,25.64227076409721,25.20286078893556,25.267276763916016,107730400
2016-11-04,24.968199017619202,25.363899130694815,24.87157506122732,25.03951644897461,123348000
2016-11-07,25.324783872490706,25.423708878055244,25.18214728731297,25.40070343017578,130240000
2016-11-08,25.377697966609183,25.70208059611489,25.237362443161036,25.550241470336914,97016800
2016-11-09,25.27877301861398,25.61005710827959,24.8577682024011,25.508831024169922,236705600
2016-11-10,25.557141052136153,25.557141052136153,24.34703729863719,24.797950744628906,228538000
2016-11-11,24.643811225593108,25.04641268693562,24.51267824839253,24.945186614990234,136575600
2016-11-14,24.779547311280258,24.80255276055703,23.944437391630697,24.31943130493164,204702000
2016-11-15,24.51728608272934,24.77265065619208,24.422963195841483,24.641517639160156,129058000
2016-11-16,24.54719357224477,25.359299974341905,24.52418811796748,25.30408477783203,235362000
2016-11-17,25.262670024350157,25.38690156287228,25.037214152931146,25.294878005981445,110528000
2016-11-18,25.24196582461165,25.43061332773471,25.22816290530128,25.3201847076416,113715600
2016-11-21,25.333984650637593,25.76419193736113,25.308678133159383,25.704378128051758,117058400
2016-11-22,25.754996803693512,25.86312436302286,25.628465935170478,25.720489501953125,103862000
2016-11-23,25.619258561644013,25.653767612066698,25.38229910671984,25.589351654052734,109705600
2016-11-25,25.566342501900497,25.73658666962397,25.524931995589796,25.718181610107422,45903600
2016-11-28,25.635362135650787,25.874622658112738,25.626159605340344,25.667570114135742,108776000
2016-11-29,25.48582390871544,25.773396396862534,25.322482946072274,25.642263412475586,114115200
2016-11-30,25.67446934838181,25.81250378067143,25.36849182408441,25.426006317138672,144649200
2016-12-01,25.391502843763547,25.52263583743851,25.083224201929145,25.189050674438477,148347600
2016-12-02,25.11542977784512,25.32708270259954,25.041811292921707,25.28337287902832,106112000
2016-12-05,25.30638458860915,25.31328604902802,24.90378301560855,25.101633071899414,137298000
2016-12-06,25.19135260148136,25.389202634475474,25.12003517861256,25.294878005981445,104782000
2016-12-07,25.136142529648094,25.580154627439146,25.11313707615084,25.543344497680664,119994800
2016-12-08,25.504230050636142,25.86542104085599,25.44441447910836,25.794103622436523,108273200
2016-12-09,25.837812005163336,26.387650454674247,25.837812005163336,26.215106964111328,137610400
2016-12-12,26.063271667134355,26.45667064611745,25.87922456055831,26.06557273864746,105497600
2016-12-13,26.18980365187071,26.66832474553946,26.169099272965543,26.500383377075195,174935200
2016-12-14,26.465874323696543,26.732740709071145,26.45207140442643,26.500383377075195,136127200
2016-12-15,26.544090997537463,26.85467069689595,26.509583702233826,26.64531707763672,186098000
2016-12-16,26.794857652865684,26.80175911257715,26.606210148204177,26.679828643798828,177404400
2016-12-19,26.640713634467527,27.004203893200373,26.629210033883563,26.833961486816406,111117600
2016-12-20,26.856976715603903,27.031821327990908,26.843173794037757,26.905288696289062,85700000
2016-12-21,26.870772051742385,27.008806485032228,26.866169909350997,26.930585861206055,95132800
2016-12-22,26.76724568144791,26.804055800827204,26.603904725909267,26.753442764282227,104343600
2016-12-23,26.592404319614282,26.806358337402344,26.592404319614282,26.806358337402344,56998000
2016-12-27,26.80636215499572,27.100837921736478,26.799460694600874,26.976606369018555,73187600
2016-12-28,27.03640932059712,27.151438294784008,26.732732898951845,26.8615665435791,83623600
2016-12-29,26.790251860249484,26.942090974031995,26.778750014031598,26.85466957092285,60158000
2016-12-30,26.836265635931866,26.962796480852713,26.555594599440823,26.64531707763672,122345200
2017-01-03,26.640717233261352,26.762647693029223,26.401456701458834,26.721237182617188,115127600
2017-01-04,26.652224324113234,26.804063477233335,26.629218870514205,26.691333770751953,84472400
2017-01-05,26.668323926614956,26.884579016290644,26.64301740526128,26.827064514160156,88774400
2017-01-06,26.86617203276788,27.183653185150572,26.79485461689209,27.12613868713379,127007600
2017-01-09,27.135338939026216,27.475825533009875,27.133039622896174,27.37459945678711,134247600
2017-01-10,27.323991499898003,27.464327038866397,27.215865699974678,27.402212142944336,97848400
2017-01-11,27.317092703174026,27.590862347722897,27.284884716192234,27.54945182800293,110354400
2017-01-12,27.3538977720558,27.445921327204168,27.195157183304946,27.434417724609375,108344800
2017-01-13,27.402214298974,27.519544395173387,27.333196182338213,27.386110305786133,104447600
2017-01-17,27.225068812920654,27.662179459257096,27.1974629702323,27.606966018676758,137759200
2017-01-18,27.606963013236385,27.721992025791536,27.540245975329984,27.60466194152832,94852000
2017-01-19,27.46893118928558,27.62767004832995,27.462029728701513,27.556352615356445,102389200
2017-01-20,27.710491439165345,27.710491439165345,27.544851117424333,27.606966018676758,130391600
2017-01-23,27.606957336766985,27.793303737125175,27.55404322958216,27.625362396240234,88200800
2017-01-24,27.503431765793188,27.629962599622765,27.491928164898198,27.600055694580078,92844000
2017-01-25,27.70358052260405,28.090077985152917,27.671372546991893,28.039464950561523,129510400
2017-01-26,27.9911594124987,28.168305074232265,27.97505542099596,28.05327606201172,105350400
2017-01-27,28.099284091604925,28.14759606117314,27.975052560485274,28.055572509765625,82251600
2017-01-30,27.82091088008753,27.981950759887695,27.758795999365482,27.981950759887695,121510000
2017-01-31,27.871526791718377,27.92674021974775,27.74959633368536,27.917537689208984,196804000
2017-02-01,29.224274006863443,30.020276409786565,29.219673618122155,29.61997413635254,447940000
2017-02-02,29.442826060933836,29.767206955205634,29.396813403985195,29.56935691833496,134841600
2017-02-03,29.51874665961697,29.721198858894002,29.48423935765253,29.695892333984375,98029200
2017-02-06,29.70739189237126,30.0225702420806,29.65447602268937,29.97425651550293,107383600
2017-02-07,30.03177042509611,30.388361034891503,30.01106604714577,30.25952911376953,152735200
2017-02-08,30.218118783795905,30.41826811436979,30.18821012137677,30.376855850219727,92016400
2017-02-09,30.4184436905168,30.603288725916276,30.29598460376013,30.596357345581055,113399600
2017-02-10,30.605609651634992,30.716515292031392,30.51087606110025,30.527048110961914,80262000
2017-02-13,30.748862679899332,30.919844998644407,30.672613950957338,30.797382354736328,92141600
2017-02-14,30.838959355819387,31.213267912938225,30.78812689428164,31.19709587097168,132904800
2017-02-15,31.3126384336709,31.485930037012633,31.104686394284805,31.310325622558594,142492400
2017-02-16,31.347293303978862,31.400435071703008,31.155516852353124,31.273357391357422,90338400
2017-02-17,31.215591511757644,31.384260996633373,31.215591511757644,31.358844757080078,88792800
2017-02-21,31.47667741826679,31.59682721826465,31.418913565948206,31.58527374267578,98028800
2017-02-22,31.522890317713035,31.682319126971226,31.448954414153693,31.680009841918945,83347600
2017-02-23,31.742407660992118,31.76551109702988,31.49286728264376,31.546009063720703,83152800
2017-02-24,31.402744877765418,31.57603645324707,31.257178826160466,31.57603645324707,87106400
2017-02-27,31.68694520954043,31.75626255171669,31.488237375635933,31.6384220123291,81029600
2017-02-28,31.67307113033363,31.756251206101947,31.585268959904507,31.65227699279785,93931600
2017-03-01,31.86023616336788,32.38242021612314,31.793231633504373,32.29924011230469,145658400
2017-03-02,32.34775608734624,32.41245131747088,32.06124612134738,32.107460021972656,104844000
2017-03-03,32.06587297087968,32.30848188263105,32.02197187415191,32.29692840576172,84432400
2017-03-06,32.20220192085244,32.294626230528806,32.0242917352759,32.19527053833008,87000000
2017-03-07,32.130571306357986,32.343141903855376,32.06818534575366,32.23685836791992,69785200
2017-03-08,32.10516099742172,32.30155958253522,32.07512617986917,32.11671447753906,74828800
2017-03-09,32.056632858903505,32.06818281034635,31.666148603102606,32.04276657104492,88623600
2017-03-10,32.17446408630022,32.19988032103794,32.03352015286843,32.1490478515625,78451200
2017-03-13,32.08205460341001,32.21606367840276,32.07512322110441,32.16292190551758,69686800
2017-03-14,32.186014113624836,32.26688137867309,32.07972709093619,32.11438751220703,61236400
2017-03-15,32.21144302950852,32.521056504609845,32.12364082513216,32.45405197143555,102767200
2017-03-16,32.51412971657805,32.58344707058321,32.40784263701985,32.507198333740234,76928000
2017-03-17,32.57882375766877,32.57882375766877,32.32235202535992,32.345458984375,175540000
2017-03-20,32.44018264011968,32.694345036519806,32.400903638062616,32.68510437011719,86168000
2017-03-21,32.83528008427157,32.99470886004455,32.28536715348948,32.31078338623047,158119600
2017-03-22,32.313109907341975,32.71745699257551,32.292312234910746,32.675865173339844,103440800
2017-03-23,32.638883610183065,32.712823028388804,32.488699014687725,32.560325622558594,81385200
2017-03-24,32.694343799918045,32.749798373115034,32.42863146197127,32.495635986328125,89582400
2017-03-27,32.20681637913718,32.62964824085136,32.02890271013015,32.551090240478516,94300400
2017-03-28,32.55802651752383,33.281227727729544,32.49101845812078,33.22577667236328,133499200
2017-03-29,33.19804436103866,33.3852022314122,33.0848294503589,33.29970932006836,116760000
2017-03-30,33.315882636755454,33.387509255140365,33.15645382776915,33.25580596923828,84829200
2017-03-31,33.2072908029711,33.33437201036823,33.04323987603545,33.19342803955078,78646800
2017-04-03,33.20498004721343,33.29971010159959,33.052482605089835,33.202667236328125,79942800
2017-04-04,33.0986925024719,33.477623291318075,33.080207643793266,33.44989776611328,79565600
2017-04-05,33.322814079164985,33.609324078860624,33.22808050761731,33.27660369873047,110871600
2017-04-06,33.33899058109066,33.39213587503724,33.14490484195315,33.19342803955078,84596000
2017-04-07,33.20960307310597,33.31357733372976,33.1033195269134,33.11949157714844,66688800
2017-04-10,33.17955967379013,33.24425490924556,33.017818059525624,33.080204010009766,75733600
2017-04-11,33.02706638137571,33.121799961435954,32.36162556132028,32.72438430786133,121517600
2017-04-12,32.71745385970046,32.84453153953262,32.58112846168498,32.76366424560547,81400000
2017-04-13,32.78908183353735,32.897678183969354,32.59037399291992,32.59037399291992,71291600
2017-04-17,32.68972092588931,32.782145212350784,32.548776973958354,32.770591735839844,66328400
2017-04-18,32.673553715856414,32.81911625943817,32.60423637215595,32.625030517578125,58790000
2017-04-19,32.782144510931275,32.809870033463476,32.451733423043436,32.50487518310547,69313600
2017-04-20,32.629653035873716,33.02244662108617,32.6157902720797,32.91154098510742,93278400
2017-04-21,32.91154005220847,32.96699110581275,32.7752181779293,32.87226104736328,69283600
2017-04-24,33.15644557162086,33.26041978292252,33.082506160972926,33.18879318237305,68537200
2017-04-25,33.251194061188805,33.47993672371542,33.24194986789126,33.394447326660156,75486000
2017-04-26,33.38057959462292,33.41061792992952,33.12873001195959,33.19804382324219,80164800
2017-04-27,33.25350712370632,33.30896171291005,33.11256312773726,33.22346878051758,56985200
2017-04-28,33.29276599678145,33.34128917368637,33.103302434789605,33.19110107421875,83441600
2017-05-01,33.526149553957254,34.01136391757358,33.49380192971616,33.86811065673828,134411600
2017-05-02,34.089916305108204,34.21699749566795,33.928178210589465,34.082984924316406,181408800
2017-05-03,33.63936354242312,34.07837103137064,33.334372168846535,33.9790153503418,182788000
2017-05-04,33.85424665336897,33.99749990895938,33.69019572710698,33.8565559387207,93487600
2017-05-05,33.9097010922091,34.42264454162355,33.9097010922091,34.418025970458984,109310800
2017-05-08,34.434198084508445,35.51322675874134,34.434198084508445,35.353797912597656,195009600
2017-05-09,35.55250166092058,35.78586992640068,35.455458793091545,35.580230712890625,156521600
2017-05-10,35.497049156002355,35.568675779877275,35.145843892303795,35.411556243896484,103222800
2017-05-11,35.36979026885097,35.74564745729754,35.3373091330769,35.717803955078125,109020400
2017-05-12,35.89181032003133,36.29086629146974,35.884850329613776,36.21662521362305,130108000
2017-05-15,36.19573587867911,36.344221550660954,35.973009140795185,36.12381362915039,104038800
2017-05-16,36.17950585219005,36.207345816128424,35.896454418221445,36.07046127319336,80194000
2017-05-17,35.63661097305999,35.86166015777353,34.73409541690228,34.859378814697266,203070800
2017-05-18,35.09602929903596,35.57628645594224,35.063548155767805,35.39067840576172,134272800
2017-05-19,35.5855666531375,35.72477002721877,35.411559780401745,35.511322021484375,107843200
2017-05-22,35.72940393022555,35.86396964257635,35.476514842959574,35.72708511352539,91865600
2017-05-23,35.93822189937736,35.93822189937736,35.56932813913295,35.683013916015625,79675600
2017-05-24,35.69228707716587,35.76885052211112,35.42083679427562,35.5762825012207,76712000
2017-05-25,35.666768125919795,35.81061621627435,35.50436241762813,35.699249267578125,76942400
2017-05-26,35.72941089114566,35.785094364401445,35.56932400319178,35.6389274597168,87710400
2017-05-30,35.59484499988018,35.82917297765768,35.57396502506591,35.65284729003906,80507600
2017-05-31,35.72244401492925,35.76884513027702,35.353550368673936,35.44171142578125,97804800
2017-06-01,35.53685049387354,35.573972817349585,35.31644245102639,35.53916931152344,65616400
2017-06-02,35.631962843537316,36.065818786621094,35.471875976360536,36.065818786621094,111082800
2017-06-05,35.808289880411884,35.83381102746354,35.604124244177186,35.713165283203125,101326800
2017-06-06,35.70620697236029,36.1493453010279,35.67836700705885,35.83381271362305,106499600
2017-06-07,35.966066818730944,36.18879366602264,35.840779869472385,36.04726791381836,84278400
2017-06-08,36.01943138270772,36.086712498786994,35.822222129757876,35.959110260009766,85003200
2017-06-09,36.00549447499846,36.00549447499846,33.87797135357596,34.56471633911133,259530800
2017-06-12,33.813006510950586,33.894207569448334,33.06361459113021,33.73876190185547,289229200
2017-06-13,34.14246648535844,34.20974757944908,33.67612584014028,34.01021957397461,136661600
2017-06-14,34.22134051075947,34.22134051075947,33.372186398273556,33.67844009399414,126124800
2017-06-15,33.25155501532048,33.52068295447054,32.994024702203426,33.476600646972656,128661600
2017-06-16,33.358274735777414,33.525321604147315,32.99169986019783,33.00794219970703,201444400
2017-06-19,33.330430553899184,34.04501905813801,33.330430553899184,33.952213287353516,130165600
2017-06-20,34.075187273103715,34.075187273103715,33.62741125315838,33.64365005493164,99600400
2017-06-21,33.76196909580847,33.88957482348066,33.55083994094887,33.843170166015625,85063200
2017-06-22,33.81996052633173,34.03572724556644,33.66915251831375,33.787479400634766,76425200
2017-06-23,33.6714995265539,34.14247796406717,33.666858350862896,33.93830871582031,141757600
2017-06-26,34.14478754190472,34.40231785027864,33.72949270452707,33.83157730102539,102769600
2017-06-27,33.64365116570499,33.91046385671273,33.321158535145855,33.3466796875,99047600
2017-06-28,33.523008988089416,33.898862741356155,33.21443634194379,33.833900451660156,88329600
2017-06-29,33.57404423508429,33.67148764914415,33.010260183521176,33.3350715637207,125997600
2017-06-30,33.513714088391175,33.63204099616929,33.358268414814425,33.4139518737793,92096400
2017-07-03,33.613485823453566,33.710929238845075,33.200509831479685,33.293312072753906,57111200
2017-07-05,33.33740022657141,33.5926082049495,33.112351034801584,33.43020248413086,86278400
2017-07-06,33.18195444558119,33.29331786251225,33.040428701910386,33.11466979980469,96515200
2017-07-07,33.154101307185634,33.58331958846352,33.154101307185634,33.451072692871094,76806800
2017-07-10,33.434838750141466,33.861734736524554,33.26315070466669,33.65524673461914,84362400
2017-07-11,33.578685629676194,33.838538303117105,33.49748454562129,33.7642936706543,79127200
2017-07-12,33.843169948377934,33.91509221073657,33.59956319914471,33.813011169433594,99538000
2017-07-13,33.75733476658762,34.45104347027611,33.74341478259706,34.28399658203125,100797600
2017-07-14,34.33039205013278,34.645924615900284,34.18190634507622,34.57863998413086,80528400
2017-07-17,34.527595320058545,35.01017112373985,34.46959304613573,34.69927978515625,95174000
2017-07-18,34.61576186081721,34.83153219493407,34.49279730380701,34.81993103027344,71475200
2017-07-19,34.912730369299176,35.13081950217448,34.78976582249554,35.03801727294922,83692000
2017-07-20,35.14938044280735,35.205063904111555,34.84544907273368,34.8802490234375,68974800
2017-07-21,34.799051397356024,34.90345479996306,34.541521116163516,34.864013671875,105010400
2017-07-24,34.935948936314574,35.36748622914621,34.77818082508097,35.28628158569336,85972800
2017-07-25,35.218987415187335,35.692284493098995,35.218987415187335,35.437076568603516,75415600
2017-07-26,35.57859720434331,35.71315936813375,35.51131258227014,35.60411834716797,63124000
2017-07-27,35.671414853401714,35.727098336417974,34.174956206611974,34.931304931640625,129905200
2017-07-28,34.775847185583764,34.85472943749042,34.61344150807646,34.68536376953125,68854800
2017-07-31,34.77816410050082,34.87792985848564,34.367510525584244,34.5067138671875,79383600
2017-08-01,34.59256125152247,34.85241033339182,34.43247439209287,34.81296920776367,141474400
2017-08-02,36.95443114627896,37.063475771355876,36.23056345655984,36.45793151855469,279747200
2017-08-03,36.43703863608513,36.474160950665876,35.966060332900575,36.093666076660156,108389200
2017-08-04,36.209663954052346,36.51823295889064,36.12149935828248,36.283905029296875,82239600
2017-08-07,36.439343930165116,36.870880941526856,36.348860534565596,36.845359802246094,87481200
2017-08-08,36.79665353312838,37.54604211525849,36.720090086877995,37.1400260925293,144823600
2017-08-09,36.94976876745259,37.41610933395925,36.91496881779299,37.36738586425781,104526000
2017-08-10,37.24394126576149,37.26723470908686,36.016454281468874,36.17716979980469,163217200
2017-08-11,36.47531138153877,36.93416454339408,36.35186393739302,36.68027877807617,105028400
2017-08-14,37.10884476428348,37.31614358221261,36.97607855579409,37.23229217529297,88490800
2017-08-15,37.42095847556554,37.779654003384806,37.2998389819559,37.6399040222168,117862000
2017-08-16,37.719098599761814,37.851861268607664,37.30216944215757,37.48850631713867,110686400
2017-08-17,37.38835604433153,37.43261145636436,36.76412798432432,36.7687873840332,111762400
2017-08-18,36.76878794908287,37.15077698722718,36.50325902688598,36.6849365234375,109712400
2017-08-21,36.68495026650225,36.7757890488084,36.1282708458913,36.61740493774414,105474000
2017-08-22,36.85496870453865,37.26723852587376,36.806057444258705,37.21599578857422,86418400
2017-08-23,37.05061476464174,37.376701595239346,37.0063593617578,37.262569427490234,77596400
2017-08-24,37.36739088206577,37.43959913896575,36.92950326539622,37.097206115722656,79275600
2017-08-25,37.18571576937024,37.39767404573715,37.09720849286256,37.2346305847168,101920400
2017-08-28,37.29984624604826,37.73307802479244,37.25093143296134,37.6096305847168,103864000
2017-08-29,37.29053252414095,37.99394910280157,37.2672390780848,37.945037841796875,118067600
2017-08-30,38.15234072332967,38.17330269453287,37.87516503492764,38.04752731323242,109078400
2017-08-31,38.11506596467956,38.32003690260881,38.07779787522322,38.198917388916016,107140400
2017-09-01,38.385253828589875,38.417862517958746,38.11273759156137,38.21056365966797,66364400
2017-09-05,38.14070073408444,38.25716088899768,37.39768437708491,37.75172424316406,117874000
2017-09-06,37.8984493074153,37.963666682533365,37.388353473821574,37.71211242675781,86606800
2017-09-07,37.75403893758368,37.78897910426357,37.35108793792291,37.56071472167969,87714000
2017-09-08,37.46755807275102,37.53510339320149,36.924853369385254,36.94814682006836,114446000
2017-09-11,37.38371403224697,37.74474126487017,37.241632484727475,37.616634368896484,126323200
2017-09-12,37.875162629389486,38.189606393791436,36.980749707380006,37.467552185058594,286856000
2017-09-13,37.23694981866018,37.25791533696274,36.78042823433006,37.185707092285156,179629600
2017-09-14,37.03198256595404,37.127477143471076,36.82235226093013,36.866607666015625,95042800
2017-09-15,36.91086994556379,37.49317053339173,36.80139715072568,37.239288330078125,196458400
2017-09-18,37.292856552023125,37.383695295624975,36.80139474584889,36.95745086669922,113077600
2017-09-19,37.15311691683646,37.21367847131241,36.903894036289664,36.971439361572266,83242400
2017-09-20,36.778097057338464,36.86194846899141,35.830113719840035,36.35185623168945,211805600
2017-09-21,36.28898079421191,36.28898079421191,35.57857322040231,35.72764205932617,150046800
2017-09-22,35.296726627935186,35.466760938093564,35.06846582006925,35.37825012207031,186581600
2017-09-25,34.935715870439076,35.36428835466453,34.74239160162309,35.0661506652832,177549200
2017-09-26,35.35264277080707,35.85109206953184,35.33168079683345,35.66941452026367,146640000
2017-09-27,35.82313244404268,36.03741863130181,35.76257090902376,35.92328643798828,102016800
2017-09-28,35.844084925287866,35.934923649693694,35.56690935351426,35.702003479003906,88022000
2017-09-29,35.68570083331964,35.89998696337314,35.4038658636364,35.89765548706055,105199200
2017-10-02,35.930283392535586,35.97453881719591,35.571587702377876,35.825469970703125,74795200
2017-10-03,35.87204119119061,36.12359545099182,35.84875130203596,35.98151397705078,64921200
2017-10-04,35.78353635863432,35.83710701682054,35.51102011384265,35.74859619140625,80655200
2017-10-05,35.911634993358895,36.20511672212214,35.881357783911426,36.1934700012207,85135200
2017-10-06,36.09564795285132,36.21676746633701,36.00014980656297,36.17251205444336,69630400
2017-10-09,36.29129911567504,36.50558529280248,36.21676649297357,36.29828643798828,65051600
2017-10-10,36.349531579630025,36.801397407591345,36.12593014262862,36.31226348876953,62468000
2017-10-11,36.32857464073067,36.56382283295449,36.277331897223505,36.46366882324219,67622400
2017-10-12,36.41708717925492,36.65466330578336,36.27267418896036,36.33556365966797,64500400
2017-10-13,36.505581510008696,36.63368832927769,36.43104889503047,36.56614303588867,65576800
2017-10-16,36.778103705580264,37.26723762098803,36.719873646797474,37.239288330078125,96486000
2017-10-17,37.21599345963665,37.469875653227085,37.08788662440458,37.376708984375,75989200
2017-10-18,37.36507009240364,37.432618962445325,37.174077315008596,37.211341857910156,65496800
2017-10-19,36.510244032534736,36.58710813067184,36.107293052070986,36.330894470214844,170336800
2017-10-20,36.47764645930194,36.743175445556645,36.32624969367869,36.393795013427734,95896400
2017-10-23,36.542859273307,36.72919619122614,36.21910025562893,36.37515640258789,87937200
2017-10-24,36.40309800217904,36.66629897638764,36.38213603628996,36.591766357421875,71028800
2017-10-25,36.547513273853816,36.69658207534849,36.1655242478937,36.431053161621094,84828400
2017-10-26,36.62205108219874,36.76180465829536,36.51723767716681,36.663978576660156,68002000
2017-10-27,37.10186349629206,38.10575271694487,36.96444140755853,37.97764587402344,177816800
2017-10-30,38.173301361603585,39.146909898881574,38.13370534379751,38.83246612548828,178803200
2017-10-31,39.10730812671052,39.51491855976353,38.883706679435335,39.37283706665039,144187200
2017-11-01,39.56615630845578,39.58246242968022,38.57391745889112,38.87205505371094,134551200
2017-11-02,38.80450743887397,39.2470544051936,38.497051063391076,39.15621566772461,165573600
2017-11-03,40.52811796768852,40.588675944952875,39.85730660195206,40.17873764038086,237594400
2017-11-06,40.14845077688652,40.75870407267221,39.997054079679806,40.586341857910156,140105200
2017-11-07,40.50716243754375,40.819274726553346,40.43495772707984,40.71678924560547,97446000
2017-11-08,40.68185508540157,41.049869537353516,40.604990970049464,41.049869537353516,97638000
2017-11-09,40.78666527374036,41.0172576015806,40.327812095180505,40.96601486206055,117930400
2017-11-10,40.93328678973554,40.996402330142,40.73693129386803,40.8304328918457,100582000
2017-11-13,40.556935118264605,40.79069266937852,40.53355793641035,40.66680145263672,67928400
2017-11-14,40.44940047554934,40.552254357040376,40.0146113372461,40.0520133972168,99130000
2017-11-15,39.7317676613305,39.81358422357712,39.36009404465854,39.52372360229492,116632400
2017-11-16,40.014615739111214,40.17590901947847,39.80891152035712,39.99591827392578,94550000
2017-11-17,39.98188591460903,40.0637024759367,39.65462680301197,39.773841857910156,87598000
2017-11-20,39.80657606378088,39.869691608046615,39.63593403195173,39.73411178588867,65049600
2017-11-21,39.92111417337202,40.60368579254124,39.92111417337202,40.472782135009766,100525200
2017-11-22,40.52420279815348,40.90756497870825,40.45173853945968,40.898216247558594,102355600
2017-11-24,40.93095954691835,41.02446116556671,40.825765767366306,40.900569915771484,56106800
2017-11-27,40.91925973848651,40.92627217962039,40.51953275956953,40.69485092163086,82867200
2017-11-28,40.74394168627326,40.87718163503339,40.1735726934655,40.4564208984375,105715200
2017-11-29,40.353564015160494,40.42135213023279,39.074910025823634,39.617225646972656,166665600
2017-11-30,39.8392915065516,40.239018425988334,39.374116335223185,40.17123031616211,166108800
2017-12-01,39.72709530718462,40.12915858256177,39.38814756965987,39.984230041503906,159037200
2017-12-04,40.31850424386007,40.351230160635915,39.65229731659654,39.69203567504883,130169600
2017-12-05,39.51904895308636,40.09409406815887,39.36476812137704,39.65462875366211,109400800
2017-12-06,39.15438974818077,39.785534421794935,38.9112834648331,39.507362365722656,114240000
2017-12-07,39.51203848258087,39.84163748488926,39.48398871791025,39.579830169677734,102693200
2017-12-08,39.85333698523089,39.97255208457209,39.46296219698933,39.59152603149414,93420800
2017-12-11,39.55178354518181,40.41434962364538,39.455942077161914,40.36292266845703,141095200
2017-12-12,40.241359614608676,40.29746270901659,40.08006990604287,40.13616943359375,77636800
2017-12-13,40.323172410848755,40.566278663503006,40.2062936502376,40.2694091796875,95273600
2017-12-14,40.29979940805167,40.470444984363944,40.12448124896759,40.25772476196289,81906000
2017-12-15,40.5873247413037,40.71355224948807,40.313828834523285,40.66680145263672,160677200
2017-12-18,40.879528279802386,41.421844031172604,40.87485212930518,41.2395133972168,117684400
2017-12-19,40.91457603146081,40.998728876380696,40.694843404900205,40.80003356933594,109745600
2017-12-20,40.87718185169475,41.005749218272555,40.498495760008446,40.75563049316406,93902400
2017-12-21,40.713552805108094,41.146005707313414,40.69719163107256,40.909908294677734,83799600
2017-12-22,40.83276787373455,41.00574974798811,40.79069322605128,40.909908294677734,65397600
2017-12-26,39.92579541025149,40.08241256095756,39.66398449497271,39.872032165527344,132742000
2017-12-27,39.76216859553665,39.92112204908144,39.67100327556646,39.87904739379883,85992800
2017-12-28,39.97254423626185,40.171239596342964,39.85098930185255,39.99124526977539,65920800
2017-12-29,39.8603452172818,39.87670639380417,39.55645963712553,39.55879592895508,103999600
2018-01-02,39.776189634537445,40.27643070005527,39.565805677893536,40.2670783996582,102223600
2018-01-03,40.330187330739136,40.802378551359595,40.196947390215975,40.26005935668945,118071600
2018-01-04,40.3325285848356,40.54992497445396,40.22500210267125,40.44707107543945,89738400
2018-01-05,40.54291247080879,40.99406285723671,40.45174716352319,40.90757369995117,94640000
2018-01-08,40.75563049316406,41.05016372371372,40.657449182790344,40.75563049316406,82271200
2018-01-09,40.802380620103136,40.921595685232134,40.53589715868877,40.750953674316406,86336000
2018-01-10,40.47746781204214,40.74395133955629,40.44006573912767,40.74161148071289,95839600
2018-01-11,40.81174058221333,41.022124572917754,40.78836696115157,40.9730339050293,74670800
2018-01-12,41.18340176092249,41.45923751339591,41.05951054984298,41.396121978759766,101672400
2018-01-16,41.58547252280897,41.933772604993706,41.17406046145214,41.18574905395508,118263600
2018-01-17,41.176394373281866,41.90104426428869,40.923939337469655,41.86598205566406,137547200
2018-01-18,41.92908718934309,42.09973275509077,41.667279896046836,41.90337371826172,124773600
2018-01-19,41.75144328474837,41.97818843235449,41.4709348901725,41.71638107299805,129700400
2018-01-22,41.44521189759825,41.557414516297534,41.2815823355666,41.375083923339844,108434400
2018-01-23,41.44521681046371,41.94545785474811,41.33301417846406,41.384437561035156,130756400
2018-01-24,41.4335432642983,41.44523186011413,40.4868240729553,40.725257873535156,204420400
2018-01-25,40.79302707903376,40.89588096747637,39.86267306723772,39.998252868652344,166116000
2018-01-26,40.206293567865494,40.206293567865494,39.75280340692622,40.09175109863281,156572000
2018-01-29,39.77619070677116,39.77619070677116,39.05388063992829,39.261924743652344,202561600
2018-01-30,38.693887061115404,39.124000098125286,38.499867866116375,39.03049850463867,184192800
2018-01-31,39.007123526143936,39.374124613366014,38.92063436894064,39.13802719116211,129915600
2018-02-01,39.077256358536815,39.416204154709504,38.9814148894474,39.2198486328125,188923200
2018-02-02,38.80376774202626,38.990774564998084,37.42459911046872,37.51810073852539,346375200
2018-02-05,37.19083019912959,38.30819107991556,36.46618031736213,36.58072280883789,290954000
2018-02-06,36.19267842788692,38.270782705665994,35.99865925194776,38.10948944091797,272975200
2018-02-07,38.123518306819236,38.19598257725575,37.183815515739305,37.293678283691406,206434400
2018-02-08,37.46899643189285,37.634965863191155,36.23943299272922,36.26748275756836,217562000
2018-02-09,36.865999961496776,37.058460813619604,35.26292594672998,36.711090087890625,282690400
2018-02-12,37.20161779637437,38.46670736871754,36.96925308992011,38.18975067138672,243278000
2018-02-13,38.011387447072025,38.66857795561748,37.94097353876356,38.57234573364258,130196800
2018-02-14,38.26721478410091,39.32341248785229,38.22966380983118,39.283512115478516,162579600
2018-02-15,39.85150811191413,40.626053748209934,39.66608832808962,40.60258483886719,204588800
2018-02-16,40.45470631133607,41.03209577978003,40.31622796085099,40.471134185791016,160704400
2018-02-20,40.38195192353985,40.900660247326115,40.234083127038424,40.33501052856445,135722000
2018-02-21,40.56504027258118,40.86781542185468,40.13786518942926,40.15195083618164,149886400
2018-02-22,40.32328643776861,40.827912853294784,40.302163340873086,40.48758316040039,123967600
2018-02-23,40.76219436119442,41.22692040214116,40.73168083348682,41.191715240478516,135249600
2018-02-26,41.39122004619365,42.10473876856565,41.358360702033096,42.006160736083984,152648800
2018-02-27,42.036664084160634,42.360562232054455,41.81603557762197,41.870018005371094,155712400
2018-02-28,42.07423737360011,42.393444058089834,41.7902394417635,41.80666732788086,151128400
2018-03-01,41.9052339409774,42.19627640895745,40.52513788389774,41.07435989379883,195208000
2018-03-02,40.55801117323943,41.379498653559786,40.475860992646915,41.358375549316406,153816000
2018-03-05,41.12364926720145,41.71746684872899,40.961698366530335,41.50153350830078,113605600
2018-03-06,41.75736246248173,41.837163204570295,41.339577893430516,41.4663200378418,95154000
2018-03-07,41.0602787275082,41.27386626316505,40.903023033099316,41.08140182495117,126814000
2018-03-08,41.187014556102035,41.57193979190114,41.09078593320187,41.529693603515625,95096400
2018-03-09,41.76909326665948,42.24790123821032,41.63530652700031,42.24320602416992,128740800
2018-03-12,42.31597708610445,42.80887083210406,42.29720338770059,42.651615142822266,128828400
2018-03-13,42.85581986080046,43.0694074274701,42.069541274588886,42.24087905883789,126774000
2018-03-14,42.3230244232332,42.369965835063375,41.73389842335402,41.88176727294922,117473600
2018-03-15,41.89585181071824,42.30424963868147,41.79492794839765,41.93105697631836,90975200
2018-03-16,41.931041644975714,42.04135589872213,41.6892900458461,41.78317642211914,157618800
2018-03-19,41.61888802159753,41.65409318133053,40.759846310114575,41.144771575927734,133787200
2018-03-20,41.13069534301758,41.49684338174766,41.060281432169425,41.13069534301758,78597600
2018-03-21,41.08375108302355,41.09548733194154,40.19654510210862,40.19889450073242,148219600
2018-03-22,39.90080951555583,40.52983232296425,39.572216046223105,39.63089370727539,165963200
2018-03-23,39.52292778579496,39.88203480809846,38.71317672729492,38.71317672729492,164115200
2018-03-26,39.4478137655839,40.62840784209897,39.06523432694473,40.55095291137695,150164800
2018-03-27,40.76453066529328,41.1095554946715,39.17788847855881,39.51117706298828,163690400
2018-03-28,39.25535128853273,39.90550071027378,38.77184798320467,39.074623107910156,166674000
2018-03-29,39.38679033049858,40.31155078767656,39.17320279721128,39.3797492980957,153594000
2018-04-02,39.11217610913106,39.65201123119887,38.60285451256873,39.12156295776367,150347200
2018-04-03,39.34689714023731,39.60742613093235,38.69909697104452,39.52293014526367,121112000
2018-04-04,38.69908884100521,40.372573155198666,38.673270529102645,40.278690338134766,138422000
2018-04-05,40.50633917170006,40.89361007037382,40.388983919811274,40.55797576904297,107732800
2018-04-06,40.128480014153794,40.48289180544125,39.47833051252819,39.52058029174805,140021200
2018-04-09,39.87264768313758,40.62606688890287,39.865606649917375,39.91254806518555,116070800
2018-04-10,40.60493852359392,40.839649150897934,40.25991361494503,40.66361618041992,113634400
2018-04-11,40.42420849279554,40.82087000785947,40.29981215251393,40.4734992980957,89726400
2018-04-12,40.70116364800726,41.074352620855194,40.61431829568591,40.872501373291016,91557200
2018-04-13,41.0227225756048,41.27151526401716,40.804443414359966,41.010986328125,100497200
2018-04-16,41.08138802739284,41.35365312988194,41.03444663281858,41.26681137084961,86313600
2018-04-17,41.42408378679558,41.9991241613357,41.40530650508239,41.8348274230957,106421600
2018-04-18,41.733895247128224,41.97095526813903,41.515616087100334,41.740936279296875,83018000
2018-04-19,40.783295847086514,41.16587511429133,40.52511644177003,40.55797576904297,139235200
2018-04-20,40.04162908827687,40.18714851166951,38.8281721559885,38.896240234375,261964400
2018-04-23,39.156765922577186,39.17788901493464,38.51365765341196,38.78357696533203,146062000
2018-04-24,38.88451055807703,39.03942043706122,37.84004894625956,38.243751525878906,134768000
2018-04-25,38.16864868277175,38.82583928664687,38.119361446786506,38.410400390625,113528400
2018-04-26,38.52070551465223,38.89858975322706,38.34467255099439,38.5441780090332,111852000
2018-04-27,38.492536711524295,38.56999163589468,37.701563170268216,38.09822463989258,142623200
2018-04-30,38.053631107612816,39.25769406239759,37.98556302734298,38.788272857666016,169709600
2018-05-01,39.058187912431194,39.71302884534446,38.790617998357064,39.68955993652344,214277600
2018-05-02,41.128337096986456,41.71980880691432,40.79270266081835,41.44285202026367,266157600
2018-05-03,41.280895582468375,41.66112555415438,40.942911793681255,41.51795196533203,136272800
2018-05-04,41.837176087943014,43.245440079683036,41.818398804951755,43.1468620300293,224805200
2018-05-07,43.463706525898886,44.04813720028736,43.36278268851024,43.459014892578125,169805600
2018-05-08,43.41911884558,43.70781190513855,43.109299108375836,43.667911529541016,113611200
2018-05-09,43.78527631777293,43.984778238947406,43.47311069609928,43.97539138793945,92844800
2018-05-10,44.06456535393887,44.68185174084153,44.04343867998312,44.60439682006836,111957200
2018-05-11,44.64682115330001,44.7811202353957,44.16616310265883,44.43476486206055,104848800
2018-05-14,44.53371864959899,44.65623981059255,44.26276205405801,44.33108901977539,83115200
2018-05-15,44.008296792998124,44.076627354090526,43.612464172969005,43.92818832397461,94780800
2018-05-16,43.841012012369504,44.404133352868826,43.82451718880194,44.338157653808594,76732400
2018-05-17,44.29574794788918,44.510159080061804,43.90933837555642,44.057777404785156,69176000
2018-05-18,44.104914582484554,44.250995202862086,43.8551624527251,43.8975715637207,73190800
2018-05-21,44.2957413967529,44.594974273485356,44.038921205760296,44.20856475830078,73603200
2018-05-22,44.38527546543168,44.503083285569076,44.00828900290828,44.09782409667969,60962800
2018-05-23,43.90698323730388,44.41355550927262,43.767967254278695,44.38056945800781,80233600
2018-05-24,44.47717318699425,44.49366441518397,43.873997617810524,44.33108901977539,92936000
2018-05-25,44.3499366417125,44.68451046232307,44.21327912142766,44.432403564453125,69844000
2018-05-29,44.20151206637124,44.47246871582709,44.02950999616362,44.272193908691406,90056400
2018-05-30,44.229768467955296,44.29574055989583,44.008289189922316,44.17793273925781,74762000
2018-05-31,44.111954510921706,44.34992498123116,43.857489222317014,44.02948760986328,109931200
2018-06-01,44.293393009412675,44.82823801484715,44.23684395189632,44.82352828979492,93770000
2018-06-04,45.15339070780669,45.57278634857579,45.08506373956886,45.198158264160156,105064800
2018-06-05,45.49031809732934,45.69530257509716,45.323029393544196,45.5468635559082,86264000
2018-06-06,45.62226384455202,45.72829017819991,45.219359462438206,45.70472717285156,83734400
2018-06-07,45.74242747573462,45.756563841147845,45.3183185372882,45.582210540771484,85388800
2018-06-08,45.04264641511956,45.238207849226285,44.71278592096952,45.16752243041992,106627200
2018-06-11,45.08506190990398,45.231142481373176,44.81646017789385,45.056785583496094,73234000
2018-06-12,45.094470954403874,45.381922283035365,45.03792191435529,45.304168701171875,67644400
2018-06-13,45.337159196554886,45.44554396849408,44.870641254749685,44.93190002441406,86553600
2018-06-14,45.13217513383571,45.136888453145275,44.8188059111202,44.95546340942383,86440400
2018-06-15,44.77405085873973,44.80468204998491,44.35701006610469,44.49366760253906,246876800
2018-06-18,44.26747459129005,44.5831987359482,44.107254061254174,44.4701042175293,73939600
2018-06-19,43.62188694452313,43.90227017955534,43.223695869239414,43.7514762878418,134314000
2018-06-20,43.90698467710195,44.10725585377342,43.76090050653034,43.942325592041016,82514800
2018-06-21,44.11904672969014,44.37822547833607,43.57477495274452,43.697296142578125,102847600
2018-06-22,43.85279121043432,43.859859393539764,43.51821736100589,43.57005310058594,108801600
2018-06-25,43.21191397426476,43.570050812040066,42.58282054445238,42.9221076965332,126652400
2018-06-26,43.11532148892775,43.94939954793936,43.00929153976301,43.45460510253906,98276800
2018-06-27,43.64309815806819,44.12611109590688,43.36036001732693,43.3909912109375,101141200
2018-06-28,43.37684649918818,43.87399570915046,43.306161078797324,43.70670700073242,69460800
2018-06-29,43.89285870514475,44.10491504799445,43.09647987461762,43.61483383178711,90950800
2018-07-02,43.31087386848866,44.130815387435966,43.21662544405176,44.1025390625,70925200
2018-07-03,44.24626991591381,44.28396929007822,43.24490320913668,43.33443832397461,55819200
2018-07-05,43.65016518948845,43.92112541341989,43.419262800087296,43.68315124511719,66416800
2018-07-06,43.68784901976342,44.3970507610187,43.63601329433382,44.28866958618164,69940800
2018-07-09,44.64917535845704,44.92720016005415,44.60205293727909,44.90364074707031,79026400
2018-07-10,44.934270952056835,45.0685700292257,44.80939132562234,44.849449157714844,63756400
2018-07-11,44.41355569937035,44.715143482285086,44.203857887887295,44.26747512817383,75326000
2018-07-12,44.65624289633007,45.09920155846209,44.60440715522057,45.009666442871094,72164400
2018-07-13,45.021448857587984,45.200515497182295,44.979036161635726,45.080352783203125,50055600
2018-07-16,45.12512144726553,45.3913647528247,44.865942730126086,44.98139572143555,60172400
2018-07-17,44.708073766542675,45.207577840766284,44.57848442788754,45.108619689941406,62138000
2018-07-18,45.18635671324258,45.1910700316124,44.75046644185232,44.8612060546875,65573600
2018-07-19,44.69395044584258,45.367811608312735,44.69395044584258,45.2099494934082,81147200
2018-07-20,45.1863706680151,45.33951940784949,44.80702931428614,45.10626220703125,82704800
2018-07-23,44.92718450375423,45.2287758036567,44.66329616094973,45.14630889892578,63957600
2018-07-24,45.344241819647266,45.629338405290476,45.24999697549978,45.47383117675781,74791600
2018-07-25,45.48797058470053,45.90972473919883,45.33953152979535,45.90265655517578,66839600
2018-07-26,45.85316358781776,46.171246165870855,45.61754792858129,45.75891876220703,76304000
2018-07-27,45.94269625810789,45.98981866842015,44.7905358892072,44.99787521362305,96096000
2018-07-30,45.21465776770341,45.28534320671292,44.547868406463465,44.745784759521484,84118000
2018-07-31,44.83766271788807,45.271194687816894,44.61147009280662,44.835304260253906,157492000
2018-08-01,46.918146914157724,47.53781364713079,46.489324692851646,47.47655487060547,271742800
2018-08-02,47.25979195423673,49.097594916163985,47.20560135629759,48.86433410644531,249616000
2018-08-03,48.7795179485394,49.182422376318144,48.414312895506896,49.00571060180664,133789600
2018-08-06,49.008059489642534,49.302579077921635,48.78893864166359,49.260169982910156,101701600
2018-08-07,49.31906339084968,49.361472476823934,48.715884382613126,48.7983512878418,102349600
2018-08-08,48.548598951702225,48.96328114633492,48.18810734271147,48.831336975097656,90102000
2018-08-09,49.36855326479255,49.42745718493813,48.819568297610594,49.21540451049805,93970400
2018-08-10,49.02862242410072,49.4400328797773,48.865476836370014,49.068817138671875,98444800
2018-08-13,49.489674247514394,49.87743898167193,49.10900248470338,49.38563919067383,103563600
2018-08-14,49.690653943503335,49.78522930486312,49.2414119574974,49.593711853027344,82992000
2018-08-15,49.46839617036378,49.82778902521528,49.25796293194664,49.70956802368164,115230400
2018-08-16,50.066597106681336,50.55366708451775,50.00039363053768,50.43781280517578,114001600
2018-08-17,50.46619080521633,51.532543132376475,50.39998732105406,51.44506072998047,141708000
2018-08-20,51.56800870100237,51.823362921071144,50.861045725428916,50.94380187988281,121150800
2018-08-21,51.260634158592694,51.3528464083779,50.60568870827155,50.8444938659668,104639200
2018-08-22,50.62224357048316,51.156601296459534,50.56076632942316,50.84686279296875,76072400
2018-08-23,50.75228315845391,51.31974622714638,50.74046394254264,50.950897216796875,75532800
2018-08-24,51.21335668814601,51.284286426883206,50.861056685198456,51.10932159423828,73905600
2018-08-27,51.343371637166726,51.71931710624487,51.14949110049513,51.5301628112793,82100400
2018-08-28,51.78315877144107,52.14491472640033,51.7618798582831,51.94630432128906,91107200
2018-08-29,52.052704797907644,52.84242381895519,51.877740027109745,52.72183609008789,109019200
2018-08-30,52.78568406644188,53.9702573574271,52.58470689450583,53.20655059814453,195175200
2018-08-31,53.55647918343615,54.11448247965439,53.43589505535609,53.82129669189453,173360400
2018-09-04,54.005719306205876,54.18777705269031,53.584852825321335,53.993896484375,109560400
2018-09-05,54.14285341285009,54.30363223674393,53.22309420206611,53.64159393310547,133332000
2018-09-06,53.49027852572328,53.755096048130156,52.324621069428616,52.75021743774414,137160000
2018-09-07,52.45467077300354,53.286944199899885,52.18512697755496,52.32462692260742,150479200
2018-09-10,52.2418677340193,52.45466773356044,51.18260841073498,51.62239074707031,158066000
2018-09-11,51.54671960522813,53.033941819572114,51.20387942357245,52.92754364013672,142996000
2018-09-12,53.185262513230725,53.19944845556792,51.97940690511045,52.270233154296875,197114800
2018-09-13,52.84951587627025,53.991531148163254,52.62489670197329,53.532833099365234,166825600
2018-09-14,53.37677978449687,53.63450069033738,52.61307315923123,52.925174713134766,127997200
2018-09-17,52.525592202926,52.71474653653947,51.37175762273958,51.515987396240234,148780400
2018-09-18,51.49470294727404,52.454660523096074,51.3362872360447,51.601104736328125,126286800
2018-09-19,51.662574550544555,51.927388423487095,50.905960907981274,51.6318359375,108495200
2018-09-20,52.073992180573526,52.55633231761007,51.81626763486653,52.02433776855469,106435200
2018-09-21,52.20167972953972,52.33881656256204,51.376495609529805,51.46398162841797,384986800
2018-09-24,51.2653463973236,52.31514564659759,51.22042184863809,52.204017639160156,110773600
2018-09-25,51.95813791715987,52.684016706504345,51.94631509368086,52.535057067871094,98217600
2018-09-26,52.25368725227918,52.90390281763559,51.960497843994546,52.11655044555664,95938800
2018-09-27,52.9204526803586,53.53992959522191,52.85424559802705,53.18762969970703,120724800
2018-09-28,53.14980117088278,53.39806601850307,52.96774340940435,53.37442398071289,91717600
2018-10-01,53.89695216428858,54.24452218637405,53.51864713609809,53.73380661010742,94403200
2018-10-02,53.731452552639425,54.38166815008611,53.584859645171754,54.211429595947266,99152800
2018-10-03,54.39347992524257,55.202111089246685,54.329639578452706,54.87109375,114619200
2018-10-04,54.566089500033,54.93730520599613,53.60849859022037,53.90641784667969,128168000
2018-10-05,53.89933506699638,54.00573327535788,52.15439146171712,53.03158950805664,134322000
2018-10-08,52.53978519538805,53.15216918862936,52.06453440498348,52.908634185791016,118655600
2018-10-09,52.87788730397269,53.736172895235825,52.549233077184034,53.64159393310547,107564000
2018-10-10,53.30820910217498,53.51864231494605,51.08328925859234,51.156585693359375,167962400
2018-10-11,50.721543060089694,51.89902330763163,50.201371338479035,50.70499038696289,212497600
2018-10-12,52.11654480060176,52.69819370350563,51.27008201426514,52.51613235473633,161351600
2018-10-15,52.291520137503866,52.44993586441361,51.371760786579564,51.39303970336914,123164000
2018-10-16,51.76424545871344,52.72420301170054,51.251166750358514,52.52558898925781,116736000
2018-10-17,52.56106913997548,52.64145857217466,51.86119907516877,52.29861831665039,91541600
2018-10-18,51.51125096413181,51.95576305015513,50.362142773439196,51.07619857788086,130325200
2018-10-19,51.558542953192145,52.31515664645652,51.40958333577089,51.854095458984375,132314800
2018-10-22,51.96759627834825,52.81169612366842,51.76662270171441,52.170936584472656,115168400
2018-10-23,51.0312900357926,52.7856896809397,50.76410935457385,52.66273880004883,155071200
2018-10-24,52.63199757568536,53.017395633132395,50.72627177410019,50.85631561279297,163702000
2018-10-25,51.47578116524493,52.34352273336572,51.248795294149254,51.96994400024414,119423200
2018-10-26,51.04783130446249,52.062169603151254,50.284124580632735,51.14241027832031,189033600
2018-10-29,51.82572439213365,51.94394539631925,48.72833263934348,50.18245315551758,183742000
2018-10-30,49.924726306779235,50.87758726765469,49.48021780499368,50.43307876586914,146640000
2018-10-31,51.27954177612992,52.12363783449441,51.218064547531675,51.74769592285156,153435600
2018-11-01,51.79262026173322,52.57524269602282,51.26298888864335,52.54214096069336,233292800
2018-11-02,49.54642446027015,50.51583454720711,48.57228091507329,49.05698776245117,365314800
2018-11-05,48.305108099645274,48.32638701675462,46.85571728176754,47.66434860229492,264654800
2018-11-06,47.74236754506671,48.40440585745062,47.68798689600997,48.179786682128906,127531600
2018-11-07,48.69997937092953,49.667026688995136,48.26492677508165,49.64101791381836,133697600
2018-11-08,49.821321825704445,49.85453905967433,49.054950457423345,49.467796325683594,101450400
2018-11-09,48.77022964453493,48.87937043055105,47.98724786748592,48.513980865478516,137463200
2018-11-12,47.21612153122268,47.41779988039793,45.97995916850691,46.07012176513672,204542000
2018-11-13,45.46747093822109,46.784299734622806,45.42476100071037,45.60982894897461,187531600
2018-11-14,46.00606949744506,46.14368479083384,44.11505123237931,44.321475982666016,243204000
2018-11-15,44.69873575688715,45.5481521610165,44.345206577891304,45.415283203125,185915200
2018-11-16,45.19935533527785,46.2599389233287,44.9525992928305,45.91827392578125,147713200
2018-11-19,45.08073505230195,45.24682124683419,43.892028552427426,44.09844970703125,167701200
2018-11-20,42.32130943637899,43.05683851163266,41.64272573882717,41.99150848388672,271300800
2018-11-21,42.643994348703465,42.77212054847709,41.889487071573676,41.94405746459961,124496800
2018-11-23,41.507494383952164,41.90135851863127,40.83365689452534,40.87873458862305,94496000
2018-11-26,41.34140913508516,41.50986670109431,40.39708373701015,41.43156814575195,179994000
2018-11-27,40.693666190363125,41.46715900960743,40.54419042635813,41.341407775878906,165549600
2018-11-28,41.932195651447095,43.014132585864616,41.505114329859374,42.93109130859375,184250000
2018-11-29,43.33919219005899,43.37240942608668,42.16234624717858,42.60129165649414,167080000
2018-11-30,42.77686790323383,42.78636061112032,42.00337874921922,42.37114334106445,158126000
2018-12-03,43.76627973529744,43.88016690063734,42.99516185628555,43.8516960144043,163210000
2018-12-04,42.93347443571726,43.275139586577524,41.82306631582947,41.9227180480957,165377200
2018-12-06,40.75297981442607,41.469527189200136,40.43504289397928,41.455291748046875,172393600
2018-12-07,41.163450556848574,41.40071754199759,39.9320343246601,39.977115631103516,169126400
2018-12-10,39.149052745025465,40.356740836565265,38.75281731229737,40.240482330322266,248104000
2018-12-11,40.729248827696416,40.76009107183554,39.623583881623,40.01033020019531,189126800
2018-12-12,40.43028171560984,40.79092844768577,40.102855827920074,40.1218376159668,142510800
2018-12-13,40.45165022819319,40.9451659993989,40.22861867943218,40.560791015625,127594400
2018-12-14,40.09812414539299,40.11710594038405,39.215490590548214,39.262943267822266,162814800
2018-12-17,39.255824356252,39.943900827275144,38.61045782776475,38.897552490234375,177151600
2018-12-18,39.23921640915953,39.74933899527448,39.00432078305257,39.402931213378906,135366000
2018-12-19,39.38632766402629,39.7303641394197,37.74681158935484,38.173892974853516,196189200
2018-12-20,38.05762791222595,38.4633561025011,36.84756830306149,37.21058654785156,259092000
2018-12-21,37.21770403005254,37.52615187290748,35.50226452935719,35.76325607299805,382978400
2018-12-24,35.151107914787005,35.95781796306272,34.780971939167266,34.83791732788086,148676800
2018-12-26,35.186709505084316,37.305502840884735,34.8118270755309,37.29126739501953,234330000
2018-12-27,36.97569934391403,37.19635960176957,35.60667095581887,37.049251556396484,212468400
2018-12-28,37.369555992471305,37.611569368803295,36.66961900113825,37.0682258605957,169165600
2018-12-31,37.61393775275985,37.810869799996105,37.12753967179389,37.42649841308594,140014000
2019-01-02,36.75028523353009,37.6898641400753,36.59368814570471,37.46920394897461,148158800
2019-01-03,34.16170590164323,34.57455183641599,33.69191819683805,33.73699951171875,365248800
2019-01-04,34.29219923540596,35.24601358953824,34.11899533904399,35.17720413208008,234428400
2019-01-07,35.28160408429917,35.31244995449789,34.61725572428317,35.098907470703125,219111200
2019-01-08,35.485649452234306,36.02187515169098,35.23889338251769,35.76799774169922,164101200
2019-01-09,35.89612398881753,36.66487039683081,35.50226350768915,36.375404357910156,180396400
2019-01-10,36.183217066092084,36.53199984154206,35.79409933557466,36.49166488647461,143122800
2019-01-11,36.27338262516767,36.467939696000656,35.948324350827995,36.133392333984375,108092800
2019-01-14,35.79173197667657,35.891383692191056,35.40498556947879,35.59005355834961,129756800
2019-01-15,35.65411777539392,36.39438975385984,35.601918738921825,36.31846618652344,114843600
2019-01-16,36.32082550514894,36.985173695900976,36.30184371450958,36.762142181396484,122278800
2019-01-17,36.58656278438679,37.40750802029229,36.363531273228396,36.98042678833008,119284800
2019-01-18,37.369553633249645,37.45971625451414,37.00890676859886,37.208213806152344,135004000
2019-01-22,37.11093212681015,37.186855683764556,36.21168817452131,36.37303161621094,121576000
2019-01-23,36.57470818551413,36.80960382903162,35.99340473442524,36.520137786865234,92522400
2019-01-24,36.565218274806185,36.65300590810053,36.00289663164888,36.23067092895508,101766000
2019-01-25,36.890271619149736,37.51903133240946,36.61504465459194,37.43124008178711,134142000
2019-01-28,36.96383036040819,37.09195658871479,36.45845402993215,37.0848388671875,104768400
2019-01-29,37.07296560813992,37.51902868886723,36.56521441598711,36.70045471191406,166348800
2019-01-30,38.73383622739391,39.421909052183295,38.017288901847,39.208370208740234,244439200
2019-01-31,39.412427913785926,40.09812951029959,39.04466327999454,39.490726470947266,162958400
2019-02-01,39.61410265633867,40.09337942283648,39.36971429863973,39.50970458984375,130672400
2019-02-04,39.72085767886159,40.729242132850885,39.69001181938611,40.631961822509766,125982000
2019-02-05,41.01397692943241,41.54070999970741,40.89297205344229,41.32716751098633,144406400
2019-02-06,41.43868450470518,41.65697335385666,41.011606755653766,41.341407775878906,112958400
2019-02-07,40.90483373299473,41.27022697955856,40.416064239909666,40.55842590332031,126966800
2019-02-08,40.26770784386319,40.66564261030473,40.13188390366319,40.60607147216797,95280000
2019-02-11,40.75857827237781,40.796704677929405,40.329665299757814,40.372554779052734,83973600
2019-02-12,40.53221193539128,40.7466666211287,40.436895913781186,40.720455169677734,89134000
2019-02-13,40.83959932500604,41.099328678315466,40.489320656037144,40.551273345947266,89960800
2019-02-14,40.43928339998026,40.80862164255103,40.36064904112932,40.699012756347656,87342800
2019-02-15,40.80623611906368,40.91346345759115,40.44880923334926,40.60845947265625,98507200
2019-02-19,40.43928042114127,40.85151175450796,40.38685751910222,40.729984283447266,75891200
2019-02-20,40.791933976908496,41.299481247841676,40.74427779259907,40.99209213256836,104457600
2019-02-21,40.93729918557291,41.0731195307499,40.57987224909108,40.76096725463867,68998800
2019-02-22,40.884871894446135,41.223235588397145,40.837215701877646,41.216087341308594,75652800
2019-02-25,41.499648872153486,41.90711352229098,41.449607503854075,41.516326904296875,87493600
2019-02-26,41.392422020496234,41.77129368525542,41.26374629243125,41.540157318115234,68280800
2019-02-27,41.27328116060738,41.6998090360794,41.15890192366394,41.66883087158203,111341600
2019-02-28,41.53777599764727,41.678363048433425,41.2041753537565,41.25897979736328,112861600
2019-03-01,41.52823291281517,41.73553931695009,41.197017519159516,41.692649841308594,103544800
2019-03-04,41.86422496802693,42.35509069759693,41.45437513566205,41.90235137939453,109744800
2019-03-05,41.92378549254291,41.938081984197204,41.59018493156289,41.826087951660156,78949600
2019-03-06,41.621163745570044,41.81655883042522,41.44721703446925,41.58542251586914,83241600
2019-03-07,41.43054036805001,41.56636432916655,40.98971605951243,41.10409164428711,99185600
2019-03-08,40.584633632595896,41.2399162634684,40.38923852105088,41.20178985595703,95997600
2019-03-11,41.81656828662146,42.68153896438816,41.78320858604554,42.62911605834961,128044000
2019-03-12,42.89122670675174,43.52744613325643,42.74110624977912,43.10806655883789,129870400
2019-03-13,43.42735903779865,43.67755854133484,43.11044015144397,43.29868698120117,124130000
2019-03-14,43.82054487971694,43.868204717594026,43.501244327177254,43.78003692626953,94318000
2019-03-15,44.04691043760487,44.63785523657547,43.78241438212483,44.34952926635742,156171600
2019-03-18,44.27328067856524,44.89043693766361,44.2708955054987,44.80227279663086,104879200
2019-03-19,44.880899504425805,45.033401481377794,44.30186611779311,44.44721984863281,126585600
2019-03-20,44.37574491965877,45.15255512807773,44.01831798035479,44.835636138916016,124140800
2019-03-21,45.2788486767774,46.782424185578755,45.22880730216157,46.4869499206543,204136800
2019-03-22,46.546504437841726,47.10647460051664,45.459927440929704,45.52426528930664,169630800
2019-03-25,45.63387294895227,45.745866978541436,44.46389856952138,44.97382736206055,175381200
2019-03-26,45.66963053267575,45.96033805607303,43.98257500926579,44.50918197631836,199202000
2019-03-27,44.97622334144566,45.21688950575341,44.451997889288634,44.90950393676758,119393600
2019-03-28,45.02386341699591,45.169217132837865,44.68549980416933,44.969058990478516,83121600
2019-03-29,45.233560640409536,45.2931317832796,44.92617150707696,45.26215362548828,94256000
2019-04-01,45.66486194899173,45.67439173346239,44.88805543895594,45.569549560546875,111448000
2019-04-02,45.533803597504026,46.33682517645646,45.52427381326158,46.23197937011719,91062800
2019-04-03,46.04849014150251,46.82291494336478,46.02466023168709,46.54888916015625,93087200
2019-04-04,46.415447417089275,46.79193745474998,46.02227935106706,46.629905700683594,76457200
2019-04-05,46.81101273950768,46.965899923630765,46.68710371939616,46.94207000732422,74106400
2019-04-08,46.8038588026213,47.7117225101516,46.78479559908021,47.680747985839844,103526800
2019-04-09,47.73316823079818,48.33602791999754,47.47343527844449,47.53777313232422,143072800
2019-04-10,47.342384260292086,47.833253607870596,47.22324195607037,47.804656982421875,86781200
2019-04-11,47.85946211752939,47.89520335222447,47.28519537386603,47.40671920776367,83603200
2019-04-12,47.4662953407457,47.690283464181285,46.753826657487316,47.38766098022461,111042800
2019-04-15,47.31856613921334,47.621188662173395,47.182742143734544,47.47344970703125,70146400
2019-04-16,47.52824418170382,47.983364968636586,47.3137858769923,47.47820281982422,102785600
2019-04-17,47.5473186878196,48.462334530736044,47.32571570285156,48.40276336669922,115627200
2019-04-18,48.400362590881734,48.64579541672132,48.25739402484164,48.57669448852539,96783200
2019-04-22,48.33126033721687,48.834040931260986,48.214499587608906,48.73634338378906,77758000
2019-04-23,48.71251655805477,49.50362313511346,48.58622601734535,49.43928527832031,93292000
2019-04-24,49.41069711912076,49.677574720140036,49.3368294714054,49.363040924072266,70162400
2019-04-25,49.284392273997106,49.505995152880146,48.876924107235496,48.9150505065918,74172800
2019-04-26,48.82451383821142,48.848343752952516,48.162082930875414,48.68154525756836,74596400
2019-04-29,48.70537549946289,49.07948410291866,48.57670340282082,48.75541687011719,88818800
2019-04-30,48.38607033097731,48.46708622241454,47.44484688744978,47.81657028198242,186139600
2019-05-01,50.011182816509084,51.30506670293471,49.856295614581796,50.1636848449707,259309200
2019-05-02,50.001632355540394,50.67121140289478,49.594167784628695,49.837215423583984,127985200
2019-05-03,50.25183551985448,50.478205146321336,50.094566822586664,50.45676040649414,83569600
2019-05-06,48.67916480446681,49.76336058348923,48.490921549124295,49.67757797241211,129772400
2019-05-07,49.05803760722793,49.42499431382498,47.854699576559206,48.338417053222656,155054800
2019-05-08,48.10965396395561,48.92935347903369,48.07391273228292,48.347938537597656,105358000
2019-05-09,47.75222695826382,48.057230920723306,46.8610449825507,47.8284797668457,139634400
2019-05-10,47.2233110420529,47.565372181315134,46.11102196215222,47.16590118408203,164834800
2019-05-13,44.90065443085275,45.32403977104099,43.73813138927743,44.42464065551758,229722400
2019-05-14,44.58968654744338,45.37666024246978,44.35048432829495,45.127891540527344,146118800
2019-05-15,44.55620984764786,45.86703732389194,44.49640927747329,45.66849899291992,106178800
2019-05-16,45.42689206250881,46.03924912918253,45.17094394873877,45.46755599975586,132125600
2019-05-17,44.7140629787205,45.66369595129546,44.67339904500029,45.20921325683594,131516400
2019-05-20,43.89839489959819,44.09693319133087,43.123378349333606,43.795536041259766,154449200
2019-05-21,44.30503541950881,44.97001729820006,44.18064924329761,44.635135650634766,113459200
2019-05-22,44.17107963556311,44.422242678436454,43.666362841765874,43.721378326416016,118994400
2019-05-23,43.00856675291308,43.18557408801563,42.53255294513371,42.97507858276367,146118800
2019-05-24,43.10424582926103,43.56829879019288,42.72630582654269,42.810028076171875,94858800
2019-05-28,42.79806098088244,43.19752825231062,42.55646805143749,42.63301086425781,111792800
2019-05-29,42.200059369611644,42.900923841188686,42.099594865311815,42.42969512939453,113924800
2019-05-30,42.56604276106945,42.872221371398474,42.25986415074042,42.64976501464844,84873600
2019-05-31,42.154600363851024,42.57559854863849,41.857991988135176,41.87712860107422,108174400
2019-06-03,42.0039165147465,42.558863836181885,40.72896808562691,41.45375061035156,161584400
2019-06-04,41.96564616438153,43.0157439669586,41.74558051747907,42.97029495239258,123872000
2019-06-05,44.080180266448075,44.25001543111583,43.32908551905767,43.66396713256836,119093600
2019-06-06,43.79314204238784,44.36483519131341,43.570682084053516,44.30503463745117,90105200
2019-06-07,44.613602808905426,45.90768763912735,44.4365955097193,45.48429870605469,122737600
2019-06-10,45.88137267413092,46.732931908705964,45.835923672858236,46.06555938720703,104883600
2019-06-11,46.61094460560243,46.8836349896468,46.309551123217446,46.59898376464844,107731600
2019-06-12,46.39326612217786,46.87645558984888,46.259313473699386,46.45067596435547,73012800
2019-06-13,46.57268212870574,47.07261400657123,46.30956181664146,46.44112014770508,86698400
2019-06-14,45.81918484080178,46.307155751593456,45.52018207317705,46.10383605957031,75046000
2019-06-17,46.142102390137104,46.6348619824245,45.96748580812443,46.37891387939453,58676400
2019-06-18,46.89559690653218,47.90981200382238,46.69466791366559,47.46968078613281,106204000
2019-06-19,47.76390336299069,47.811746732774715,47.19699520042928,47.33094787597656,84496800
2019-06-20,47.92893292864289,47.98634275778242,47.36920078178908,47.71126174926758,86056000
2019-06-21,47.553403383165076,48.04376867773491,47.397919745896615,47.54861831665039,191202400
2019-06-24,47.49120806529403,47.87871815109603,47.40270441017317,47.50077819824219,72881600
2019-06-25,47.46489952077428,47.663437821269206,46.713804620677834,46.780784606933594,84281200
2019-06-26,47.30701856626707,48.07724991703019,47.206554083550465,47.792598724365234,104270000
2019-06-27,47.90982142160545,48.21600368750745,47.73759914382003,47.778263092041016,83598800
2019-06-28,47.52468785247962,47.72083539403826,47.134790777081065,47.3428955078125,124442400
2019-07-01,48.59871477331292,48.91446345681218,47.99592415477376,48.21120834350586,109012000
2019-07-02,48.17771659878482,48.589144680081205,48.16575575864351,48.49346160888672,67740800
2019-07-03,48.62502883489124,48.90250429660593,48.483900395720205,48.895328521728516,45448000
2019-07-05,48.641776546255905,49.055595395919944,48.534132619231094,48.852272033691406,69062000
2019-07-08,48.03420208422318,48.17533053234699,47.46011815799339,47.84523391723633,101354400
2019-07-09,47.64908366307894,48.20164023244244,47.555794939029724,48.13705825805664,82312000
2019-07-10,48.282982401654586,48.732680212837536,48.21361169545004,48.61307907104492,71588400
2019-07-11,48.63220334558516,48.890542184265826,48.24948197897164,48.25904846191406,80767200
2019-07-12,48.42649079222815,48.79725497916496,48.36669023465564,48.62981414794922,70380800
2019-07-15,48.818772440215454,49.24455203210926,48.797245119823614,49.0866813659668,67789600
2019-07-16,48.93838981534798,49.301978274892384,48.67766022623897,48.91686248779297,67467200
2019-07-17,48.80921787684371,49.05798660085317,48.622640421352486,48.64177703857422,56430000
2019-07-18,48.79725175606653,49.246953087288276,48.72549036173215,49.19432830810547,74162400
2019-07-19,49.22543418445619,49.39526940436115,48.404972139539964,48.45998764038086,83717200
2019-07-22,48.71353210630533,49.56987651762095,48.7039656231899,49.56748580932617,89111600
2019-07-23,49.8641074492469,49.97174774213906,49.58423757781546,49.95500183105469,73420800
2019-07-24,49.67512729577653,50.029145578681785,49.5555261792605,49.914329528808594,59966400
2019-07-25,49.96695653329002,50.050678778547585,49.450278810987754,49.519649505615234,55638400
2019-07-26,49.62967672847252,50.1678817358878,49.54834884778114,49.691871643066406,70475600
2019-07-29,49.864090987781196,50.38555001894711,49.85930592191719,50.155914306640625,86693600
2019-07-30,49.93585061510733,50.27073588947548,49.58900815053056,49.940635681152344,135742800
2019-07-31,51.768149068134655,52.95219944273716,50.54343475015479,50.95964431762695,277125600
2019-08-01,51.16535872118057,52.15326516054023,49.45267342174729,49.8569221496582,216071600
2019-08-02,49.16322646839944,49.37850698227008,48.2303393750456,48.802032470703125,163448400
2019-08-05,47.35965283602837,47.517523540558116,46.065567840975476,46.24736022949219,209572000
2019-08-06,46.957790753154114,47.3787890279519,46.4148006509655,47.122840881347656,143299200
2019-08-07,46.742507730135785,47.735195505332065,46.36217706782614,47.610809326171875,133457600
2019-08-08,47.888289320978814,48.68483324483393,47.69453608408315,48.660911560058594,108038000
2019-08-09,48.33435204748465,48.6849121066314,47.85172652260763,48.259918212890625,98478800
2019-08-12,47.930974561632105,48.51444641488046,47.81812205634959,48.13747024536133,89927600
2019-08-13,48.26712420599327,50.9371579045492,48.13746218750722,50.17600631713867,188874000
2019-08-14,48.78096824288931,49.568532297848215,48.64410316767906,48.68252182006836,146189600
2019-08-15,48.852997569788144,49.256382389403456,47.942974606430376,48.440006256103516,108909600
2019-08-16,49.04988847143179,49.74140951677776,48.944239015747925,49.58293533325195,110481600
2019-08-19,50.57220117203168,51.078835764252794,50.43053649544689,50.50737380981445,97654400
2019-08-20,50.634624409226056,51.22769905454453,50.50016279412302,50.509765625,107537200
2019-08-21,51.14126462439481,51.29973516626406,50.80751034118719,51.05722427368164,86141600
2019-08-22,51.189283823360064,51.48942268562583,50.60341217800857,51.01400375366211,89014800
2019-08-23,50.28645752648354,50.91555099493653,48.262323049739784,48.656105041503906,187272000
2019-08-26,49.42926093993379,49.748609076351144,49.23717136701609,49.58053207397461,104174400
2019-08-27,49.909494183098246,50.07517143093124,48.869812663973555,49.02108383178711,103493200
2019-08-28,49.00667570095276,49.39565450041869,48.81938934092808,49.350032806396484,63755200
2019-08-29,50.0631602076527,50.260053051987526,49.621356699521705,50.18561553955078,83962000
2019-08-30,50.4617535522876,50.531384164590875,49.751023029326475,50.12079620361328,84573600
2019-09-03,49.56611865080238,49.69818045135938,49.03547532102372,49.390838623046875,80092000
2019-09-04,50.03673886776175,50.29845901885149,49.779821963278366,50.22882843017578,76752400
2019-09-05,50.903549829089826,51.376568957870155,50.785894078911504,51.21089172363281,95654800
2019-09-06,51.39577500112992,51.4846149241543,51.02600190350711,51.206085205078125,77449200
2019-09-09,51.585461226459756,51.96964040269282,50.680245133535024,51.42458724975586,109237600
2019-09-10,51.35014804449725,52.05127185370454,50.83391076513622,52.03206253051758,127111600
2019-09-11,52.3610251708255,53.71525152055803,52.27938461882768,53.68643569946289,177158400
2019-09-12,53.976971102844466,54.365949877044244,53.51115502500784,53.56637954711914,128906800
2019-09-13,52.82443080357143,53.01411692029238,52.10890090309722,52.5242919921875,159053200
2019-09-16,52.279363202515775,52.85563175889288,52.23854477514036,52.8004035949707,84632400
2019-09-17,52.81483570644543,53.02133138546332,52.61313961117362,52.992515563964844,73274800
2019-09-18,53.07895237436418,53.508753239988586,52.6899736146539,53.48954391479492,101360000
2019-09-19,53.3070606073627,53.72725500568296,52.913278574917605,53.05494689941406,88242400
2019-09-20,53.15577674192702,53.43910597603802,52.21694181041086,52.27936935424805,221652400
2019-09-23,52.57231054140675,52.78600921665871,52.260165462190585,52.517086029052734,76662000
2019-09-24,53.07175724267541,53.422321068033824,52.14973147882972,52.26738357543945,124763200
2019-09-25,52.476268656643114,53.18459549366252,52.13771121007937,53.07174301147461,87613600
2019-09-26,52.82442795501207,53.050132915210256,52.54349848236231,52.79801559448242,75334000
2019-09-27,52.95409870061891,53.05494858356497,52.17133785844145,52.54111099243164,101408000
2019-09-30,53.04053666142086,53.924147350243985,53.01412429579234,53.777679443359375,103909600
2019-10-01,54.041803963537824,54.798152420020195,53.832904827025864,53.92654800415039,139223200
2019-10-02,53.559175493563515,53.68403427770665,52.32740451351937,52.57472229003906,138449200
2019-10-03,52.44745522730388,53.054939558377036,51.65509168829448,53.021324157714844,114426000
2019-10-04,54.17865934180888,54.622866267592265,53.7584649875072,54.50761032104492,138478800
2019-10-07,54.3299328547412,55.20873658677315,54.22668318942507,54.51961898803711,122306000
2019-10-08,54.22187750074084,54.75972389234403,53.86411072762326,53.880916595458984,111820000
2019-10-09,54.51241683959961,54.6948999368784,54.17866259327657,54.51241683959961,74770400
2019-10-10,54.72850967565127,55.331190753868945,54.577242206069194,55.24715042114258,113013600
2019-10-11,55.933864711609424,57.05998604876927,55.78019379619807,56.71662902832031,166795600
2019-10-14,56.402094083727334,57.17765554935528,56.34686955839495,56.63500213623047,96427600
2019-10-15,56.75985041805286,57.06238901917909,56.397284055002885,56.502933502197266,87360000
2019-10-16,56.03472639321673,56.48373664287502,55.993907945757734,56.274837493896484,73903200
2019-10-17,56.447714031568175,56.702231195180964,56.07074153370897,56.49333572387695,67585200
2019-10-18,56.327655968301634,57.045589398505086,56.255621913343404,56.7646598815918,97433600
2019-10-21,57.03117766562347,57.864363302867055,56.983156188347394,57.749107360839844,87247200
2019-10-22,57.90518270314261,58.15489658740651,57.53540962798938,57.61705017089844,82293600
2019-10-23,58.1308924623088,58.40461894002899,57.9195935448391,58.39020919799805,75828800
2019-10-24,58.7095571851868,58.77919144814045,58.06125802035155,58.48625564575195,69275200
2019-10-25,58.38540931615225,59.242603940499954,58.31817850890162,59.20658874511719,73477200
2019-10-28,59.408277532037836,59.84768120784419,59.24020052419486,59.799659729003906,96572800
2019-10-29,59.7804471734003,59.967733495416816,58.24373795075097,58.4166145324707,142839600
2019-10-30,58.769594309938476,58.89925636183099,57.91720279547396,58.409427642822266,124522000
2019-10-31,59.365052487377525,59.82846501751993,56.96874176554997,59.730018615722656,139162000
2019-11-01,59.91730831812791,61.45161774300314,59.82606861277858,61.425209045410156,151125200
2019-11-04,61.78777210588694,61.912634539198656,61.31955996379076,61.82859420776367,103272000
2019-11-05,61.720540736224365,61.99427084278033,61.54526436432109,61.73975372314453,79897600
2019-11-06,61.65332561896753,61.82620590718416,61.317171538437805,61.766178131103516,75864400
2019-11-07,62.31285217221587,62.700595407259684,62.16112687805122,62.479026794433594,94940400
2019-11-08,62.30081516113781,62.72227105623637,61.85768527338709,62.6500244140625,69986400
2019-11-11,62.20689431328376,63.21116685235938,62.202080319789076,63.14614486694336,81821200
2019-11-12,62.9895835347863,63.288220102882214,62.83786560415839,63.08832550048828,87388800
2019-11-13,62.88844749635185,63.76748263298455,62.8739981675004,63.69282531738281,102734400
2019-11-14,63.51940649056818,63.791547682938585,63.12203537012174,63.2520866394043,89182800
2019-11-15,63.502574886013555,64.00832351523762,63.34122157477898,64.00350952148438,100206400
2019-11-18,64.01311651070851,64.40567368628587,63.635016010866224,64.32620239257812,86703200
2019-11-19,64.51886989658281,64.54295455850364,63.914386775129536,64.13113403320312,76167200
2019-11-20,63.9505046207332,64.08054855468487,62.71262513008036,63.38454818725586,106234400
2019-11-21,63.50496816719241,63.5820361437923,62.90047770949757,63.100372314453125,121395200
2019-11-22,63.240052360746795,63.38214231017823,62.81859650494602,63.044979095458984,65325200
2019-11-25,63.26897510656946,64.16728114713578,63.22321643683277,64.15042114257812,84020400
2019-11-26,64.28769367668264,64.34067700985004,63.21839902520191,63.64949035644531,105207600
2019-11-27,63.9601500849875,64.53815268116317,63.89512810024147,64.50443267822266,65235600
2019-11-29,64.20579591584789,64.54295915794552,64.03721061999535,64.36233520507812,46617600
2019-12-02,64.36714398387619,64.60316190902952,63.4471716441627,63.618160247802734,94487200
2019-12-03,62.20928904177194,62.50310426103313,61.722811237581595,62.48384094238281,114430400
2019-12-04,62.87400512239632,63.41346639147771,62.780077124864164,63.03535842895508,67181600
2019-12-05,63.52905636870785,64.03480488761794,63.2737751129012,63.960140228271484,74424400
2019-12-06,64.41771253552191,65.2654380891989,64.37435721234547,65.19559478759766,106075600
2019-12-09,65.02462660501106,65.21728922547906,63.79879285948436,64.28286743164062,128042400
2019-12-10,64.68745273051618,65.04147593348435,64.02756829699055,64.65855407714844,90420400
2019-12-11,64.73802401273718,65.28953113493121,64.6633667099047,65.21005249023438,78756800
2019-12-12,64.48999124414951,65.64116788478415,64.3792105844826,65.37625122070312,137310400
2019-12-13,65.37623737672222,66.30103115854632,65.2485967405498,66.26490783691406,133587600
2019-12-16,66.71043240289573,67.623187308464,66.70561841103523,67.39920806884766,128186000
2019-12-17,67.32939453528536,67.85922045100963,67.14394921761478,67.53169250488281,114158400
2019-12-18,67.38477250929151,67.89052104298418,67.22100855730946,67.37032318115234,116028400
2019-12-19,67.31252181714845,67.71711767990757,67.18006720064264,67.43775177001953,98369200
2019-12-20,67.96999593464518,68.07114122602003,67.08613954782287,67.2980728149414,275978000
2019-12-23,67.5605836287108,68.45647873677,67.52204963647512,68.39627075195312,98572000
2019-12-24,68.56244109414793,68.61061041883474,68.13617123413715,68.46128845214844,48478800
2019-12-26,68.59377651700305,69.83647060071867,68.56487785103917,69.81961059570312,93121200
2019-12-27,70.11099839799601,70.79737094783557,69.38850252439819,69.79309844970703,146266000
2019-12-30,69.71120798213394,70.4890977572307,68.69008295692782,70.20732116699219,144114400
2019-12-31,69.82440364292783,70.72752343141342,69.72566166410049,70.72029876708984,100805600
2020-01-02,71.34403185341793,72.39406264366768,71.09116132608638,72.33385467529297,135480400
2020-01-03,71.56321309934685,72.38926493117573,71.40667380039741,71.63064575195312,146322800
2020-01-06,70.75402098693286,72.23995000976231,70.50355369984423,72.201416015625,118387200
2020-01-07,72.21105649751387,72.46633779595872,71.6426965801033,71.86185455322266,108872000
2020-01-08,71.56563615467269,73.31889277543256,71.56563615467269,73.01785278320312,132079200
2020-01-09,73.99318724898775,74.76144156312063,73.74272737606113,74.56877899169922,170108400
2020-01-10,74.80238740809561,75.30091119032697,74.23643098983341,74.73735809326172,140644800
2020-01-13,75.05286332420356,76.36057889021191,74.93485068528152,76.3340835571289,121532000
2020-01-14,76.27147857331117,76.48100118582082,75.18051017572739,75.30332946777344,161954400
2020-01-15,75.10344798902688,75.98248317068368,74.54953007278792,74.98062133789062,121923600
2020-01-16,75.52248200660513,76.03064118697364,75.16123412136378,75.91985321044922,108829200
2020-01-17,76.16792404225187,76.76277929851412,75.86207008807327,76.7603759765625,137816400
2020-01-21,76.38948797518701,76.8302072165908,76.10289736234121,76.24017333984375,110843200
2020-01-22,76.72423213565071,77.06380603496487,76.4183782339569,76.5123062133789,101832400
2020-01-23,76.56532421902926,76.96028493678809,76.01863079284396,76.88081359863281,104472000
2020-01-24,77.12642473209515,77.86818383448923,76.46895092458591,76.65921020507812,146537600
2020-01-27,74.67236453066312,75.08418516629278,73.42485661478304,74.40504455566406,161940000
2020-01-28,75.28408422213496,76.68090687398296,75.18534222076916,76.50991821289062,162234000
2020-01-29,78.13791500924663,78.95674202148273,77.39855929233421,78.11141967773438,216229200
2020-01-30,77.19627050016777,78.05122092954578,76.76517927864235,77.99823760986328,126743200
2020-01-31,77.29019066933044,77.71164655303768,74.24607885109228,74.5398941040039,199588400
2020-02-03,73.28512861963044,75.49837389715371,72.7842016081601,74.33515930175781,173788400
2020-02-04,75.93672133535755,76.97952779146334,75.53212542449515,76.78926849365234,136616400
2020-02-05,77.91393700101683,78.21257356762338,76.81334075627086,77.41542053222656,118826800
2020-02-06,77.68516086755363,78.3233640404218,77.12883967256218,78.32095336914062,105425600
2020-02-07,77.82126159942887,78.0699069624119,76.76632925971391,77.25637817382812,117684000
2020-02-10,75.8441484328751,77.623291015625,75.7644885208781,77.623291015625,109348800
2020-02-11,78.11817322586252,78.19059132825674,76.93770658748598,77.15496826171875,94323200
2020-02-12,77.60397618630914,78.99204618157108,77.60397618630914,78.98722076416016,113730400
2020-02-13,78.26058344838953,78.75063214721084,78.05780543857192,78.42473602294922,94747600
2020-02-14,78.3933688702963,78.69271421468866,77.93712009409066,78.4440689086914,80113600
2020-02-18,76.12900107799734,77.1887659353896,75.94794846047884,77.0077133178711,152531200
2020-02-19,77.24911404532844,78.3523297233802,77.24911404532844,78.12299346923828,93984000
2020-02-20,77.88403818760548,78.3716707670257,76.8170311225917,77.32156372070312,100566000
2020-02-21,76.91600019658557,77.3577728316972,74.9558044913532,75.57138061523438,129554000
2020-02-24,71.75960237227564,73.43011036441114,69.82113268068633,71.981689453125,222195200
2020-02-25,72.65037937541128,73.03179362770307,69.07277807692655,69.54351043701172,230673600
2020-02-26,69.16934783382864,71.90927916190874,69.16210602316792,70.64673614501953,198054800
2020-02-27,67.85852928583456,69.04140503149553,65.89350114490772,66.0286865234375,320605600
2020-02-28,62.10346116385855,67.20914325476264,61.88860853206062,65.99005126953125,426510000
2020-03-02,68.14337454443714,72.76866613954134,67.04257525684778,72.13377380371094,341397200
2020-03-03,73.30701482551375,73.38667475068135,68.99312746023453,69.8428726196289,319475600
2020-03-04,71.5616425276586,73.24180855249296,70.76259766156525,73.08248138427734,219178400
2020-03-05,71.33954955045269,72.31240522279981,70.34738484234605,70.71190643310547,187572800
2020-03-06,68.07577636210152,70.20495666747604,67.88989834828591,69.77284240722656,226176800
2020-03-09,63.67016438238683,67.13188921300795,63.48911178224734,64.25436401367188,286744800
2020-03-10,66.9025682079639,69.14761776690831,65.02685833500999,68.88207244873047,285290000
2020-03-11,66.96291749628936,67.88748961967876,65.627949126833,66.48976135253906,255598800
2020-03-12,61.78481034349421,65.17894285229022,59.86806602728879,59.923587799072266,418474000
2020-03-13,63.94538103600016,67.57367559511492,61.06301877546382,67.10293579101562,370732000
2020-03-16,58.40758108532822,62.542820889319664,57.93684495675963,58.4703483581543,322423600
2020-03-17,59.749787528944104,62.187961018540406,57.55060118117008,61.041297912597656,324056000
2020-03-18,57.88131450093201,60.350871115595204,57.24159305699179,59.5469970703125,300233600
2020-03-19,59.72081881991735,61.03646731467495,58.56691024737155,59.090755462646484,271857200
2020-03-20,59.67011183513416,60.7926402539027,55.03999474688709,55.33933639526367,401693200
2020-03-23,55.05931255400759,55.16070158535809,51.32479999006741,54.16370391845703,336752800
2020-03-24,57.05813231967632,59.79323446043245,56.56084169108887,59.59769821166992,287531200
2020-03-25,60.53193331315153,62.34245973328567,58.97488132854125,59.26939392089844,303602000
2020-03-26,59.510798931904375,62.44626304168301,59.47217348326275,62.388328552246094,252087200
2020-03-27,61.01473571142301,61.767913466106,59.638736473627105,59.80530548095703,204216800
2020-03-30,60.529521124828726,61.68342967850782,60.20603760216864,61.51203155517578,167976400
2020-03-31,61.702735358357586,63.366001623216455,60.83368129501873,61.38649368286133,197002000
2020-04-01,59.50596168562525,60.041877740721404,57.726819101176545,58.156517028808594,176218400
2020-04-02,58.018915768998035,59.18006600388776,57.188487147319506,59.126956939697266,165934000
2020-04-03,58.61277624472143,59.31284498948773,57.68820030765842,58.277225494384766,129880000
2020-04-06,60.568149922006974,63.51568523881815,60.20121917390235,63.36119079589844,201820400
2020-04-07,65.37206847487805,65.58933753055518,62.52350996388426,62.62731170654297,202887200
2020-04-08,63.42635444288139,64.54405384793799,63.06184016051964,64.23023223876953,168895200
2020-04-09,64.86512738575412,65.19584902236409,63.89951332637289,64.6937255859375,161834800
2020-04-13,64.77098966919036,66.07215841536981,64.17230617831575,65.9635238647461,131022800
2020-04-14,67.59299170512948,69.58457092501276,67.12225185179103,69.29488372802734,194994800
2020-04-15,68.17234288135833,69.1210568119712,67.74506136385055,68.66239166259766,131154400
2020-04-16,69.37453866907585,69.57249130619873,68.16027936470277,69.20796966552734,157125200
2020-04-17,68.72517714348913,69.27075152318855,66.83498322406335,68.2689208984375,215250000
2020-04-20,67.09810395402242,67.99853426971617,66.83255863780644,66.85186767578125,130015200
2020-04-21,66.69495629705587,66.92911797835283,64.07572694243713,64.78545379638672,180991600
2020-04-22,66.05040482183006,67.08602784822331,65.71003238672124,66.65150451660156,116862400
2020-04-23,66.59598178954948,68.01543553598502,66.35457829164004,66.39320373535156,124814400
2020-04-24,66.91704870248016,68.31960235496462,66.86876505886688,68.30994415283203,126161200
2020-04-27,68.02750161594408,68.68895219864656,67.58091104598891,68.35823059082031,117087600
2020-04-28,68.81932926175669,69.00038194653797,67.15847882168735,67.25020599365234,112004800
2020-04-29,68.73482721743544,69.92736120107678,68.53204914375017,69.45903778076172,137280800
2020-04-30,69.99736587702316,71.10058178322025,69.60870972779222,70.92435455322266,183064000
2020-05-01,69.10176434791705,72.1796595284793,69.00520440389795,69.78252410888672,240616800
2020-05-04,69.80666159250394,70.89780288941466,69.11866006272429,70.76985931396484,133568000
2020-05-05,71.2285224464027,72.66245995311394,71.0836788601292,71.83203125,147751200
2020-05-06,72.53208591439893,73.2031872790944,72.14825527383692,72.57312774658203,142333600
2020-05-07,73.19836352852457,73.66910326152602,72.89660917840814,73.32389068603516,115215200
2020-05-08,73.98230402182824,75.12239040799929,73.65552559886389,75.06913757324219,133838400
2020-05-11,74.57775917368724,76.74416477518758,74.36958632362644,76.25037384033203,145946400
2020-05-12,76.93296900656856,77.38319884408511,75.25793879153254,75.37896728515625,162301200
2020-05-13,75.55808267285332,76.4779036027934,73.39409274246334,74.46882629394531,200622400
2020-05-14,73.7087840752181,74.98684482021679,72.98745151047878,74.92633056640625,158929200
2020-05-15,72.70180190645536,74.52932881095421,72.66791038979864,74.48333740234375,166348400
2020-05-18,75.80498930633232,76.61103581678174,75.11512542110488,76.23826599121094,135178400
2020-05-19,76.25521336264156,77.0999898949941,75.76626090152799,75.7977294921875,101729600
2020-05-20,76.65461600601195,77.34205706251838,76.61588599602642,77.27186584472656,111504800
2020-05-21,77.1338852173559,77.67367499164858,76.45854411277335,76.69576263427734,102688800
2020-05-22,76.43433589476804,77.27185842972254,76.33267609193112,77.18955993652344,81803200
2020-05-26,78.3054252019707,78.48454498542678,76.6110265113562,76.66670227050781,125522000
2020-05-27,76.5239252350835,77.14600628744874,75.78564674344277,77.00077056884766,112945200
2020-05-28,76.67640563269867,78.29092933411673,76.40046444930317,77.03465270996094,133560800
2020-05-29,77.27668877080987,77.73659554294788,76.60377068012559,76.9595947265625,153532400
2020-06-01,76.91361639836452,78.0270801430567,76.78290354210658,77.90605163574219,80791200
2020-06-02,77.63976650286615,78.2909002875674,77.19922108217762,78.26669311523438,87642800
2020-06-03,78.58622664893751,78.9589964979716,78.0149682866651,78.69757080078125,104491200
2020-06-04,78.52085026224736,78.81857555541607,77.6470209126839,78.01979064941406,87560400
2020-06-05,78.26910469189798,80.30238129398582,78.24005904410956,80.24186706542969,137250400
2020-06-08,79.93930785149966,80.75020011255444,79.2300827598663,80.71630859375,95654400
2020-06-09,80.3968056767083,83.65730597576551,80.36533708864444,83.26517486572266,147712400
2020-06-10,84.21161714524366,85.87454732273147,83.77349462695621,85.40737915039062,166651600
2020-06-11,84.55293109627195,84.97653085136815,81.20528599627451,81.30694580078125,201662400
2020-06-12,83.44188410385023,84.18741636682982,80.90028576320306,82.00890350341797,200146000
2020-06-15,80.66549938713932,83.67426627857331,80.50331793854433,83.02313232421875,138808800
2020-06-16,85.07335265810912,85.4945368687229,83.4418908130573,85.22342681884766,165428800
2020-06-17,85.96653487900272,86.02704912393895,84.98378413219785,85.10481262207031,114406400
2020-06-18,85.06124238777585,85.55504068464955,84.53113702208627,85.13870239257812,96820400
2020-06-19,85.8430918789263,86.30783714893171,83.54596609025744,84.65216827392578,264476000
2020-06-22,85.04430780115948,87.0098095125726,84.99831637895207,86.86699676513672,135445200
2020-06-23,88.1087417587427,90.13718045697547,87.68998051908838,88.72114562988281,212155600
2020-06-24,88.35080675031271,89.26820486684538,86.78227469992099,87.15504455566406,192623200
2020-06-25,87.30996064055707,88.35080275936323,86.55232106785238,88.31207275390625,137522400
2020-06-26,88.2079995637923,88.4282723384794,85.45096655963653,85.59862518310547,205256800
2020-06-29,85.50662726415537,87.6657787527797,85.02977472321102,87.57137298583984,130646000
2020-06-30,87.15987418081895,88.58801627360432,87.14051287267962,88.30238342285156,140223200
2020-07-01,88.37982532273861,88.92203048346985,88.08693850505696,88.13534545898438,110737200
2020-07-02,89.04064340262327,89.67483137890527,88.02158579310888,88.13534545898438,114041600
2020-07-06,89.56108299075036,90.9601720457748,89.52961440129422,90.49300384521484,118655600
2020-07-07,90.87063759481372,91.64763865326019,90.10089795235291,90.21224212646484,112424400
2020-07-08,91.18769953716944,92.34473152661032,91.10055518911935,92.31326293945312,117092000
2020-07-09,93.20403412942578,93.2572869587544,91.66455533300416,92.71024322509766,125642800
2020-07-10,92.30602397781523,92.93053523193312,91.6960429410668,92.8724365234375,90257200
2020-07-13,94.17469096863013,96.77922651804644,92.23097365442625,92.44398498535156,191649200
2020-07-14,91.82671884066302,94.16498980895781,90.89480551473416,93.97377014160156,170989200
2020-07-15,95.84488685944433,96.09420527190387,93.42431687945134,94.62007904052734,153198000
2020-07-16,93.49450240060445,94.31023318785083,92.85789140298706,93.45577239990234,110577600
2020-07-17,93.90602474618288,94.06093739920163,92.79497651338822,93.2669906616211,92186800
2020-07-20,93.35411815070974,95.37044953138843,93.01039399095433,95.23247528076172,90318000
2020-07-21,96.02158957813295,96.09662665534265,93.66879530005893,93.9181137084961,103433200
2020-07-22,93.62037185613211,94.86212529718233,93.53323489247579,94.18194580078125,89001600
2020-07-23,93.91570535175619,93.99316537476754,89.08667200224166,89.8951416015625,197004400
2020-07-24,88.09663844239333,90.01614846898383,86.31267234298356,89.67242431640625,185438800
2020-07-27,90.73262697532834,91.88965891007823,90.50993871626743,91.79767608642578,121214000
2020-07-28,91.36926031193099,91.5459645894224,90.28484224245163,90.28968811035156,103625600
2020-07-29,90.77137831946693,92.20435906214746,90.73507124553788,92.02039337158203,90329200
2020-07-30,91.19496376791191,93.23792519284922,90.78830982976133,93.13384246826172,158130000
2020-07-31,99.61612680199143,103.03397001244983,97.62157236005555,102.88389587402344,374336800
2020-08-03,104.7622549635953,108.09053834247213,104.4645296144692,105.47632598876953,308151200
2020-08-04,105.66515768756337,107.26999701904283,104.94382506056965,106.18074035644531,173071600
2020-08-05,105.90234853375506,106.8850992523654,105.43759589570149,106.56558227539062,121776800
2020-08-06,106.8972095786005,110.77738293578851,106.30901285016994,110.28358459472656,202428800
2020-08-07,109.80585245809037,110.26174118969138,106.98080610359243,107.77618408203125,198045600
2020-08-10,109.21903838608283,110.35876045671141,106.69710821737102,109.34271240234375,212403600
2020-08-11,108.60794103965802,109.10504953060087,105.83138875527999,106.09085845947266,187902400
2020-08-12,107.17965145918507,109.87375687982836,106.98565970661953,109.61671447753906,165598000
2020-08-13,110.99409983343942,112.55818551229297,110.50668564136352,111.55668640136719,210082000
2020-08-14,111.38206488530741,111.5469586132698,109.65065854076958,111.45723724365234,165565200
2020-08-17,112.57756555807367,112.60181637912858,110.54062239475888,111.16625213623047,119561600
2020-08-18,110.91892299463439,112.51695384329368,110.58428087027461,112.09259033203125,105633600
2020-08-19,112.49996719549999,113.64453639963617,112.13865437861999,112.23322296142578,145538000
2020-08-20,112.27444044495672,114.8375973733061,112.2574641314498,114.72362518310547,126907200
2020-08-21,115.68149624546582,121.11820259811186,115.66937453320799,120.6356430053711,338054800
2020-08-24,124.83318239328597,124.91806397068724,120.2161130032418,122.07846069335938,345937600
2020-08-25,120.95329109467639,121.42130160395935,119.35768029886763,121.07695770263672,211495600
2020-08-26,122.39126546065715,123.17936898693925,121.32671591454528,122.72348022460938,163022400
2020-08-27,123.32487721481381,123.65709200762272,120.11425938434616,121.25640869140625,155552400
2020-08-28,122.22881026536905,122.64589926041506,120.83690034715939,121.05999755859375,187630000
2020-08-31,123.74923681098468,127.06654483126823,122.21667670793738,125.16539001464844,225702700
2020-09-01,128.7737011544299,130.75245576113278,126.61066398001222,130.15106201171875,151948100
2020-09-02,133.45868391206912,133.8369730802814,123.186665513161,127.45454406738281,200119000
2020-09-03,123.09936731503697,124.97140947448622,116.88183227033254,117.25041961669922,257599600
2020-09-04,116.46472703859587,119.98572845730746,107.56036930998823,117.3280029296875,332607200
2020-09-08,110.52849400857393,115.41716207276087,109.29663073421304,109.43242645263672,231366600
2020-09-09,113.7391061983007,115.56265389882519,111.79915900187885,113.79730224609375,176940500
2020-09-10,116.74602745349068,116.88182317054356,109.12203408038299,110.08230590820312,182274400
2020-09-11,111.12986314395623,111.77004920348398,106.69708456311906,108.63703155517578,180860300
2020-09-14,111.27538137934282,112.44904864015743,109.41303369608222,111.89616394042969,140150100
2020-09-15,114.77699015613865,115.26197700807842,110.19871308977739,112.07076263427734,184642000
2020-09-16,111.77006975767836,112.51694623083202,108.6758513682307,108.76314544677734,154679000
2020-09-17,106.42550707639862,108.83103751673956,105.44583164529507,107.02688598632812,178011000
2020-09-18,107.08506057716544,107.5506436464578,102.90447035737786,103.63195037841797,287104900
2020-09-21,101.4010416835348,106.88139403880808,100.00427732246104,106.77469635009766,195713800
2020-09-22,109.29663089711133,109.47122644967507,105.8823269140235,108.45275115966797,183055400
2020-09-23,108.26844522282775,108.74373016788621,103.56406780634413,103.903564453125,150718700
2020-09-24,102.01214274645399,106.93961142539536,101.847248976567,104.97056579589844,167743300
2020-09-25,105.17422626919512,109.06382205291594,104.43704434153668,108.90862274169922,149981400
2020-09-28,111.55668035738763,111.85736984450415,109.39363569114487,111.5081787109375,137672400
2020-09-29,111.11048577797068,111.84766043177646,110.15990833447874,110.66429138183594,99382200
2020-09-30,110.37330565840851,113.73911550361659,110.20841190929694,112.33264923095703,142675200
2020-10-01,114.10770215411938,114.18530182393523,112.35205217632898,113.2832260131836,116120400
2020-10-02,109.50031753591523,111.90585528542881,108.85043700934379,109.62641143798828,144712000
2020-10-05,110.48967965586358,113.14740484674029,110.1404886205297,113.00190734863281,106243800
2020-10-06,112.22594105943094,112.63333559022071,108.87953514429641,109.76221466064453,161498200
2020-10-07,111.1783781507114,112.08045390652613,110.70308575226879,111.62456512451172,96849000
2020-10-08,112.7594330889432,112.90493061170089,111.1492733309645,111.51786804199219,83477200
2020-10-09,111.81858182665755,113.48693799664116,111.4693906561813,113.45783996582031,100506900
2020-10-12,116.45502931013961,121.42129686008033,115.69845107798898,120.66471862792969,240226800
2020-10-13,121.50860234126793,121.62500184957032,116.05735487456657,117.46381378173828,262330500
2020-10-14,117.36680433445795,119.33584953717633,116.02824344500344,117.55110168457031,150712000
2020-10-15,115.15527240046332,117.56080289760202,114.60238771843201,117.08551788330078,112559200
2020-10-16,117.63840880188037,117.90030584427576,115.24257258596,115.4462661743164,115393800
2020-10-19,116.35803418573154,116.80422116143153,112.18715207359088,112.49754333496094,120639300
2020-10-20,112.71093501778782,115.40746797741103,112.15805033404632,113.98160552978516,124423700
2020-10-21,113.1668101796244,115.14555707254407,112.95341481857757,113.36080932617188,89946000
2020-10-22,113.92339674553574,114.49568501963495,111.14927164811971,112.27444458007812,101988000
2020-10-23,112.8952480394225,113.05044739689119,110.84860276475848,111.58578491210938,82572600
2020-10-26,110.58670829378724,113.05044248419397,109.49063323015535,111.5954818725586,111850700
2020-10-27,112.02224386138344,113.75849741390176,111.10077194371063,113.09891510009766,92276800
2020-10-28,111.59548904793755,111.96407642913886,107.7640880840918,107.861083984375,143937800
2020-10-29,108.99595640558233,113.41903447764516,108.83105523861934,111.85737609863281,146129200
2020-10-30,107.72526275511105,108.62733847489969,104.48555457025763,105.59132385253906,190272600
2020-11-02,105.83382320217856,107.35668150297613,104.09756951905206,105.5040283203125,122866900
2020-11-03,106.36730788899447,108.14235394209176,105.46523215040254,107.12388610839844,107624400
2020-11-04,110.71277506341616,112.1192336829344,108.97652160464787,111.49845123291016,138235500
2020-11-05,114.40839736997158,116.0282591074031,113.3608313760952,115.45597076416016,126387100
2020-11-06,114.96528648231298,115.82033327578648,112.83737692583377,115.32479858398438,114457900
2020-11-09,117.08347300114552,118.53122507296646,112.7596464655049,113.02198791503906,154515300
2020-11-10,112.27382528066764,114.25597883957684,110.8940807658282,112.68191528320312,138023400
2020-11-11,113.86731293234887,116.23812654293447,113.13857769111563,116.10209655761719,112295000
2020-11-12,116.22843412444456,117.11262917137141,115.2082016572188,115.8300552368164,103162300
2020-11-13,116.05354364266076,116.27701834676313,114.52805783909481,115.87864685058594,81581900
2020-11-16,115.54827474511946,117.55958400464418,114.80010971790968,116.88915252685547,91183000
2020-11-17,116.16040329852451,117.24864320805052,115.58712770640344,116.00493621826172,74271000
2020-11-18,115.24704394181461,116.42273584755772,114.65433871642078,114.68348693847656,76322100
2020-11-19,114.25596702688232,115.68428930116418,113.4980835539356,115.27619934082031,74113000
2020-11-20,115.27621337018954,115.40252482669361,113.96449124482857,114.01306915283203,73604300
2020-11-23,113.85761126601786,114.28513837643995,110.52486130551306,110.62202453613281,127959300
2020-11-24,110.68030932430327,112.56529939521855,109.39772821414678,111.90457916259766,113874200
2020-11-25,112.27381743371453,113.43979090606146,111.90458681744444,112.74020385742188,76499200
2020-11-27,113.26491022315516,114.15882383972767,112.92483519653295,113.28433990478516,46691300
2020-11-30,113.65355580646789,117.54014397849063,113.49808872130923,115.6745834350586,169410200
2020-12-01,117.57901628913943,119.96926723797301,116.60736920035771,119.24053192138672,127728200
2020-12-02,118.56037345602128,119.87210294466338,117.4624149241799,119.59032440185547,89004200
2020-12-03,120.01783429457547,120.27046459048226,118.74497909552679,119.45428466796875,78967600
2020-12-04,119.12394191020984,119.37657225081612,118.07456118438024,118.78386688232422,78260400
2020-12-07,118.84215876062711,121.038083362331,118.7838623046875,120.2413330078125,86712000
2020-12-08,120.84374345698704,121.43644873670094,119.60002903502645,120.85345458984375,82225500
2020-12-09,120.99920059491815,122.37893756571138,117.56928784632052,118.3271713256836,115089200
2020-12-10,117.08346263085474,120.35791566525569,116.74338766599487,119.74577331542969,81312200
2020-12-11,118.95875310526962,119.27939842297663,117.13205925122674,118.93932342529297,86939800
2020-12-14,119.12392157489586,119.85265683014165,118.09397811966689,118.3271713256836,79184500
2020-12-15,120.81460252887871,124.27367140820184,120.61055751786674,124.25423431396484,157243700
2020-12-16,123.79756533721344,124.73033828648967,122.97165933994127,124.18621826171875,98208600
2020-12-17,125.245321352785,125.90604917528667,124.40970414636703,125.05099487304688,94359800
2020-12-18,125.30360828671483,125.43963827870924,122.54412684965975,123.06881713867188,192541500
2020-12-21,121.4752982424318,124.67201759263763,119.94981282977581,124.59428405761719,121251600
2020-12-22,127.87844404273568,130.59905822032985,125.97400967057341,128.1407928466797,168904800
2020-12-23,128.41289134338277,128.67522539994948,127.07201352740594,127.24691772460938,88223700
2020-12-24,127.59670678746939,129.67603102914552,127.3829432351903,128.228271484375,54930100
2020-12-28,130.19099379190865,133.44600251933943,129.72459253226933,132.81443786621094,124486200
2020-12-29,134.13588116304936,134.85489050709643,130.53106400488656,131.04603576660156,121047300
2020-12-30,131.7359140805847,132.13429294527648,129.61771571736733,129.92864990234375,96452100
2020-12-31,130.27846074381847,130.91975146585497,127.9853727167279,128.92787170410156,99116600
2021-01-04,129.7343224533574,129.82176713240116,123.16598610776015,125.74085235595703,143301900
2021-01-05,125.23557674034254,128.00477652137644,124.78861261288198,127.29546356201172,97664900
2021-01-06,124.09875295807365,127.33433916722099,122.79674215546176,123.01050567626953,155088000
2021-01-07,124.72063157172194,127.89792197499627,124.2348079857969,127.20804595947266,109578200
2021-01-08,128.6751696560229,128.8695108634262,126.53754980995937,128.3059539794922,105158200
2021-01-11,125.52707332046941,126.47928319135579,124.85663454489163,125.3230209350586,100384500
2021-01-12,124.85663526886566,126.01289753186738,123.26313483591238,125.14813232421875,91951100
2021-01-13,125.10925836684517,127.72299108513502,124.84692436009828,127.17887115478516,88636800
2021-01-14,127.09144788764522,127.28577434890036,125.1092794348303,125.25503540039062,90221800
2021-01-15,125.12871028033413,126.52788445335536,123.39917965706009,123.53520965576172,111598500
2021-01-19,124.15704975663279,125.06068915645737,123.34086985277312,124.20563507080078,90757300
2021-01-20,125.0121142129877,128.73352422939956,124.90523244341398,128.28656005859375,104319500
2021-01-21,130.00637029637122,135.70993338633443,129.80231790485385,132.98931884765625,120150900
2021-01-22,132.41607964346215,135.88486727485233,131.19180950505606,135.12698364257812,114459400
2021-01-25,139.01355380816258,140.97627022018892,132.6686847833474,138.8677978515625,157611700
2021-01-26,139.528555618627,140.20870575076052,137.36177150504042,139.1010284423828,98390600
2021-01-27,139.3633171255217,140.208660067174,136.42895396495652,138.03216552734375,140843800
2021-01-28,135.56422012291074,137.9641898687069,132.82416793009364,133.20310974121094,142621100
2021-01-29,131.9788209864335,132.86302336292994,126.51816929301403,128.2185516357422,177523800
2021-02-01,129.95786528357016,131.54165560111863,127.217811960658,130.33680725097656,106239800
2021-02-02,131.8816527763116,132.4452098565485,130.79341280132044,131.1626434326172,83305400
2021-02-03,131.91078476116337,131.92051071941538,129.82174974648763,130.14239501953125,89880900
2021-02-04,132.43550657690793,133.5043095225396,130.7739834636992,133.49459838867188,84183100
2021-02-05,133.65516390896917,133.7232731231055,132.20524094162676,133.08102416992188,75693800
2021-02-08,132.37065786118401,133.27564766652046,131.29051736028654,133.22698974609375,71297200
2021-02-09,132.9448026300194,134.1709170758531,132.1955269668042,132.35121154785156,76774200
2021-02-10,132.80856880476307,133.30485887781032,130.78452077617774,131.74789428710938,73046600
2021-02-11,132.24416393424985,132.72098784651604,130.17147291387968,131.49488830566406,64280000
2021-02-12,130.7358433658653,131.88409294253404,130.09359452723146,131.7283935546875,60145100
2021-02-16,131.84517076789257,132.35117148769072,129.21779194968602,129.60704040527344,80576300
2021-02-17,127.719294441341,128.6632020338396,125.98717872173533,127.32032012939453,97918500
2021-02-18,125.72440543319924,126.50288771185818,123.98256451257895,126.22069549560547,96856700
2021-02-19,126.73641474669597,127.1937724488316,125.33514985915805,126.37635803222656,87668800
2021-02-22,124.56638176936013,126.23038738054991,122.22121733879867,122.61045837402344,103916400
2021-02-23,120.43072920624994,123.30136816472337,115.20518512538801,122.47423553466797,158273000
2021-02-24,121.5790071569596,122.18232386351377,118.94190941685854,121.97797393798828,111039900
2021-02-25,121.32598240071049,123.05809741548158,117.29735317502876,117.73524475097656,148199500
2021-02-26,119.2922327090467,121.49143907834177,117.93962535437853,117.99801635742188,164560400
2021-03-01,120.42100448300808,124.48855870917815,119.48683030882653,124.35232543945312,116307900
2021-03-02,124.95565484356455,125.25731317881322,121.6471165286429,121.75415802001953,102260900
2021-03-03,121.45247312532506,122.3282636330786,118.56236816181614,118.77645111083984,112966300
2021-03-04,118.47481493176636,120.27504677444026,115.4290174341431,116.89839172363281,178155000
2021-03-05,117.72552798386944,118.65970219404976,114.40725661331615,118.1536865234375,153766600
2021-03-08,117.67685938357114,117.74497601487798,113.08383103215061,113.22979736328125,154376600
2021-03-09,115.8279835568737,118.77647261328785,115.59444185391254,117.83256530761719,129525800
2021-03-10,118.41643235397203,118.88351576641335,116.23668501538924,116.75243377685547,111943300
2021-03-11,119.2435449798976,119.89551948779854,117.99797952475683,118.67914581298828,103026500
2021-03-12,117.16112022904915,117.91040318694742,115.95447955662657,117.774169921875,88105100
2021-03-15,118.14395874848536,120.6642817142442,117.18058534747087,120.65454864501953,92403800
2021-03-16,122.31854732264155,123.79766203262986,121.36491441345117,122.19204711914062,115227900
2021-03-17,120.71293967926185,122.47424657756945,119.04893377660937,121.40383911132812,111932600
2021-03-18,119.57440169521924,119.86633436304555,117.08327064661763,117.2876205444336,121229700
2021-03-19,116.67456302671786,118.16340319964601,116.46048007455593,116.76213836669922,185549500
2021-03-22,117.09300574322106,120.53777713211232,117.02488910943605,120.07068634033203,111912300
2021-03-23,120.01230226774646,120.89781850320577,118.85431207414345,119.2435531616211,95467100
2021-03-24,119.51602254128295,119.59387224546333,116.84000020937296,116.85945892333984,88530500
2021-03-25,116.32427390112565,118.38724678280408,115.79879946642953,117.34602355957031,98844700
2021-03-26,117.11247500179746,118.21208173439534,115.72094299418823,117.9493408203125,94071200
2021-03-29,118.37747371600936,119.28245592152464,117.48222457752142,118.12446594238281,80819200
2021-03-30,116.87891042664381,117.16111000084517,115.66253679171842,116.674560546875,85671900
2021-03-31,118.37748709188328,120.19717735139929,117.89093762370798,118.8640365600586,118323800
2021-04-01,120.33343394406754,120.8394421912494,119.19490239563412,119.6911849975586,75089100
2021-04-05,120.53777850848313,122.7661761594041,119.75929632134557,122.51316833496094,88651200
2021-04-06,123.09701127942607,123.71006091586875,122.26987869637169,122.81481170654297,80171300
2021-04-07,122.4450511751175,124.47882455845117,121.7736104771957,124.45936584472656,83466700
2021-04-08,125.48111439308595,126.88237934347556,125.06268894589843,126.85318756103516,88844600
2021-04-09,126.30826602843275,129.46109760648577,125.9871415439433,129.42218017578125,106686700
2021-04-12,128.95507626413877,129.276200697575,127.11591985323048,127.70951080322266,91420000
2021-04-13,128.8772176641677,131.0374983592836,128.3809277339075,130.8136749267578,91266500
2021-04-14,131.3099622056929,131.36834576141277,128.11819914098413,128.47824096679688,87222800
2021-04-15,130.22009009642866,131.3683395669363,130.04492458921848,130.8817901611328,89347100
2021-04-16,130.68718234573052,131.0472241792983,129.6946173321828,130.5509490966797,84922400
2021-04-19,129.91842322109008,131.82570351653897,129.75299819698287,131.212646484375,94264200
2021-04-20,131.3878588859704,131.8841341353887,128.264203903013,129.52923583984375,94812300
2021-04-21,128.7993896114448,130.15199668398512,127.76790700410929,129.90872192382812,68847100
2021-04-22,129.46111681150813,130.54125756563838,127.87497514158638,128.39071655273438,84566500
2021-04-23,128.60475261832673,131.4851170121257,128.60475261832673,130.70664978027344,78657500
2021-04-26,131.20292770440926,131.42673629598994,129.96708793224363,131.09588623046875,66905100
2021-04-27,131.3780816016613,131.7673300838562,130.5022985012677,130.77476501464844,66015800
2021-04-28,130.69693041123548,131.3878372667235,129.50002274292763,129.986572265625,107760100
2021-04-29,132.79879189335512,133.38265710155315,128.88693063436986,129.88922119140625,151101000
2021-04-30,128.23500614148355,129.96712145874997,127.5441140528076,127.92362213134766,109839500
2021-05-03,128.48796838679135,130.4633727552625,128.283625938946,128.97451782226562,75135100
2021-05-04,127.66086008438737,127.95279275381809,123.29164023246338,124.41070556640625,137564700
2021-05-05,125.72439172337612,126.94076551104096,124.5274840738415,124.65399169921875,84000900
2021-05-06,124.44961615985031,126.25958068498952,123.71005892640017,126.2498550415039,78128300
2021-05-07,127.54632613928447,127.94596322116469,126.21090556551489,126.9224853515625,78973300
2021-05-10,126.14264776926625,126.26935540308767,123.60828686336556,123.64727783203125,88071200
2021-05-11,120.38186236478138,123.08192191649415,119.67029018955704,122.73101806640625,126142800
2021-05-12,120.28437120843128,121.49306133403097,119.16340517343434,119.67027282714844,112172300
2021-05-13,121.43459040557941,122.96495055227784,121.12267010296466,121.81474304199219,105861300
2021-05-14,123.06242504546209,124.66101753625983,122.67252280548946,124.23212432861328,81918000
2021-05-17,123.61803331863223,123.72525662054227,122.0096912267483,123.08191680908203,74244600
2021-05-18,123.36459396598383,123.78373756646234,121.62953683178752,121.69776916503906,63342900
2021-05-19,120.05045503106065,121.76601312715728,119.75802646818856,121.54182434082031,92612000
2021-05-20,122.06817912472063,124.49530918227134,121.94145662294912,124.09565734863281,76857100
2021-05-21,124.59280216593018,124.76825782596866,122.04869881375613,122.26314544677734,79295400
2021-05-24,122.82848472896345,124.70975612799803,122.76025239580743,123.89096069335938,63092900
2021-05-25,124.59279202902988,125.08017543327662,123.1306641265909,123.6960220336914,72009500
2021-05-26,123.75450113667013,124.17364475386753,123.22813421483384,123.64727783203125,56575900
2021-05-27,123.24763627844212,124.41733561849655,121.92197306010468,122.1169204711914,94625600
2021-05-28,122.39960530367183,122.62380153028337,121.405361560534,121.4638442993164,71311100
2021-06-01,121.92196296159237,122.1851426884376,120.81074644955004,121.14215850830078,67637100
2021-06-02,121.14214539210477,122.07790617267895,120.91795665587394,121.90245056152344,59278900
2021-06-03,121.53206925104124,121.6977752920281,120.02120080570538,120.42085266113281,76229200
2021-06-04,120.93746163646239,122.97469686847107,120.72301503974921,122.71150970458984,75169300
2021-06-07,122.98444744531308,123.1306617200527,121.67828344764422,122.72126770019531,71057600
2021-06-08,123.4035896495703,125.21663622404847,123.02343700167279,123.54005432128906,74403800
2021-06-09,123.99817082964145,124.52453767386459,123.32558973367314,123.9201889038086,56877900
2021-06-10,123.81299241371467,124.95345787476269,122.7602659341765,122.92597198486328,71186400
2021-06-11,123.33534735483208,124.22237508614661,122.91620377217826,124.1346435546875,53522400
2021-06-14,124.59275709841722,127.24407537130317,123.86169335215752,127.18559265136719,96906500
2021-06-15,126.6592498003718,127.30258955054586,126.1231333418934,126.3668212890625,62746300
2021-06-16,127.07839160028391,127.58526671760069,125.21662690472674,126.86394500732422,91815000
2021-06-17,126.52279301183641,129.20336059736883,126.37657131032402,128.46253967285156,96721700
2021-06-18,127.40982566701065,128.18961527761795,126.95169109033546,127.1661376953125,108953300
2021-06-21,127.01016734634604,129.066894317528,125.94769141357571,128.9596710205078,79663300
2021-06-22,128.7939773736595,130.69474066397615,128.29684436989922,130.59725952148438,74783600
2021-06-23,130.39255006678223,130.9286665216875,129.8661757752273,130.32431030273438,60214200
2021-06-24,131.05542269642876,131.24062798342803,129.57379527397197,130.04168701171875,68711000
2021-06-25,130.0904215029444,130.50955776565635,129.45682371531962,129.74925231933594,70783700
2021-06-28,130.04163948891443,131.83517920756188,129.9831567614525,131.37704467773438,62111300
2021-06-29,131.39657011097157,133.04390333984907,130.95793469390316,132.887939453125,64556100
2021-06-30,132.73195190270366,133.94064949902392,132.43952338561445,133.50201416015625,63261400
2021-07-01,133.15114759070119,133.8627124846623,132.33234449341114,133.80422973632812,52485800
2021-07-02,134.41829838230024,136.4652835854969,134.27209152787285,136.42630004882812,78852600
2021-07-06,136.53351700878477,139.53574001915328,136.53351700878477,138.4342803955078,108181800
2021-07-07,139.91592865249686,141.2318501133778,139.05815680347382,140.91993713378906,104911600
2021-07-08,138.00536723887996,140.42274763655988,137.11833949517367,139.6234588623047,105575500
2021-07-09,139.1458282969305,141.97260274724476,139.04834716131978,141.4462432861328,99890800
2021-07-12,142.51848639937432,142.62570970674338,140.364278087154,140.85165405273438,76299700
2021-07-13,140.39353920017592,143.73694652851253,140.00364432229037,141.962890625,100827100
2021-07-14,144.36076918149035,145.79365573228569,143.95136027537654,145.38424682617188,127050800
2021-07-15,145.47199168239987,146.21279783696795,143.3762659892824,144.73117065429688,106820300
2021-07-16,144.71163648718607,145.97880173322068,142.19677544564345,142.6938934326172,93251400
2021-07-19,140.12058929133983,140.43251704679776,138.0931035014654,138.85340881347656,121434600
2021-07-20,139.83792120496685,143.38601770583355,139.35054523026795,142.45999145507812,96350000
2021-07-21,141.8556806702285,142.44053791570667,140.97840967554887,141.7289581298828,74993500
2021-07-22,142.25529492286392,144.4582288663732,142.12857241610413,143.0935821533203,77338200
2021-07-23,143.8246792903466,144.9651374939281,143.21058069090384,144.80917358398438,71447400
2021-07-26,144.52647939059113,146.04709009069717,143.97086362595675,145.22830200195312,72434100
2021-07-27,145.35498894389306,145.44272791296905,141.87513262554674,143.0643310546875,104818600
2021-07-28,141.1538434950934,143.2593115153304,138.94115215326465,141.31954956054688,118931200
2021-07-29,141.03687913486968,142.84991857675627,140.92965581242072,141.962890625,56699500
2021-07-30,140.73467853831747,142.63544169374407,140.47149137109437,142.17730712890625,70440600
2021-08-02,142.66467417357075,143.23977416644965,141.5826990796388,141.84588623046875,62880000
2021-08-03,142.12855135709023,144.30224361135603,141.51445299043982,143.63941955566406,64786600
2021-08-04,143.55170433223327,144.05856456840556,142.5866946784069,143.23977661132812,56368300
2021-08-05,143.26903344221475,144.107320690727,142.47948676454712,143.34701538085938,46397700
2021-08-06,142.86866162914254,143.6105775396916,142.16578765248929,142.6636505126953,54126800
2021-08-09,142.72228266612592,143.21038897818232,142.05846523172403,142.61489868164062,48908700
2021-08-10,142.9565505100319,144.196344465899,141.84366893661831,142.13653564453125,69023100
2021-08-11,142.57581781429272,143.2298783064216,142.06818321748432,142.3903350830078,48493500
2021-08-12,142.7124810649403,145.50444888855472,142.37080079552103,145.34825134277344,72282600
2021-08-13,145.4263255685366,145.88514647193662,144.74298004086066,145.55323791503906,59375000
2021-08-16,145.00657783567002,147.59354953492934,142.98582599022765,147.52520751953125,103296000
2021-08-17,146.6563820290242,148.07188700426227,145.5435005089824,146.61734008789062,92229700
2021-08-18,146.23663716721276,147.13475089008148,142.67345256358962,142.8784637451172,86326000
2021-08-19,141.58005455752308,144.4794059910355,141.06266328178802,143.2103271484375,86960300
2021-08-20,143.93275769698107,144.96754045087513,143.28845394220284,144.6649169921875,60549600
2021-08-23,144.7820517027598,146.61733569322215,144.37204430196212,146.1487579345703,60131800
2021-08-24,145.89492826143862,147.27139120779157,145.60206158624175,146.06088256835938,48606400
2021-08-25,146.24639198416384,146.7442698916124,144.28421022511418,144.8308868408203,58991300
2021-08-26,144.82112485660906,145.5727977281921,144.00109506679658,144.03038024902344,48597200
2021-08-27,143.97177197062845,145.21156564308194,143.33723999505236,145.0651397705078,55802400
2021-08-30,145.45565533870288,149.83885461039787,145.07493307828,149.47764587402344,90956700
2021-08-31,149.02859613337498,149.16526528048843,147.69117494824357,148.2183380126953,86453100
2021-09-01,149.19450563571235,151.29335581344367,148.71615631662897,148.88211059570312,80313700
2021-09-02,150.20979354918074,151.0395800272227,148.77476016459727,149.99502563476562,71115500
2021-09-03,150.10238418360416,150.9516989362315,149.44832378980732,150.62954711914062,57808700
2021-09-07,151.2836513561049,153.5191714127496,150.7174463222015,152.96273803710938,82278300
2021-09-08,153.24580029178898,153.30437064554417,150.31716343749,151.4202880859375,74420200
2021-09-09,151.7912489116524,152.39649574316758,150.2878736971047,150.405029296875,57305700
2021-09-10,151.3128888573864,151.7814665359228,145.16274910531013,145.42633056640625,140893200
2021-09-13,147.04684942260073,147.8180505115286,145.21156570783384,145.99253845214844,102404300
2021-09-14,146.77355269563384,147.47642687466802,143.4153793726529,144.59658813476562,109296300
2021-09-15,145.0261185341006,145.88519025288556,142.88821089491876,145.4849395751953,83281300
2021-09-16,144.90894501042473,145.4263362978241,143.71796490468603,145.2506103515625,68034100
2021-09-17,145.27992686740734,145.27992686740734,142.29270460935308,142.5855712890625,129868800
2021-09-20,140.37933813407227,141.3945924183066,137.90952209387459,139.539794921875,123478900
2021-09-21,140.5062336067531,141.16030897663776,139.38359538478255,140.01812744140625,75834000
2021-09-22,141.01386330488788,142.94675948187773,140.28170408222925,142.3805694580078,76404300
2021-09-23,143.16153904107028,143.581318108749,142.1755699033987,143.33726501464844,64838200
2021-09-24,142.19510285111807,143.96204492535793,142.09747565204063,143.4251251220703,53477900
2021-09-27,142.0095839613355,142.48793328173883,140.39883985731234,141.91195678710938,74150700
2021-09-28,139.84240736288436,141.30672576458994,138.31951860844126,138.53428649902344,108972300
2021-09-29,139.08096654322168,141.0138627120859,138.6514307510702,139.43240356445312,74602000
2021-09-30,140.24268621892764,140.9455603850025,137.91929578685694,138.13406372070312,89056700
2021-10-01,138.52450892126643,139.5202495626883,135.80088336468526,139.2566680908203,94639600
2021-10-04,138.38785651091933,138.82716398233575,134.98088496397907,135.83018493652344,98322000
2021-10-05,136.17183699568994,138.8564203851178,136.04492465061978,137.7532958984375,80861100
2021-10-06,136.15234566592073,138.76858776803195,135.07850605934124,138.62216186523438,83221100
2021-10-07,139.65691457441454,140.78932429837576,139.32500600229986,139.88143920898438,61732700
2021-10-08,140.60384171370225,140.7502675851044,139.16880859069704,139.50071716308594,58773200
2021-10-11,138.88575464341304,141.3653278052875,138.43669034540312,139.41290283203125,64452200
2021-10-12,139.82288519545196,139.84241361250955,137.68497785008697,138.143798828125,73035900
2021-10-13,137.8802114942071,138.03639411972742,135.88873033671427,137.5580596923828,78762700
2021-10-14,138.7295267040612,140.45742659800283,138.14379338196727,140.34027099609375,69907100
2021-10-15,140.35005282323274,141.45316264244676,140.0962280805495,141.39459228515625,67940300
2021-10-18,140.03766984054468,143.347029376178,139.75457479053856,143.06393432617188,85589200
2021-10-19,143.51294222106137,145.62156403141842,143.0638929755576,145.2213134765625,76378900
2021-10-20,145.16279603857302,146.1878221446277,144.59659100003023,145.70947265625,58418800
2021-10-21,145.27014914498275,146.0804071368253,144.35250720492448,145.92420959472656,61421000
2021-10-22,146.12924283758312,146.60757740087539,145.1042167942401,145.1530303955078,58883400
2021-10-25,145.14325947301697,145.8168484447923,144.1084766625064,145.10421752929688,50720600
2021-10-26,145.77780790953028,147.25188335627817,145.46541277347194,145.76805114746094,60893400
2021-10-27,145.80708231384622,146.16827612937263,144.9577823061733,145.30921936035156,56094900
2021-10-28,146.25615073002083,149.5264533730465,146.15852353048365,148.94073486328125,100077900
2021-10-29,143.7179583128391,146.3732566337639,142.927228830471,146.23658752441406,124953200
2021-11-01,145.44588063726485,146.1389830509936,144.28418557941234,145.41659545898438,74588300
2021-11-02,145.12372094423125,147.96450225059075,145.11394928812004,146.4513702392578,69122000
2021-11-03,146.81257403590004,148.35499132920407,146.25614074482093,147.88641357421875,54511500
2021-11-04,147.97426542713765,148.80403696262286,147.0566234619275,147.3690185546875,60394600
2021-11-05,148.49330137784227,148.79636649786093,146.70422366033108,147.89694213867188,65463900
2021-11-08,148.02403856122066,148.18046407919945,146.80199217243356,147.0757293701172,55020900
2021-11-09,146.8410949734435,148.0435844748696,146.70422637098488,147.4374542236328,56787900
2021-11-10,146.66511965093986,146.7726603269792,144.54364896685252,144.61207580566406,65187100
2021-11-11,145.62882237351127,146.0882980655143,144.37743321812488,144.5631866455078,41000000
2021-11-12,145.11067671997742,147.03662312152338,144.18192440007093,146.63580322265625,63804000
2021-11-15,147.00724392124764,148.48348506739984,146.08826292319225,146.64552307128906,59222800
2021-11-16,146.58693684556133,148.1022776202638,146.00034850775356,147.62322998046875,59256200
2021-11-17,147.6232038564801,151.53375230300938,147.61343285568483,150.05752563476562,88807000
2021-11-18,150.27259510761894,155.12166644396783,149.62735108476016,154.3395538330078,137827700
2021-11-19,154.12449892543512,157.41914644005507,153.02955003283444,156.95965576171875,117305600
2021-11-22,158.06437288139423,161.99447854129045,157.3995867561447,157.4191436767578,117467900
2021-11-23,157.51687668201387,158.18167763297342,155.5029467463392,157.80039978027344,96041900
2021-11-24,157.1551520319611,158.5140669022848,156.0699743356913,158.31854248046875,69463600
2021-11-26,156.00155632601601,156.8618668141861,152.8633347292546,153.3032684326172,76959800
2021-11-29,155.8060160344783,157.58532267329434,155.2389847402696,156.6565704345703,88748200
2021-11-30,156.41212888047625,161.8184596016363,156.3436871388529,161.60337829589844,174048100
2021-12-01,163.73466976035556,166.49161375206606,160.8506430799377,161.0852813720703,152052500
2021-12-02,155.190082479573,160.52797144851237,154.27110143280012,160.09780883789062,136739200
2021-12-03,160.35203598315746,161.27101721338744,156.14819360952984,158.2207794189453,118023100
2021-12-06,160.61599065605895,164.12571914002814,160.6062196554979,161.6229705810547,107497000
2021-12-07,165.29886939857903,167.74296195252498,164.5754126322905,167.35189819335938,120405400
2021-12-08,168.28070694285483,172.02505945223345,166.88267789889346,171.16473388671875,116998900
2021-12-09,170.9985052389604,172.79735388590385,170.03063915946248,170.6563262939453,108923700
2021-12-10,171.29179439045112,175.61294836881706,170.78341894665584,175.4369659423828,115402700
2021-12-13,177.06962931153166,178.05705234389498,171.60464142456377,171.80995178222656,153237000
2021-12-14,171.33089709564845,173.76521877848376,168.35888695654498,170.4314727783203,139380400
2021-12-15,171.1940123824784,175.48583813344078,168.45662585148168,175.29031372070312,131063300
2021-12-16,175.27076132354634,177.08916675225177,166.9315188519041,168.40774536132812,150185800
2021-12-17,166.12988807604526,169.59073223954843,165.8952646870351,167.31283569335938,195432700
2021-12-20,164.51677542044033,166.76534380811088,163.71512072913166,165.9539031982422,107499100
2021-12-21,167.72341591348743,169.3267401361631,165.3379790393109,169.12144470214844,91185900
2021-12-22,169.1703261593658,171.92727008747283,168.30022969109157,171.71218872070312,92135300
2021-12-23,171.91746810959268,172.89510508509778,171.35043687369296,172.3378448486328,68356600
2021-12-27,173.12976761664484,176.38530127238838,173.11022561335014,176.2973175048828,74919600
2021-12-28,176.13111784462515,177.27495155456995,174.5375644683696,175.2805633544922,79144300
2021-12-29,175.31966069433915,176.59059189162147,174.15627017338588,175.36854553222656,62348900
2021-12-30,175.45649254440238,176.531899082473,174.10734887256012,174.2148895263672,59773000
2021-12-31,174.10740540326523,175.22191121478994,173.2959647369927,173.5990447998047,64062300
2022-01-03,173.85321176039008,178.79028222604728,173.73590007898758,177.93972778320312,104487900
2022-01-04,178.54586564233023,178.84893075193062,175.1143499260673,175.68138122558594,99310400
2022-01-05,175.5933747274367,176.1408490374331,170.7345178498846,171.0082550048828,94537600
2022-01-06,168.83792269234627,171.3797850968752,167.80162976232634,168.15357971191406,96904000
2022-01-07,169.02367835082143,170.24572473108867,167.2052727402814,168.3197784423828,86709100
2022-01-10,165.29890311477462,168.6424206204467,164.40924966346103,168.33935546875,106765600
2022-01-11,168.46646040973286,171.26248866253403,167.0000045144569,171.16473388671875,76138300
2022-01-12,172.18144710369126,173.21774007794218,170.91053076473975,171.60464477539062,74805200
2022-01-13,171.84906951188285,172.6702811972984,167.9482916298187,168.33935546875,84505800
2022-01-14,167.50830810674722,169.89374460419103,167.2638988741002,169.1996307373047,80440800
2022-01-18,167.67452813175186,168.6814931182034,165.6214992398613,166.00277709960938,90956700
2022-01-19,166.19831524532339,167.25416515581253,162.22911080921511,162.5126190185547,94815000
2022-01-20,163.24585020445963,165.88546757565922,160.50846314939517,160.83108520507812,91420500
2022-01-21,160.74310631081485,162.61039693927614,158.6705202245997,158.77806091308594,122848900
2022-01-24,156.44148123567246,158.67049246380245,151.2404450916643,158.0056915283203,162294600
2022-01-25,155.424720331175,159.1201868610098,153.50856023591945,156.2068328857422,115798400
2022-01-26,159.84367643647036,160.71377291639465,154.29070450112417,156.11888122558594,108275300
2022-01-27,158.81715723147198,160.17607231774176,154.74041197266266,155.65939331054688,121954600
2022-01-28,162.00425626677838,166.54049197821774,159.15932862262193,166.52093505859375,179935700
2022-01-31,166.35470576493188,171.0864649878099,165.7192328015865,170.8713836669922,115541600
2022-02-01,170.11858160517104,170.9300219746101,168.45660195631405,170.70516967773438,86213900
2022-02-02,170.8420635898593,171.94679815950911,169.45382085751916,171.90768432617188,84914300
2022-02-03,170.57810026310062,172.2987509371964,168.27087633720052,169.03343200683594,89418100
2022-02-04,168.05454433189513,170.42345318106436,167.07566180917001,168.7495574951172,82465400
2022-02-07,169.20969061631618,170.2766693416208,167.34002078176565,168.0350341796875,77251200
2022-02-08,168.10348925040896,171.64705409326743,167.80982151011347,171.13803100585938,74829200
2022-02-09,172.3322647747442,172.91958530484067,171.20654095307694,172.55740356445312,71285000
2022-02-10,170.46260694632986,171.77430598076174,167.92730472233933,168.48526000976562,90865900
2022-02-11,168.690860750742,169.4250227899619,164.4914455219278,165.0787811279297,98670700
2022-02-14,163.83559821712237,165.9989356288058,163.04270559336564,165.313720703125,86185500
2022-02-15,167.35956986279012,169.29775335068365,166.65477315145358,169.14112854003906,62527400
2022-02-16,168.2209893560315,169.67951494494773,166.45899759893967,168.9062042236328,61177400
2022-02-17,167.41831260412283,168.2797341887302,164.91237519788157,165.313720703125,69589300
2022-02-18,166.23386310925557,166.93864489391834,162.68051421778296,163.76707458496094,82772700
2022-02-22,161.49605730830203,163.16995323151656,158.72581758393332,160.85000610351562,91162800
2022-02-23,162.04421705709984,162.64133603328534,156.37649344425944,156.6897430419922,90009200
2022-02-24,149.35793777917277,159.411068207212,148.79018396900835,159.3033905029297,141147500
2022-02-25,160.3801542624622,161.63312305071847,157.472871153436,161.36883544921875,91974200
2022-02-28,159.61659142915732,161.92675492011216,158.99989062280463,161.63308715820312,95056600
2022-03-01,161.2219862371019,163.08187242749526,158.54964050687724,159.753662109375,83474400
2022-03-02,160.91850544375748,163.82578787806702,159.50891214996344,163.0426788330078,79724800
2022-03-03,164.91233720332733,165.34304789639853,162.05400207433684,162.71963500976562,76678400
2022-03-04,161.01642127862274,162.0540345545001,158.67689221468046,159.7242889404297,83737200
2022-03-07,159.91029698865853,161.53524604361925,155.68151606537282,155.93603515625,96418800
2022-03-08,155.4661583222758,159.44041971330986,152.50992837199067,154.11529541015625,131148300
2022-03-09,158.06996768709067,159.95921898709753,156.04368834876885,159.50892639160156,91454900
2022-03-10,156.81698565051138,157.00297572975708,152.68609998585092,155.17247009277344,105342000
2022-03-11,155.57381332247203,155.91642822664025,151.23737032666907,151.46250915527344,96970100
2022-03-14,148.2518056179064,150.865421052167,146.93032272367594,147.4393310546875,108732100
2022-03-15,147.713390079557,152.28478532825997,147.20438184151632,151.81491088867188,92964300
2022-03-16,153.73355381345266,156.62125521924412,151.1982508293672,156.21990966796875,102300200
2022-03-17,155.2605702418383,157.60009906528276,154.30126947324382,157.22811889648438,75615400
2022-03-18,157.12042735161046,161.00659213717293,156.38626546421042,160.51715087890625,123511700
2022-03-21,160.05708320205216,162.83712104497158,159.56764191840216,161.88760375976562,95811400
2022-03-22,162.01484532225444,165.8422796739602,161.42752475473955,165.2549591064453,81532000
2022-03-23,164.44251031244588,168.99430889731204,164.1096788423283,166.61563110351562,98062700
2022-03-24,167.44765777264146,170.46261801995993,166.61561651162776,170.39410400390625,90131400
2022-03-25,170.20813758146855,171.57856745870845,169.10199529276142,171.0303955078125,80546200
2022-03-28,168.53422465828777,172.0190445148475,168.36781639958284,171.8917999267578,90371900
2022-03-29,172.95879441578631,175.22979461470234,172.61617948078282,175.1808624267578,100589400
2022-03-30,174.77950323773482,175.81711647524634,172.96856432856262,174.01597595214844,92633200
2022-03-31,174.08447018974397,174.2704602652505,170.71711180695456,170.9226837158203,103049300
2022-04-01,170.35492714540266,171.18698327855927,168.30906622272897,170.62901306152344,78751300
2022-04-04,170.8835878567689,174.72080687147195,170.7563283054037,174.67185974121094,76468400
2022-04-05,173.7516656886956,174.53477477488693,170.73670541562527,171.36318969726562,73401800
2022-04-06,168.72020734548278,169.963392443072,166.5373033062765,168.20140075683594,89058800
2022-04-07,167.54556668896316,169.69910564386342,166.26323274049562,168.50486755371094,77594700
2022-04-08,168.1524524173325,168.1524524173325,165.62693350816983,166.49813842773438,76575500
2022-04-11,165.14730089465874,165.4605355802755,162.00508096962494,162.2498016357422,72246700
2022-04-12,164.4718441031093,166.28276779117587,163.12098145475815,164.11944580078125,79265200
2022-04-13,163.85517369033073,167.42808955183875,163.24827119923606,166.80160522460938,70618900
2022-04-14,167.01694559853848,167.65322825491936,161.55477886000992,161.79949951171875,75329400
2022-04-18,160.45845861462905,163.08187215208477,160.1158586140106,161.5841827392578,69023900
2022-04-19,161.53519893963082,164.2760730051198,160.4486387361769,163.86492919921875,67723800
2022-04-20,165.1962520760154,165.3137281661249,162.59243524088046,163.6985626220703,67929800
2022-04-21,165.34310914814608,167.90777748771538,162.40646053829403,162.9056854248047,87227800
2022-04-22,162.94480808191494,164.32502122927878,158.08954369720692,158.3734130859375,84882400
2022-04-25,157.71757136622622,159.7242838315626,155.11375480994548,159.44041442871094,96046400
2022-04-26,158.82372320771267,158.91181906878418,153.4105028966986,153.4888153076172,95623200
2022-04-27,152.61760570667977,156.41566043489684,152.09879906936447,153.263671875,88063200
2022-04-28,155.88703274270952,161.0457475218325,155.57378318397548,160.184326171875,130216800
2022-04-29,158.42235165998022,162.69028026576657,153.9292842451666,154.32083129882812,131747600
2022-05-02,153.40072515321864,154.8886162063275,150.03336604127583,154.62432861328125,123055300
2022-05-03,154.81029731534235,157.31624964341847,153.01895506893698,156.11221313476562,88966500
2022-05-04,156.29821776928353,162.96440737050813,155.89687222909777,162.51412963867188,108256500
2022-05-05,160.38993331507154,160.61507214954577,151.67786848905013,153.45944213867188,130525300
2022-05-06,152.93986371222095,156.3023722983105,151.14587460582203,154.18487548828125,116124600
2022-05-09,151.8810971374127,152.7633948486293,148.50880608897836,149.0675811767578,131577900
2022-05-10,152.4594939260044,153.65548649022554,149.92045170349726,151.4693603515625,115366700
2022-05-11,150.47929830193112,152.39092157530175,142.9406261760487,143.61705017089844,142689800
2022-05-12,139.96040581157675,143.3228989996902,136.06853101088905,139.75453186035156,182602000
2022-05-13,141.74459868206603,145.18553469561974,140.2937279042498,144.2150115966797,113990900
2022-05-16,142.68570084334092,144.61693408926746,141.34265112461745,142.67588806152344,86643800
2022-05-17,145.9305890667493,146.82268479374127,143.79348144376362,146.30311584472656,78336300
2022-05-18,143.96011558077154,144.46007380411618,137.14687404841018,138.0487823486328,109742900
2022-05-19,137.12729010884627,138.87226008655338,133.91183880440775,134.64707946777344,136095600
2022-05-20,136.3528207232791,137.93113785871375,130.00034593006458,134.88233947753906,137426100
2022-05-23,135.07841705772444,140.44077384848245,134.94117272312687,140.29373168945312,117726300
2022-05-24,138.03898075989613,139.17615657107172,134.62746828487894,137.59783935546875,104132700
2022-05-25,135.70583264997845,138.99971190055481,135.61760734755066,137.7547149658203,92482700
2022-05-26,134.68626677474316,141.49949297179577,134.4411865880973,140.9505157470703,90601500
2022-05-27,142.5288570634857,146.73442720207444,142.40141055796454,146.69522094726562,90978500
2022-05-31,146.13644955191023,147.69515625482543,143.95032308788612,145.9109649658203,103718400
2022-06-01,146.95009283292427,148.75389460714223,144.7737792988703,145.7835235595703,74286600
2022-06-02,144.92085472708317,148.29316134885798,143.96994216366954,148.23434448242188,72348100
2022-06-03,144.0091352358549,145.05808578629097,141.6171647882395,142.51905822753906,88570300
2022-06-06,144.13659949613532,145.64630225545608,142.04851092055418,143.2641143798828,71598400
2022-06-07,141.50932395629872,146.06781003090646,141.26424373812605,145.7835235595703,67808200
2022-06-08,145.65608826850138,146.92069570984725,144.5581335933167,145.0482940673828,53950200
2022-06-09,144.18560463111925,145.0384790561678,139.72514139394366,139.83297729492188,69473000
2022-06-10,137.51941663931075,137.9899664897166,134.36278209908923,134.43141174316406,91437900
2022-06-13,130.2551910309264,132.53933978353803,128.85333977780914,129.28468322753906,122207100
2022-06-14,130.51009821175379,131.25513655089347,128.89256009857948,130.14736938476562,84784300
2022-06-15,131.64728162043858,134.63726323315953,129.5592083618082,132.7648468017578,91533000
2022-06-16,129.4807864670593,129.7846835531672,126.50060254968962,127.50053405761719,108123900
2022-06-17,127.51036998343507,130.46113104749855,127.25547692933145,128.97103881835938,134520300
2022-06-21,130.7943992837295,134.36276639582726,130.6963761788774,133.19618225097656,81000500
2022-06-22,132.13748523532692,135.04904033583404,131.27481276894582,132.6864776611328,73409200
2022-06-23,134.1275334387869,135.86269092971577,132.96094899420544,135.5489959716797,72433800
2022-06-24,137.1468791706762,139.117333627322,137.01944763359853,138.87225341796875,89116800
2022-06-27,139.89178050713437,140.66624234545563,138.19582964679236,138.87225341796875,70207900
2022-06-28,139.3330131628478,140.59762053174873,134.61767206581916,134.7353057861328,67083400
2022-06-29,134.75490940956817,137.90173093297278,133.98044756827542,136.4900665283203,66242400
2022-06-30,134.5490488814723,135.64700354645933,131.13753620204082,134.02947998046875,98964500
2022-07-01,133.36282702594735,136.3037892489926,132.99031531614665,136.19595336914062,71051600
2022-07-05,135.05877659635996,138.82320420357954,134.23529590349486,138.77418518066406,73353800
2022-07-06,138.56834136394644,141.28381901974345,138.30365057809186,140.10743713378906,74064300
2022-07-07,140.47020604245932,143.66606245207848,140.46040821637013,143.47000122070312,66253700
2022-07-08,142.40140757015126,144.64635079248632,142.1465295229667,144.14637756347656,64547800
2022-07-11,142.8033331399919,143.7542455393016,140.95052737444695,142.01907348632812,63141600
2022-07-12,142.89157069008422,145.52863633565593,142.19555121961218,142.98960876464844,77588800
2022-07-13,140.17608985764943,143.56799177024092,139.3232005090592,142.62689208984375,71185600
2022-07-14,141.24465485515523,146.01881345268225,140.43098661066193,145.5482635498047,78140700
2022-07-15,146.83247339444262,147.89122183493336,145.28356446993823,147.2147979736328,76259900
2022-07-18,147.77358792071823,148.58725611818477,143.8130828380742,144.17581176757812,81420900
2022-07-19,145.0090823866063,148.25394254490203,144.01896354895925,148.02847290039062,82982400
2022-07-20,148.14609070693865,150.6949310490213,147.41085002655058,150.02830505371094,64823400
2022-07-21,151.4595528168205,152.50850317822432,148.9499341408544,152.29283142089844,65086600
2022-07-22,152.33208328648058,153.2045683993023,150.39105184778396,151.0576629638672,66675400
2022-07-25,150.97923186102722,151.98896129458768,149.28328071900498,149.94009399414062,53623900
2022-07-26,149.26362321320852,150.07729118277658,147.83236337932289,148.6166229248047,55138700
2022-07-27,149.57735592146827,154.23387992265205,149.16562296270044,153.70449829101562,78620700
2022-07-28,153.8907653704556,154.53778073211737,151.37134852302864,154.2534942626953,81378700
2022-07-29,158.06695385906744,160.40992030893383,156.36119003723385,159.31195068359375,101786900
2022-08-01,157.84148924790597,160.37071938994356,157.72385550686172,158.33164978027344,67829400
2022-08-02,156.94937000342367,159.2139087149108,156.48861801917639,156.8611297607422,59907000
2022-08-03,157.67481177613547,163.311657015849,157.58658648416494,162.8607177734375,82507500
2022-08-04,162.7430888021846,163.89987539598906,161.19417977979222,162.54702758789062,55474100
2022-08-05,160.22042780912037,162.81206933981917,160.01426786699392,162.32122802734375,56697000
2022-08-08,163.32251461167718,164.7361398246356,161.19226535966965,161.84999084472656,60276900
2022-08-09,161.01555492296612,162.78258627702198,160.2596552644257,161.89906311035156,63135500
2022-08-10,164.60854654925055,166.23814341245296,163.8428352480907,166.13998413085938,70170500
2022-08-11,166.94492022851418,167.85789272456063,165.10917878344554,165.4036865234375,57149200
2022-08-12,166.70933581222894,169.01628078921996,166.29701596444957,168.94757080078125,68039400
2022-08-15,168.37821564106778,170.21395743937939,168.21133138479297,170.0176239013672,54091700
2022-08-16,169.6150683141151,170.5280406515921,168.5155889203463,169.86048889160156,56377100
2022-08-17,169.60528281111644,172.92335934005538,169.4089493149704,171.35267639160156,79542000
2022-08-18,170.56730924585392,171.69623796281792,169.9488445685988,170.95997619628906,62290100
2022-08-19,169.86053968443733,170.55754092380556,168.1720444080825,168.37820434570312,70346300
2022-08-22,166.58174239756778,166.74862666169574,164.07844847706937,164.50057983398438,69026800
2022-08-23,164.0195474098714,165.61969500518398,163.597416059393,164.1667938232422,54147100
2022-08-24,164.2551587296091,165.03068148199358,163.20475103663767,164.4613037109375,53841500
2022-08-25,165.688378388784,167.02346724627097,165.2662620854037,166.9154815673828,51218200
2022-08-26,167.44564772442519,167.9168512892463,160.56404149028532,160.62294006347656,78961000
2022-08-29,158.19815240165843,159.91609703205498,156.89252766433086,158.4239501953125,73314000
2022-08-30,159.1602105704912,159.58232691391927,154.83098655063566,155.9991912841797,77906200
2022-08-31,157.37351363125413,157.63857209111154,154.261582013457,154.34011840820312,87991100
2022-09-01,153.77074600824523,155.51813965771387,151.83683028732437,155.0665740966797,74229900
2022-09-02,156.82379496598037,157.42262194968552,152.13135334781393,152.95596313476562,76957800
2022-09-06,153.60386838160778,154.21250676362826,150.8747921160952,151.69940185546875,73714800
2022-09-07,151.9841081371773,153.80021196934476,150.79626559392008,153.1032257080078,87449600
2022-09-08,151.80741774838046,153.4959132532277,149.88331299426738,151.63072204589844,84923800
2022-09-09,152.62223531706266,154.92919602788265,151.91542246010044,154.4874267578125,68028800
2022-09-12,156.6667134786447,161.2511691580026,156.38203213199495,160.43637084960938,104956000
2022-09-13,156.97102730327344,157.5993035102858,150.5606417135221,151.02203369140625,122656600
2022-09-14,151.95465448242936,154.22235404144755,150.79627611743592,152.4651336669922,87965400
2022-09-15,151.81721471946022,152.3964188629796,148.60712326254628,149.5789794921875,90481100
2022-09-16,148.4402429431555,148.57767791761873,145.6522527794473,147.9395751953125,162278800
2022-09-19,146.57504690151106,151.7288812650201,146.368901915373,151.6503448486328,81474200
2022-09-20,150.5901415565976,155.18442503374376,150.27601083725375,154.02603149414062,107689800
2022-09-21,154.4579373320565,155.83230196535132,150.78645397951445,150.9042510986328,101696800
2022-09-22,149.58879338602387,151.6405063427645,148.14571882351763,149.94219970703125,86652500
2022-09-23,148.42058784002563,148.6954577569954,145.83875792782328,147.67449951171875,96029900
2022-09-26,146.91863241520423,150.95334879982894,146.89899456754617,148.00830078125,93339400
2022-09-27,149.9422080635759,151.88593544780034,147.20330517830297,148.9801483154297,84442700
2022-09-28,144.93560783080054,147.8806554147203,142.18689375661808,147.09530639648438,146691400
2022-09-29,143.42383363893248,144.03247205665744,138.1031007730531,139.87013244628906,128138200
2022-09-30,138.69214875072967,140.4788186878684,135.4722302730186,135.66856384277344,124925300
2022-10-03,135.67835835777296,140.44933637961338,135.1678792129988,139.84068298339844,114311700
2022-10-04,142.37343574191996,143.5416405102459,141.61753589548164,143.42384338378906,87830100
2022-10-05,141.43100052371705,144.6803670999918,140.39040452379436,143.7183074951172,79471000
2022-10-06,143.13912691743977,144.8374334955695,142.5599378213271,142.76608276367188,68402200
2022-10-07,139.9289988222873,140.47875353363153,136.89560388548796,137.5238800048828,85925600
2022-10-10,137.84788513183594,139.29095992216133,136.03178109548642,137.84788513183594,74899000
2022-10-11,137.33738075448184,138.76083241469453,135.68816128454225,136.43423461914062,77033700
2022-10-12,136.58152223774053,137.78898779453903,135.62928879673916,135.8059844970703,70433700
2022-10-13,132.51735724415704,140.95981974279604,131.90870376504793,140.37081909179688,113224000
2022-10-14,141.66661609125816,141.87277603175662,135.65872326737428,135.84524536132812,88598000
2022-10-17,138.48595592005591,140.28242169324201,137.70060693296034,139.80140686035156,85250900
2022-10-18,142.825015544548,144.0128431743189,138.03439937209953,141.11688232421875,99136600
2022-10-19,139.09461918905455,142.29489928414645,138.90809708603376,141.22486877441406,61758300
2022-10-20,140.40025572638473,143.21768011702426,140.0370229627389,140.7634735107422,64522000
2022-10-21,140.25299045906925,145.1417806685085,140.03701908535325,144.57240295410156,86548600
2022-10-24,144.493896124247,147.47820529483582,143.32569117619283,146.71249389648438,75981900
2022-10-25,147.34075911907576,149.6968066869272,146.62413491177585,149.54954528808594,74732300
2022-10-26,148.19484403447342,149.2059761334731,145.32831703887072,146.6143341064453,88194300
2022-10-27,145.35773474859954,146.3197794029668,141.48990330767347,142.1476287841797,109180200
2022-10-28,145.48537216958695,154.6150242142885,145.11234293200243,152.88726806640625,164762400
2022-10-31,150.35452378899333,151.41474288743174,149.13723186575905,150.53121948242188,97943200
2022-11-01,152.2393653788708,152.60258320946681,146.39835590820144,147.8905029296875,80379300
2022-11-02,146.22160672381153,149.38262560122348,142.34396380900958,142.3734130859375,93604600
2022-11-03,139.45783369878677,140.1842842462697,136.2084665510831,136.33609008789062,97918500
2022-11-04,139.71866273149064,140.28898493787645,132.1373429796548,136.07058715820312,140814800
2022-11-07,134.82178704829124,136.8277351131925,133.40581664759068,136.60157775878906,83374600
2022-11-08,138.06672226567503,139.069688836373,135.19545550623369,137.17190551757812,89908500
2022-11-09,136.18857977969958,136.23774833279379,132.3438299914245,132.61915588378906,74917800
2022-11-10,138.88286812786214,144.4188995361328,137.171901375878,144.4188995361328,118854000
2022-11-11,143.38645323831483,147.5065147597333,141.96063992686575,147.20169067382812,93979700
2022-11-14,146.48386123047396,147.77199641885335,144.96955367768106,145.8053741455078,73374100
2022-11-15,149.6795905900005,151.0267217594032,146.0806689942232,147.5359649658203,89868300
2022-11-16,146.6411761367448,147.36881668355312,144.83187247009243,146.3068389892578,64218300
2022-11-17,143.98623783804743,148.95196191687904,143.71091192910288,148.20465087890625,80389400
2022-11-18,149.76805684245502,150.15154743200034,147.46711330518315,148.76507568359375,74829600
2022-11-21,147.65398361312236,147.86047052115927,145.25470236836378,145.53985595703125,58724100
2022-11-22,145.65786938764137,147.9096450709946,144.47788413446048,147.67364501953125,51804100
2022-11-23,146.95585380028717,149.29613922514196,146.84768896962234,148.548828125,58301400
2022-11-25,145.8348580598712,146.3953525551104,144.66471552066162,145.63819885253906,35195900
2022-11-28,142.7177546502144,144.19272111621666,140.9871327315936,141.8131103515625,69246000
2022-11-29,141.8819361067611,142.39326202258005,138.00770341068628,138.8140106201172,83763800
2022-11-30,139.04018245155586,146.23802684928043,138.2043770255708,145.55953979492188,111380900
2022-12-01,145.73656252403373,146.64120704597443,144.16325857031342,145.8348846435547,71250400
2022-12-02,143.5240993516398,145.53004745802465,143.2192602974079,145.3432159423828,65447400
2022-12-05,145.3038811249747,148.4013049961633,143.33725898348703,144.1829071044922,68826400
2022-12-06,144.61557170242608,144.8417290558683,139.55151049910586,140.52499389648438,64727200
2022-12-07,139.81699890501977,140.97729872796708,137.6635453309665,138.58786010742188,69721100
2022-12-08,139.98414879173407,141.1247931057231,138.7451823842777,140.26930236816406,62128300
2022-12-09,139.96447961702353,143.14058484738695,138.5485094221092,139.78749084472656,76097000
2022-12-12,140.31849324023466,142.08845624970894,138.70586361029962,142.07862854003906,70462700
2022-12-13,147.00500937638787,147.4671667934874,141.83279839446703,143.04226684570312,93886200
2022-12-14,142.92424628798724,144.21238117508022,138.80417118832523,140.81996154785156,82291200
2022-12-15,138.754987203731,139.43347405451232,133.75976655307488,134.221923828125,98931900
2022-12-16,134.40879318099954,135.35276341025192,131.49818579850947,132.26516723632812,160156900
2022-12-19,132.8551821275431,132.94367653807714,129.12843913282236,130.16090393066406,79592600
2022-12-20,129.19722445474264,131.02618341248566,127.72225803734129,130.092041015625,77432800
2022-12-21,130.76070405901197,134.52678732015247,130.5345467103143,133.18948364257812,85928000
2022-12-22,132.10783812958184,132.31432503613755,128.1254256005218,130.02320861816406,77852100
2022-12-23,128.7350936895975,130.21006041152802,127.47645662054781,129.65940856933594,63814900
2022-12-27,129.18741554567987,129.21691367798962,126.57180445054807,127.85993957519531,69007800
2022-12-28,127.505939784758,128.8432433891337,123.76936236246999,123.9365234375,85438400
2022-12-29,125.8539785961876,128.30242099857716,125.59832312588058,127.44694519042969,75703700
2022-12-30,126.26697469654857,127.78126710171549,125.30332657301084,127.7615966796875,77034200
2023-01-03,128.10575347623433,128.71540148347327,122.09772277878758,122.98270416259766,112117500
2023-01-04,124.77234386397704,126.51280869797894,122.99255318811515,124.25119018554688,89113600
2023-01-05,125.0083194371755,125.63763785036865,122.67787726715527,122.93353271484375,80962700
2023-01-06,123.90704074173942,128.11560378272642,122.80572954739813,127.456787109375,87754700
2023-01-09,128.292610198386,131.18354745345354,127.72228791640812,127.97794342041016,70790800
2023-01-10,128.08610610497774,129.06941726347972,125.98182082594903,128.5482635498047,63896200
2023-01-11,129.0595847172529,131.28186245070447,128.28277553296553,131.26220703125,69458900
2023-01-12,131.64567480294028,132.0193227611732,129.24639368399414,131.1835174560547,71379600
2023-01-13,129.82659632055703,132.66836552146214,129.46277592243695,132.5110321044922,57809700
2023-01-17,132.5798345273993,134.99877137842552,131.89151977321038,133.6713104248047,63646600
2023-01-18,134.53662257229425,136.29674271738915,132.7764874230637,132.9534912109375,69672800
2023-01-19,131.8423392118264,133.97612225756075,131.53751520588366,133.01248168945312,58280400
2023-01-20,133.02230476612493,135.71658218378784,131.97999755468973,135.56907653808594,80223600
2023-01-23,135.81492969380113,140.92815961902411,135.59860004292767,138.75503540039062,81760300
2023-01-24,137.96838472187488,140.77082749424633,137.95855701188813,140.15133666992188,66435100
2023-01-25,138.53869500355867,140.0529874380773,136.49340619294276,139.4925079345703,65799300
2023-01-26,140.78062529691158,141.8426029112318,139.53181620357194,141.5574493408203,54105100
2023-01-27,140.7708371263728,144.77290596887224,140.69217042868402,143.49459838867188,70555800
2023-01-30,142.54079133466578,143.12094131391822,140.46600420175812,140.61349487304688,64015300
2023-01-31,140.31848180314623,141.93111130163894,139.9054929686203,141.88194274902344,65874500
2023-02-01,141.56728874190614,144.16322923439725,138.96152054070433,143.00291442871094,77663600
2023-02-02,146.41503824093917,148.6569866770964,145.69722523392414,148.30300903320312,118339000
2023-02-03,145.55950174338113,154.75346405472618,145.36284257715545,151.92152404785156,154357300
2023-02-06,150.02377712562708,150.54493079230497,148.26364190831887,149.19778442382812,69858300
2023-02-07,148.12598902287087,152.63938353904294,148.12598902287087,152.06906127929688,83322600
2023-02-08,151.3119247541495,152.00023955919008,148.64714493246836,149.38462829589844,64120100
2023-02-09,151.213581264491,151.75440537570756,147.9096553354024,148.35214233398438,56007100
2023-02-10,147.19007494553122,149.04151212756338,146.95371454850684,148.71652221679688,57450700
2023-02-13,148.6574172040706,151.9171435900277,148.62787403653363,151.5133819580078,62199000
2023-02-14,149.8096612758476,151.43461079325414,148.56880303013764,150.87326049804688,61707600
2023-02-15,150.78463194852628,153.13833305811258,150.5581292969133,152.97091674804688,65573800
2023-02-16,151.17852906062296,153.95570692832584,151.02097051495025,151.37550354003906,68167900
2023-02-17,150.03617955770974,150.67630162569367,148.55896091432058,150.23313903808594,59144100
2023-02-21,147.9188390818426,149.00213887625634,146.15603126407484,146.22496032714844,58867200
2023-02-22,146.60902132895072,147.67262055430007,144.9250004924314,146.64842224121094,51011300
2023-02-23,147.8105044744373,148.05670759936388,145.00379786650186,147.1309814453125,48394200
2023-02-24,144.87577631301392,144.9545631210652,143.5068874555982,144.4818572998047,55469600
2023-02-27,145.46662923177482,146.90444675275575,145.2105684203629,145.67343139648438,44998500
2023-02-28,144.81665531660641,146.81582313308783,144.5999954030627,145.1711883544922,50547000
2023-03-01,144.600022862706,144.99394185647634,142.80765687884437,143.1031036376953,55479000
2023-03-02,142.1872382713636,144.48185327566276,141.7145174362223,143.69400024414062,52238100
2023-03-03,145.79161175732688,148.8149928448926,145.0924034132026,148.7362060546875,70732300
2023-03-06,151.4542819528968,153.9261705239575,151.12930710707832,151.49368286132812,87558000
2023-03-07,151.36568955134143,151.69067950386318,148.83472905134718,149.29759216308594,56182000
2023-03-08,150.4892077170001,151.1391876253047,149.52409559763862,150.5482940673828,47204800
2023-03-09,151.2277963802791,152.1929083670859,147.9483691410299,148.3029022216797,53833600
2023-03-10,147.92869544727571,148.64760438030467,145.3681768808884,146.24465942382812,68572400
2023-03-13,145.56514829028342,150.8142012619364,145.45681830298673,148.18475341796875,84457100
2023-03-14,148.98242012042218,151.07021762009597,147.82034869008896,150.27252197265625,73695900
2023-03-15,148.8937927615987,150.92250395033966,147.64307677577528,150.6664581298828,77167900
2023-03-16,149.84904194741503,154.08373780814682,149.33693534803646,153.48300170898438,76161100
2023-03-17,153.70953434482817,154.35951419092353,151.93686886777078,152.64593505859375,98944600
2023-03-20,152.71487589238697,155.42311016638172,151.80883520237765,155.0094757080078,73641400
2023-03-21,154.93070734117964,156.9791040860205,154.16253977805687,156.86093139648438,73938300
2023-03-22,156.88062840402722,159.67749219321786,155.41325242402124,155.43295288085938,75701800
2023-03-23,156.41776312286146,159.0964541870748,155.28521978995877,156.5162353515625,67622100
2023-03-24,156.44731907052963,157.9048374069247,155.4526638252611,157.8162078857422,59196500
2023-03-27,157.5109061704178,158.32830230982592,155.47233717929535,155.87611389160156,52390300
2023-03-28,155.57079288605044,156.08289946543738,153.61101109186916,155.25564575195312,45992200
2023-03-29,156.94953135245441,158.60402382956926,156.92984592593675,158.32827758789062,51305700
2023-03-30,159.07673846378026,160.0024644815908,158.82069266127598,159.89413452148438,49501700
2023-03-31,159.9729235769942,162.4940408365555,159.45097422374334,162.3955535888672,68749800
2023-04-03,161.775118163648,163.76442815863666,161.7258745440201,163.64625549316406,56976200
2023-04-04,164.06975594835677,164.30610131295074,162.60238002597387,163.11448669433594,46278300
2023-04-05,162.2379998945446,162.54328933366952,159.34264903941414,161.2728729248047,51511700
2023-04-06,159.96306777674639,162.45465692468338,159.5396056660462,162.15921020507812,45390100
2023-04-10,158.96841666370352,159.56915283203125,157.64877164706385,159.56915283203125,47716900
2023-04-11,159.88432686993428,159.89416958590462,158.07226031922266,158.3578643798828,47644200
2023-04-12,158.77145737665472,159.59869619161648,157.35332510698044,157.66847229003906,50133100
2023-04-13,159.17525665056672,163.28192316496492,158.9684394039646,163.04556274414062,68445600
2023-04-14,162.09028798128088,163.79402444901268,161.3319931654023,162.7008819580078,49386500
2023-04-17,162.5826774005875,162.8781241294329,161.53877864877254,162.72055053710938,41516200
2023-04-18,163.57733566867122,164.86743742961687,163.13415809407996,163.94171142578125,49923000
2023-04-19,163.28188286850465,165.60604050503213,163.0258220523767,165.08409118652344,47720200
2023-04-20,163.56749547193866,165.32046042282218,163.04554607797024,164.11898803710938,52456400
2023-04-21,162.54330660065614,163.92203809382642,161.99181400338804,162.51376342773438,58337300
2023-04-24,162.49404087672,163.08493430890758,161.40089854610392,162.81903076171875,41949600
2023-04-25,162.68119268208375,163.78417796430023,161.2433597017252,161.2827606201172,48714100
2023-04-26,160.58350725145092,162.76979197769046,160.32746143764658,161.2728729248047,45498800
2023-04-27,162.6811671878293,165.9999802574992,162.6811671878293,165.85226440429688,64902300
2023-04-28,165.93105213681218,167.27039764589344,165.33031595199535,167.10296630859375,55275900
2023-05-01,166.70905380019818,167.86128258741087,166.07877442017465,167.01434326171875,52472900
2023-05-02,167.50673256610264,167.76279339985444,164.99545801480568,165.9802703857422,48425700
2023-05-03,166.9256982160475,168.32412999077732,164.62124085601573,164.90682983398438,65136000
2023-05-04,162.38573893481126,164.50307988258416,161.81454585901537,163.27206420898438,81235400
2023-05-05,168.38322333782398,171.65280778469676,168.1665634032941,170.93389892578125,113453200
2023-05-08,169.86046198141287,171.20966537396347,169.49608615179136,170.86497497558594,55962800
2023-05-09,170.42178299192224,170.90433143409618,168.99380806621033,169.16122436523438,45326900
2023-05-10,170.39224965147537,171.38690478906514,169.28924951921832,170.92404174804688,53724500
2023-05-11,171.20966280003566,171.9384144483228,169.5551699505623,171.11117553710938,49514700
2023-05-12,171.21962961924467,171.653548851867,168.6358569767775,170.1841583251953,45533100
2023-05-15,170.7659972586019,170.81530899814229,169.09935977781652,169.69107055664062,37266700
2023-05-16,169.61217478294208,170.74626955321972,169.42479920138675,169.69107055664062,42110300
2023-05-17,169.3360433616003,170.53916250241704,168.06386972955488,170.302490234375,57951600
2023-05-18,170.60819152451643,172.81722786089622,170.19400003291315,172.62985229492188,65496700
2023-05-19,173.95134816577144,173.95134816577144,172.5213979143073,172.7383575439453,55809500
2023-05-22,171.57465110395842,172.2945693897219,171.05197977463047,171.79161071777344,43570900
2023-05-23,170.73639628329747,170.98293990870613,168.91196743614205,169.18809509277344,50747300
2023-05-24,168.7246024757336,170.03621645106807,168.16249079935005,169.4642333984375,45143500
2023-05-25,170.02637505144457,171.49576564962197,169.31632809947834,170.59835815429688,56058300
2023-05-26,170.92377905521317,173.3399036765556,170.7166757800904,173.0045928955078,54835000
2023-05-30,174.51344390978926,176.5153769153671,174.12883646161984,174.84873962402344,55964400
2023-05-31,174.87836477742368,176.8704419237823,174.31623796446905,174.79946899414062,99625300
2023-06-01,175.24323239604442,177.62977324467488,174.4838737017158,177.60018920898438,68901800
2023-06-02,178.52719900186148,179.26683000310032,176.7816656255451,178.44830322265625,61996900
2023-06-05,180.10506441660397,182.39298156722955,175.57851175717974,177.09722900390625,121946500
2023-06-06,177.48186345973468,177.62978364684957,174.97697127382227,176.7323760986328,64848400
2023-06-07,175.97302631817985,178.70473461267676,174.86851540394252,175.36160278320312,61944600
2023-06-08,175.44046308150416,178.33981894141047,175.0065588784877,178.0735626220703,50214900
2023-06-09,178.99068805786467,179.71059129506313,178.13272098000036,178.45816040039062,48900000
2023-06-12,178.76388932505995,181.34766218390052,178.468033910057,181.24903869628906,54274900
2023-06-13,180.2727216495119,181.60404834381112,179.91769818813273,180.77566528320312,54929100
2023-06-14,180.8348010803695,181.84070321606907,179.50347462365866,181.4067840576172,57462900
2023-06-15,181.4166932611595,183.94129793003785,181.23917400121888,183.43833923339844,65433200
2023-06-16,184.14840773628853,184.40482280312972,181.72242626645283,182.36343383789062,101256200
2023-06-20,181.86046794433722,183.52710548415504,181.86046794433722,182.45216369628906,49799100
2023-06-21,182.34366316376426,182.8466218007744,180.06560242478363,181.4166717529297,49515700
2023-06-22,181.19973368511316,184.46396933431626,181.13069423738702,184.41465759277344,51245300
2023-06-23,182.98470820219737,184.96691381940127,182.45216546765664,184.0990753173828,53117000
2023-06-26,184.2470177435845,185.45015206010262,182.66913223239737,182.70858764648438,48088700
2023-06-27,183.31997931240525,185.78541559077308,183.10301971608257,185.45997619628906,50730800
2023-06-28,185.33180236622022,187.2745677103686,185.00637796044083,186.63356018066406,51216800
2023-06-29,186.46591313429835,187.44223149955704,186.3278492789131,186.96885681152344,46347300
2023-06-30,188.9806243235532,191.79121262094537,188.61572952588827,191.28826904296875,85213200
2023-07-03,191.10090642215079,191.19952989799955,189.10882958307744,189.79916381835938,31458200
2023-07-05,188.92147125163748,190.311965971159,187.98459336367247,188.68478393554688,46920300
2023-07-06,187.21539208287066,189.36526064633148,186.5842409083175,189.1581573486328,45094300
2023-07-07,188.76369580404943,190.0062704618662,187.60987325439862,188.0437774658203,46815000
2023-07-10,186.6434184249519,187.36333679085425,184.45410938571575,186.00241088867188,59922200
2023-07-11,186.54480679233018,186.68287064614393,184.02020200954667,185.479736328125,46638100
2023-07-12,187.05761040387253,189.04968751691854,185.86434744027207,187.14637756347656,60750200
2023-07-13,187.86624506525828,188.5467078881079,187.15619821079162,187.9056854248047,41342300
2023-07-14,187.60001815586816,188.53688115718742,187.00832233558717,188.0536651611328,41616200
2023-07-17,189.2469126832782,191.6334686208352,189.1581605746784,191.3080291748047,50520200
2023-07-18,190.67683864321535,191.64328540459255,189.75968856677812,191.05157470703125,48288200
2023-07-19,190.4303150490968,195.48938034906212,189.9865244553515,192.4026641845703,80507300
2023-07-20,192.39279363664537,193.75371936128715,189.83860510668907,190.45989990234375,59581200
2023-07-21,191.4164870851642,192.2744541324422,188.58615588066942,189.28634643554688,71951700
2023-07-24,190.73602285584008,192.21528467718613,189.59205676918674,190.08514404296875,45377800
2023-07-25,190.65714646634552,191.75180092732498,190.25281124926505,190.94313049316406,37283200
2023-07-26,190.9924473358141,192.93521264770516,190.64729522856234,191.81097412109375,47471900
2023-07-27,193.30998316918408,194.47366217807738,189.8879555038913,190.54869079589844,47460200
2023-07-28,191.97862287270013,193.9115318637554,191.45595149688123,193.12258911132812,48291400
2023-07-31,193.34938604539337,193.77344894031904,192.56044337061044,193.73399353027344,38824100
2023-08-01,193.52693454400202,194.01015053136803,192.58020018161,192.9056396484375,35175100
2023-08-02,192.34347668203839,192.48154051645844,189.19759252290805,189.91749572753906,50389300
2023-08-03,188.92148694956984,189.71041463976601,188.0536484329567,188.52700805664062,61235200
2023-08-04,182.95508679019278,184.789371855198,179.40485277798012,179.47389221191406,115956800
2023-08-07,179.612017181196,180.59819195946366,174.8981029449032,176.3773651123047,97576100
2023-08-08,177.205713919119,177.77769698523286,175.12488493894773,177.31419372558594,67823000
2023-08-09,178.3693964131728,178.42856448196,174.56276182695083,175.72645568847656,60378500
2023-08-10,176.9986245515979,178.25107058876787,175.14462641506705,175.50950622558594,54686900
2023-08-11,175.10462674008653,176.3883728930982,174.34424265962002,175.56874084472656,52036700
2023-08-14,175.74650562753334,177.44501774834183,175.09474782272636,177.2178955078125,43675600
2023-08-15,176.6451282666605,177.23762299403361,174.8379899652799,175.2329864501953,43622600
2023-08-16,174.9169842350172,176.30935657463468,174.29485048513217,174.36398315429688,46964900
2023-08-17,174.92688028330798,175.29225282363015,171.31260330101006,171.82611083984375,66062900
2023-08-18,170.14732599213767,172.9123464424467,169.81157749118245,172.30996704101562,61172200
2023-08-21,172.88274314562352,173.92949746098708,171.56935789788312,173.6431121826172,46311900
2023-08-22,174.8478727981476,175.46012191641384,174.04799506153495,175.0157470703125,42038900
2023-08-23,176.28963972003098,179.2817827873095,176.10201110060572,178.85714721679688,52722800
2023-08-24,178.41277199096436,178.8374075605793,173.8109887437673,174.17637634277344,54945800
2023-08-25,175.1638354706922,176.91171040496442,173.62332837763665,176.3784637451172,51449600
2023-08-28,177.8400098200833,178.33376298082638,176.31925671498092,177.9387664794922,43820700
2023-08-29,177.45488030453177,182.58991008586239,177.2573820568172,181.8196563720703,53003900
2023-08-30,182.62942352828824,185.50307057198083,182.43192527543482,185.30555725097656,60813900
2023-08-31,185.4931879048022,186.75719481874472,185.13768501849643,185.52281188964844,60794500
2023-09-01,187.12259578872172,187.54721631397274,185.92770639795236,187.0929718017578,45766500
2023-09-05,185.92769881238064,187.60645663383806,185.26607135025952,187.3299560546875,45280000
2023-09-06,186.0462022000218,186.49059214043663,179.20278998997966,180.6248016357422,81755800
2023-09-07,172.99135904079122,175.98351721110967,171.3718491931888,175.3416290283203,112488800
2023-09-08,176.121777292026,177.9881638364286,175.56876103562882,175.95388793945312,65551300
2023-09-11,177.82024612940288,178.0473683330804,175.12434339280344,177.11911010742188,58953100
2023-09-12,177.24749835360407,177.87950173703112,172.6358460753217,174.09735107421875,90370200
2023-09-13,174.30473020059844,175.08486860955094,171.8063404869434,172.03347778320312,84267900
2023-09-14,171.82610607332606,173.89987544974738,171.41135521167203,173.54437255859375,60895800
2023-09-15,174.27510652680778,174.29486087176767,171.6483512368518,172.82347106933594,109259500
2023-09-18,174.27511585610648,177.13889330258442,173.96899129951683,175.7465057373047,67257600
2023-09-19,175.30212586469654,177.38576479928514,174.91699900323943,176.832763671875,51826900
2023-09-20,177.0203888259045,177.45489404541186,173.20861358406935,173.29750061035156,58436200
2023-09-21,172.36920682730067,174.09734264324985,171.6878251518227,171.75694274902344,63149100
2023-09-22,172.48773574692532,174.8676297137013,171.87548661966315,172.60623168945312,56725400
2023-09-25,172.02359502231215,174.75899170155245,171.97421669351675,173.88011169433594,46172700
2023-09-26,172.63583748924898,173.01107959102313,169.51531434646242,169.8115692138672,64588900
2023-09-27,170.46333088230946,170.87808171574733,166.93794126401278,168.30068969726562,66921800
2023-09-28,167.2243249736919,169.8807195182162,165.5258128129139,168.55746459960938,56294400
2023-09-29,169.87084635964763,170.90773103963988,168.21182785802986,169.0709686279297,51861100
2023-10-02,169.08081880430257,172.12233981703872,168.79443355791753,171.57920837402344,52164500
2023-10-03,170.1078434596355,171.46073744550782,168.6858469308082,170.24609375,49594600
2023-10-04,168.9524729247714,172.03350325883684,168.8339769739755,171.49037170410156,53020300
2023-10-05,171.61869897615148,173.25796291419545,170.5225664715738,172.72471618652344,48527900
2023-10-06,171.62862082907643,175.76627518846593,171.01635659512883,175.27252197265625,57266700
2023-10-09,174.6009972191987,176.81301689163445,173.60362121945622,176.75376892089844,42390800
2023-10-10,175.8748846750232,177.47464011941017,175.72674968355904,176.1612548828125,43698000
2023-10-11,175.9736185461729,177.60301297187604,175.3811238107674,177.5536346435547,47551100
2023-10-12,177.8202822818536,180.0619109305439,176.80313684087554,178.45228576660156,56743100
2023-10-13,179.15342336284206,179.65704624189655,175.91440332167903,176.61553955078125,51427100
2023-10-16,174.5417330268598,176.84262444155877,174.3047260977915,176.48712158203125,52517000
2023-10-17,174.44299912050275,176.19088966345473,172.61612132571108,174.93675231933594,57549400
2023-10-18,173.3863659573123,175.36137864838344,172.9222367694585,173.6431121826172,54764400
2023-10-19,173.84060845589931,175.61812287122567,173.00123711265553,173.2678680419922,59302900
2023-10-20,173.1197103596996,173.22833664495803,170.4830706009531,170.72007751464844,64244000
2023-10-23,168.77470794688867,171.8359684831129,167.80694090892598,170.83859252929688,55980100
2023-10-24,170.8879597127696,171.50020876645127,169.3079436842464,171.27308654785156,43816600
2023-10-25,169.73256439395493,170.8978144354766,168.5179209624252,168.96231079101562,57157000
2023-10-26,168.24143389027685,169.23882483986895,163.60015755926395,164.80491638183594,70625300
2023-10-27,164.82468576422622,166.8490767618186,164.7456834493569,166.11831665039062,58499100
2023-10-30,166.90832288755587,169.03145545417337,166.7601878982554,168.16244506835938,51131000
2023-10-31,167.23421730907862,168.76484019690602,165.80232095364974,168.636474609375,44846000
2023-11-01,168.86355325507674,172.05319393081336,167.9945430130093,171.79644775390625,56934900
2023-11-02,173.32711052996643,175.5588693503195,173.26786256268767,175.35150146484375,77334800
2023-11-03,172.06306912689155,174.61083668548292,171.18418929633518,174.4429473876953,79829200
2023-11-06,174.17636920813592,177.18825142381783,174.00849494223715,176.99075317382812,63841300
2023-11-07,176.94138484513783,180.1606652677133,176.7340169447808,179.5484161376953,70530000
2023-11-08,180.07177947416378,181.15802736111343,179.32126504404005,180.6050262451172,49340300
2023-11-09,180.67418930816274,181.8196853547634,179.53854783351557,180.1310577392578,53763500
2023-11-10,181.91086536697577,184.48177017271385,181.47578777634308,184.31365966796875,66133400
2023-11-13,183.74020094629049,183.94784205398747,182.14822040593083,182.7316131591797,43627500
2023-11-14,185.59914075952597,186.0045554032819,184.21481647353394,185.34205627441406,60108400
2023-11-15,185.7474572062222,187.3789832148446,185.67823345303117,185.90565490722656,53790500
2023-11-16,187.4482222334322,188.82266388785246,186.5385061665612,187.58665466308594,54412900
2023-11-17,188.12059370194675,188.24914348244,186.4594046371221,187.56686401367188,50922700
2023-11-20,187.76462241033667,189.7620174322178,187.75473976876387,189.30715942382812,46505100
2023-11-21,189.2676114417462,189.37638084971888,187.61630503925363,188.5062255859375,38134500
2023-11-22,189.34672485819107,190.77059476808083,188.69410838615653,189.16873168945312,39617700
2023-11-24,188.73367065803237,188.76333367409984,187.13180743837248,187.84375,24048300
2023-11-27,187.79427548166112,188.53588093642713,186.78568783853885,187.6657257080078,40552600
2023-11-28,187.6558347269926,188.9412871423915,187.28008315178343,188.26889038085938,38415400
2023-11-29,188.76331653900834,189.93999969621768,186.85492560121705,187.2504425048828,43014200
2023-11-30,187.71515943504943,188.18979776505014,186.08363355367433,187.8239288330078,48794400
2023-12-01,188.19969953750024,189.4159283197641,187.11200544734405,189.09951782226562,45704800
2023-12-04,187.85356982644447,187.92279356612363,185.35188905459586,187.30972290039062,43389500
2023-12-05,188.0810636242485,192.2241539878595,188.05138552105933,191.255126953125,66628400
2023-12-06,192.27356863697858,192.58009647341478,189.95976327032974,190.16741943359375,41089700
2023-12-07,191.4627754603769,192.817436726138,191.42321471638212,192.09561157226562,47477700
2023-12-08,192.02637677770835,193.79635031367135,191.50231010992096,193.5194854736328,53406400
2023-12-11,190.948598334338,191.32434997590968,189.27751140798418,191.01780700683594,60943700
2023-12-12,190.9189246189266,192.54056806660662,189.57414602172835,192.5306854248047,52696900
2023-12-13,192.90640609677627,195.7838388648497,192.66910200901862,195.74429321289062,70404200
2023-12-14,195.8036348613561,197.3857175620074,193.964452594447,195.8926239013672,66831600
2023-12-15,195.3190970971854,196.17935458626624,194.79503045579114,195.35865783691406,128538400
2023-12-18,193.89520715993984,194.42917151631295,192.214237877434,193.69744873046875,55751900
2023-12-19,193.96443406555753,194.74558515548247,193.69745188302565,194.73570251464844,40714100
2023-12-20,194.69616113684165,195.46742966263125,192.6493377685547,192.6493377685547,52242800
2023-12-21,193.9050960501454,194.8741228719849,191.33419132020353,192.5009765625,46482500
2023-12-22,192.9954077755279,193.2228443252002,190.81015202156473,191.43310546875,37149600
2023-12-26,191.44299668429173,191.71986154255086,190.67172813799795,190.88926696777344,28919300
2023-12-27,190.33552729492325,191.33421726083122,188.95118798803827,190.98812866210938,48087700
2023-12-28,191.96704448132198,192.48122849088116,191.00790021395272,191.41331481933594,34049900
2023-12-29,191.72973752393827,192.2241411947973,189.5840274029703,190.3750762939453,42672100
2024-01-02,185.05528848269014,186.33085840634024,181.83178197139316,183.56219482421875,82488700
2024-01-03,182.15808112880916,183.79950485996184,181.37691491631995,182.187744140625,58414500
2024-01-04,180.11122069139344,181.04070184894312,178.85544644389557,179.87391662597656,71983600
2024-01-05,179.95303087035154,180.71440156415224,178.15339449300276,179.15208435058594,62379700
2024-01-08,180.05193047893468,183.52265400582175,179.46853775144191,183.48309326171875,59144500
2024-01-09,181.86141829199212,183.0776469225398,180.68473531069785,183.06776428222656,42841800
2024-01-10,182.2866315170422,184.31367440860302,181.8614365329183,184.1060333251953,46792900
2024-01-11,184.45212033242825,184.9564217479187,181.56480461990643,183.51275634765625,49128400
2024-01-12,183.97749798089004,184.64989484239166,183.11724039185432,183.8390655517578,40477800
2024-01-16,180.12114381484557,182.1976301200088,178.90489995610474,181.57469177246094,65603000
2024-01-17,179.24109293861534,180.88250149305736,178.2819487070673,180.6352996826172,47317400
2024-01-18,184.00712853391946,187.0229935165519,183.75004409317066,186.51870727539062,78005800
2024-01-19,187.21090309791916,189.80157360580037,186.70661676571424,189.4159393310547,68903000
2024-01-22,190.14764863184953,193.14373357255337,190.10808789018887,191.7198486328125,60133900
2024-01-23,192.83719415255706,193.55901922053994,191.660511110776,192.99539184570312,42355600
2024-01-24,193.232744842077,194.18200660712424,192.16483101440033,192.3230438232422,53631300
2024-01-25,193.03497008475262,194.07322080915367,190.94858599423335,191.99671936035156,54822100
2024-01-26,192.09559590318426,192.58010181757646,189.7916731135176,190.26629638671875,44594000
2024-01-29,189.86091028509443,190.04878611194624,187.45811545873704,189.58404541015625,47145600
2024-01-30,188.80288370915284,189.65325866018404,185.37172089064353,185.93533325195312,55859400
2024-01-31,184.94652570867123,185.00586682539145,182.28664653050623,182.33607482910156,55467800
2024-02-01,181.93066720224104,184.85752846784007,181.76257176566293,184.76853942871094,64885400
2024-02-02,177.84691977159645,185.2333130957587,177.24374658555357,183.76988220214844,102551700
2024-02-05,186.0440863383638,187.1317803970082,183.75994390321247,185.579345703125,69668800
2024-02-06,184.76853636353553,187.19111127921153,184.67954732588265,187.1812286376953,43490800
2024-02-07,188.50623739169367,188.91165203661865,186.49895962721544,187.29000854492188,53439000
2024-02-08,187.27020463334281,187.41851968576853,185.25304448034683,186.21218872070312,40962000
2024-02-09,186.77650719907678,188.10321111496148,186.13296840440984,186.9745330810547,45155200
2024-02-12,186.54880424779185,186.796321504533,184.9349868995182,185.29141235351562,41781900
2024-02-13,183.92513863049606,184.36077144619387,181.68757282391297,183.20237731933594,56529500
2024-02-14,183.4796068721132,183.6875129162611,180.62820312290157,182.3212127685547,54630500
2024-02-15,181.727184392981,182.65785175424014,179.54903541760635,182.0341033935547,65434500
2024-02-16,181.5984737728991,183.0142804515248,179.86585283584154,180.49949645996094,49752500
2024-02-20,179.98463913307552,180.61828269677792,178.21242224791314,179.75692749023438,53665600
2024-02-21,180.13316833455778,181.0737309260645,178.86588113831095,180.5093994140625,41371400
2024-02-22,181.65785591778803,183.12316891523534,180.6479964148563,182.5390167236328,52292200
2024-02-23,183.17267506039363,183.20237592421455,180.42028422645075,180.70741271972656,45119700
2024-02-26,180.43019254491847,180.9450175834942,178.85597124394113,179.3609161376953,40867400
2024-02-27,179.30152539649055,182.09351248592515,177.77681047698752,180.8163299560547,54318900
2024-02-28,180.69748823755316,181.30143093346823,178.34113428414614,179.61831665039062,48953900
2024-02-29,179.4698267249393,180.75691955299587,177.74710108364005,178.95498657226562,136682600
2024-03-01,177.76690051629518,178.73716395290236,175.61845249589473,177.8758087158203,73563100
2024-03-04,174.40064432483445,175.14319605787904,172.06408093389737,173.361083984375,81510100
2024-03-05,169.0641855800497,170.33147275577412,167.93550746706842,168.4305419921875,95132400
2024-03-06,169.36121186741923,169.53943215491887,167.00484265804033,167.4404754638672,68587700
2024-03-07,167.47017484778516,169.0344857697736,166.81674075207243,167.32167053222656,71765100
2024-03-08,167.32166963491963,171.9749911536114,167.26226790901475,169.03448486328125,76267000
2024-03-11,171.22253935977105,172.64824117092596,170.34137853305091,171.034423828125,60139500
2024-03-12,171.43046672764987,172.30173241116674,169.31171935776177,171.50967407226562,59825400
2024-03-13,171.05425482761498,171.4700820663792,169.06420612614593,169.4305419921875,52488700
2024-03-14,171.19284931228447,172.57893998999515,170.34138929390355,171.28195190429688,72913500
2024-03-15,169.47011882986195,170.9057159423828,168.59885322457814,170.9057159423828,121752700
2024-03-18,173.82643054023092,175.94517770513775,171.7967859641753,171.9947967529297,75604200
2024-03-19,172.6086342803731,174.85609525037736,171.31164624406932,174.33135986328125,55215200
2024-03-20,173.97494430389506,176.89564514160156,173.35119593354977,176.89564514160156,53423100
2024-03-21,175.2917526971676,175.72738555690037,169.14341639458797,169.66815185546875,106181300
2024-03-22,170.05426688241553,171.33146450930536,168.37115239719608,170.56910705566406,71160100
2024-03-25,168.87610215909345,170.23249206020807,167.76721443821097,169.1533203125,54288300
2024-03-26,168.3117563520967,169.71765273934344,167.89592911986227,168.02464294433594,57388400
2024-03-27,168.7176879462108,171.87601096065072,168.42066417893392,171.58888244628906,60273300
2024-03-28,170.04437673388762,170.51960569647457,168.81668554767697,169.7770538330078,65672700
2024-04-01,169.48991432845702,169.54931605122675,167.79688969325008,168.3414306640625,46240500
2024-04-02,167.40089107386055,167.65830361021796,166.55932626663449,167.16326904296875,49329500
2024-04-03,167.11376514661308,168.98499523543435,166.9058590852198,167.96522521972656,47691700
2024-04-04,168.5988199463773,170.212637026558,167.1434326171875,167.1434326171875,53704400
2024-04-05,167.90583031188157,168.69788868535903,167.27218663455102,167.89593505859375,42104800
2024-04-08,167.35140261724945,167.51971257536823,166.5692545639612,166.77716064453125,37425500
2024-04-09,167.02463249925154,168.39093251447707,166.67811742351924,167.98500061035156,42373800
2024-04-10,167.1236748074244,167.41078821247058,165.45045553411236,166.11380004882812,49709300
2024-04-11,166.6682071669761,173.71750852250418,166.49000200344838,173.30166625976562,91070300
2024-04-12,172.52944039553972,176.58872985356905,172.47994902506244,174.7967071533203,101670900
2024-04-15,173.61853482041673,174.875926929409,170.78693631547566,170.9750518798828,73531800
2024-04-16,170.0443808641566,172.03441446797186,166.59894436401518,167.6979217529297,73711200
2024-04-17,167.9256158132339,168.95528100035153,166.33160400390625,166.33160400390625,50901200
2024-04-18,166.36129252101995,166.96523521407434,164.8959946340493,165.38111877441406,43122900
2024-04-19,164.55941006923095,164.7475105290668,162.4505578172506,163.36141967773438,68149400
2024-04-22,163.8762247169617,165.59893510418706,163.13367296874276,164.1930389404297,48116400
2024-04-23,163.70794332424896,165.39105789202225,163.2822057253187,165.24253845214844,49537800
2024-04-24,164.8861093338651,167.6187098522012,164.5593998092657,167.34149169921875,48251800
2024-04-25,167.84640961058278,168.9156860278579,166.4801094484109,168.2028350830078,50558300
2024-04-26,168.1929553099538,169.63844783702467,167.49989480565932,167.61871337890625,44838400
2024-04-29,171.64827897757164,174.28186646983917,171.38097119165224,171.77699279785156,68169400
2024-04-30,171.60868084411632,173.2521991943247,168.31174889120035,168.6384735107422,65934800
2024-05-01,167.8959315377214,170.99485287185942,167.43059781958385,167.61871337890625,50383100
2024-05-02,170.79677494893767,171.6977412443939,169.19286821739064,171.31161499023438,94214900
2024-05-03,184.7963833456082,185.14291355827163,180.84601747897057,181.55886840820312,163224100
2024-05-06,180.5390848280799,182.37070337959045,178.62824383792136,179.9054412841797,78569700
2024-05-07,181.62815272879564,183.0637497391675,179.5193160584302,180.5885772705078,77305800
2024-05-08,181.03414013837894,181.25195654794928,179.6480343404535,180.92523193359375,45057100
2024-05-09,180.74702708520252,182.8261784061232,180.30149897565002,182.73707580566406,48983000
2024-05-10,183.31206939842306,183.50044009541958,180.56586910059414,181.47796630859375,50759500
2024-05-13,183.84742393900163,185.4931713127623,183.03445892506747,184.68020629882812,72044800
2024-05-14,185.89964252722956,186.68286641073877,184.69011878206607,185.82032775878906,52393600
2024-05-15,186.2962297111884,189.01268886802714,185.76085876781028,188.09068298339844,70400000
2024-05-16,188.83421956137332,189.45881387860598,188.03117836935675,188.20962524414062,52845200
2024-05-17,187.88245575005936,189.17129419091543,187.55528802161362,188.23936462402344,41282900
2024-05-20,187.70403175639103,190.2717851507536,187.38677266186554,189.3993377685547,44361300
2024-05-21,189.44891605266244,191.07483113273048,189.2803778274553,190.69810485839844,42309400
2024-05-22,190.61877317517173,191.16405275409193,188.63594934473116,189.26052856445312,34648500
2024-05-23,189.3398501117122,189.35968258649532,185.02721720275102,185.2750701904297,51005900
2024-05-24,187.19840810516956,188.94328765804346,186.42509288132968,188.3484344482422,36327000
2024-05-28,189.86528785982966,191.34249703943843,187.47599667367734,188.3583526611328,52280100
2024-05-29,187.98160889548626,190.5989356775744,187.88246165547932,188.65576171875,53068000
2024-05-30,189.12173915319045,190.52954231443272,188.99286588586446,189.64718627929688,49889100
2024-05-31,189.7959119633218,190.9162123421418,188.27905284340878,190.5989532470703,75158300
2024-06-03,191.24336235629542,193.31542486412093,190.86663609575578,192.36366271972656,50080500
2024-06-04,192.96841099700254,193.64257895328527,191.37223723797064,192.680908203125,47471400
2024-06-05,193.72188613227584,195.20900403542353,193.19643901671662,194.18785095214844,54156800
2024-06-06,194.0093990023229,194.81244022862765,192.50244866402238,192.80978393554688,41181800
2024-06-07,192.97829831295977,195.24863977701435,192.47268374751314,195.19906616210938,53103900
2024-06-10,195.20899197297106,195.60556579928584,190.49978557066368,191.46145629882812,97010200
2024-06-11,191.98691085726122,205.38089548057218,191.96709351098235,205.3709716796875,172373300
2024-06-12,205.58908283581826,218.30889945026047,205.1231180281253,211.24014282226562,198134300
2024-06-13,212.8957760920924,214.88850837078886,209.78274363476027,212.4000701904297,97862700
2024-06-14,212.01345147179217,213.32210737882852,209.4853479747781,210.66513061523438,70122700
2024-06-17,211.53757201804441,217.06965275202606,210.89316027395952,214.80923461914062,93728300
2024-06-18,215.72132373307375,216.75240063817128,211.1707464886947,212.4496612548828,79943300
2024-06-20,212.0927425591543,212.4000929584359,207.05638337080816,207.87924194335938,86172500
2024-06-21,208.58314195009936,210.0702597495804,205.3313122387871,205.7080535888672,241805100
2024-06-24,205.93608683303725,210.87331399723786,204.8157865138524,206.35247802734375,80727000
2024-06-25,207.35377473031713,209.5646339662685,206.81841900726565,207.27447509765625,55549700
2024-06-26,209.68360834691896,213.01475280094434,208.83099354238436,211.4185791015625,66213200
2024-06-27,212.84622088780682,213.88720639689362,210.52632069800987,212.26129150390625,49772700
2024-06-28,213.91695291908772,214.21437951883613,208.4939285392998,208.81117248535156,82542700
2024-07-01,210.26855134899324,215.64200216221636,210.10001313722785,214.88853454589844,60402900
2024-07-02,214.29369867156123,218.48738234159504,213.2527281692765,218.37832641601562,58046200
2024-07-03,218.11063203893852,219.64732360839844,217.1489612238199,219.64732360839844,37369800
2024-07-05,219.7464397478406,224.5052198536283,219.7464397478406,224.3961639404297,60412400
2024-07-08,225.13972278278513,225.89320550199054,221.3327047505454,225.86346435546875,59085900
2024-07-09,225.97252074204383,227.42989753320916,224.4259205051531,226.71607971191406,48076100
2024-07-10,227.3307677065015,231.0783037422216,227.28119408246098,230.97915649414062,62627700
2024-07-11,229.40280147827102,230.39421338925845,223.83107137940016,225.61561584472656,64710600
2024-07-12,226.95403700304678,230.64209091466597,226.71609267309665,228.56011962890625,53046500
2024-07-15,234.44910163171727,235.1926606193721,231.0882156126273,232.386962890625,62631300
2024-07-16,232.98182214446476,234.2409196318231,230.3347538954296,232.80337524414062,43234300
2024-07-17,227.4794799069808,229.47222770464353,224.6936146131452,226.9143829345703,57345900
2024-07-18,228.3023336745397,228.46096321097224,220.36112971273346,222.2547149658203,66034600
2024-07-19,222.88926630632307,224.85225794685087,221.36248326433122,222.38363647460938,49151500
2024-07-22,225.06043082550624,225.82382229500527,221.17409763275575,222.03663635253906,48201800
2024-07-23,222.44308791792702,224.9910238167192,220.76759935066607,223.0775909423828,39960300
2024-07-24,222.07627816799848,222.86941075843336,215.26528287042115,216.6631622314453,61777600
2024-07-25,217.0497975364767,218.95332167523742,212.77681471652627,215.62217712402344,51391200
2024-07-26,216.8217851678197,217.6050090608147,214.15488466672127,216.08815002441406,41601300
2024-07-29,215.0967318967012,217.41663210574902,213.89711684474761,216.36573791503906,36311800
2024-07-30,217.3075942808937,218.43780333279796,214.26395224147618,216.9209442138672,41643800
2024-07-31,219.53825698895486,221.89782218872546,218.7352157578384,220.17276000976562,50036300
2024-08-01,222.44309097566543,222.55214689360594,215.15622233135366,216.48471069335938,62501000
2024-08-02,217.2679231335739,223.66254232334134,215.84030263063204,217.97183227539062,105568600
2024-08-05,197.38019703112641,211.66644653820467,194.31673780556494,207.4727783203125,119548600
2024-08-06,203.53686913101606,208.18659343179937,199.34320096724198,205.45028686523438,69660500
2024-08-07,205.12311510057037,211.80523672133984,204.61750047992084,208.01805114746094,63516400
2024-08-08,211.27980900719393,212.36044444161047,207.0365669160157,211.47808837890625,47161100
2024-08-09,210.27848952903548,214.91829038971974,210.1496011292121,214.3829345703125,42201600
2024-08-12,214.4623401059105,217.8767320905019,213.9958359256548,215.91146850585938,38028100
2024-08-13,217.38044783379533,220.23902400333975,217.38044783379533,219.62364196777344,44155300
2024-08-14,218.92887503482297,221.37056313371255,218.06533789669703,220.0703125,41960600
2024-08-15,222.9288560878089,223.67327566716008,221.1025352094067,223.04795837402344,46414000
2024-08-16,222.25393109506462,225.1422830006272,221.98593577772976,224.3680877685547,44340200
2024-08-19,224.04051049270504,224.30850577318623,221.3804434072076,224.20924377441406,40687800
2024-08-20,224.0901616619868,225.47973889834265,223.7725353535306,224.82464599609375,30299000
2024-08-21,224.8345868015738,226.28371522001356,223.37552309496598,224.71546936035156,34765500
2024-08-22,226.09512887719345,226.64103964823346,222.23407290784718,222.85939025878906,43695300
2024-08-23,223.98097823318813,226.52192810531062,222.66087229355688,225.15219116210938,38677300
2024-08-26,225.07279660900764,225.58893181224732,222.22415556593285,225.4896697998047,30602200
2024-08-27,224.31846403822652,227.147264886192,223.21672230373292,226.33335876464844,35934600
2024-08-28,226.22414704916858,228.14971479709,224.0008084384826,224.80479431152344,38052200
2024-08-29,228.3879521456165,231.18696212304621,227.1770283167567,228.0802459716797,51906300
2024-08-30,228.4772602189495,228.68568922028223,225.78741746908054,227.29611206054688,52990800
2024-09-03,226.84946493362216,227.29611365629745,219.52437135882835,221.1124725341797,50190600
2024-09-04,220.01072730838987,220.1298295937355,215.86182100754215,219.20675659179688,43840200
2024-09-05,219.9809527371486,223.80229748015876,219.87177059333374,220.72537231445312,36615400
2024-09-06,222.28367202274,223.5640821152314,218.13478104858405,219.17697143554688,48423000
2024-09-09,219.17701543505086,219.6236642204836,215.09759492361837,219.26634216308594,67180000
2024-09-10,217.29112653781655,219.83207646515766,215.1174187834135,218.47227478027344,51591000
2024-09-11,219.81221238330573,221.43007391385896,216.2687680395375,221.00328063964844,44587100
2024-09-12,220.8444772424724,221.88666769221828,218.18442519080247,221.1124725341797,37455600
2024-09-13,221.91644846858938,222.37301734416337,220.25887596851652,220.844482421875,36766600
2024-09-16,214.92882889414335,215.60377723416104,212.32832783334672,214.71047973632812,59357400
2024-09-17,214.14471619981742,215.28615358843467,212.904016801209,215.17697143554688,45519300
2024-09-18,215.9313221513165,221.05293280374121,215.92138686335736,219.04795837402344,59894900
2024-09-19,223.31596324984213,228.11002736409566,222.95864123060412,227.16708374023438,66781300
2024-09-20,228.25889437635817,231.35567496568984,225.9263736470506,226.50205993652344,318679900
2024-09-23,225.64846451262724,227.742765583781,224.12984974700805,224.78494262695312,54146000
2024-09-24,226.94872814757065,227.64353192764617,224.05045616714196,225.67825317382812,43556100
2024-09-25,223.25638097071698,225.59882178569194,222.35316341740713,224.6856689453125,42308700
2024-09-26,225.60876888531146,226.7998372114188,223.73283210674714,225.82713317871094,36636700
2024-09-27,226.7601514881057,227.81226214161182,225.6087788258606,226.09512329101562,34026000
2024-09-30,228.3283747151782,231.266357421875,227.9412771261621,231.266357421875,54541900
2024-10-01,227.81223995033787,227.94126237482303,222.07524777401002,224.52687072753906,63285000
2024-10-02,224.209243584203,225.67822726420644,221.36060293586246,225.09262084960938,32880600
2024-10-03,223.46481998018766,225.12239234050705,221.65836976978886,223.99087524414062,34044200
2024-10-04,226.20430944090455,226.30357145139808,222.46237094034984,225.1125030517578,37245100
2024-10-07,222.8296172342201,224.01076551273388,219.68320530273118,220.04052734375,39505400
2024-10-08,222.63110049734397,224.298593199742,221.58890998571715,224.0901641845703,31855700
2024-10-09,223.55416342639623,228.0405364361267,223.15714569962594,227.83209228515625,33591100
2024-10-10,226.0851959438118,227.7923994519787,225.47973405841245,227.3358154296875,28183500
2024-10-11,227.59388209213523,227.7030642360917,225.64845893034402,225.85690307617188,31759200
2024-10-14,226.998334224751,230.00578802790554,226.89908737082214,229.57899475097656,39882100
2024-10-15,231.87181141001133,235.72294688412148,230.64103225198252,232.1100311279297,64751400
2024-10-16,229.87678174389526,230.3929017691756,228.12986736523644,230.05543518066406,34082200
2024-10-17,231.69315867439417,232.11004699556463,228.8048220166126,230.4226837158203,32993800
2024-10-18,234.4226930307779,234.4226930307779,232.26884075534687,233.25148010253906,46431500
2024-10-21,232.7055644739604,235.08771628667242,232.7055644739604,234.720458984375,36254500
2024-10-22,232.14974382855843,234.4624093106695,230.86934872103873,234.10508728027344,38846600
2024-10-23,232.33831918874512,233.3904297884605,226.06533615950997,229.0430145263672,52287000
2024-10-24,228.26884002769643,229.10260155629064,226.710529416834,228.85446166992188,31109500
2024-10-25,228.03061417648678,231.48471683213373,227.86188088691335,229.6881866455078,38802300
2024-10-28,231.58401493128346,232.9835124677023,230.81973979270543,231.6634063720703,36087100
2024-10-29,231.36561495313973,232.5864588417728,230.59141979007921,231.93136596679688,35417200
2024-10-30,230.87925826342104,231.7328600109945,227.8420287171323,228.387939453125,47070900
2024-10-31,227.63358238786932,228.11994197442104,223.693120129287,224.22911071777344,64370100
2024-11-01,219.32585141181025,223.67326642200996,218.6310628621847,221.2514190673828,65276700
2024-11-04,219.34572401852256,221.13231895883285,218.0752491010658,220.35812377929688,44944500
2024-11-05,220.14968230766976,222.28367900181775,219.49458945583885,221.7873992919922,28111300
2024-11-06,220.95366880237512,224.387931303672,219.54423614319148,221.06285095214844,54561100
2024-11-07,222.95865940199351,226.18447798056903,222.89910825147632,225.78744506835938,42137700
2024-11-08,225.72780810336752,227.20835428792034,224.9726384261151,225.51914978027344,38328800
2024-11-11,223.5715733715174,224.26712634517858,220.0937933412938,222.80645751953125,42005600
2024-11-12,223.1244332571579,224.15782408060912,221.94198562097503,222.80645751953125,40398300
2024-11-13,222.5878574334345,225.21109667354565,221.3457931121334,223.69081115722656,48566200
2024-11-14,223.59146688403666,227.41701609796436,223.57158960851197,226.77114868164062,44923900
2024-11-15,224.96268496170848,225.4793879673537,222.84621765747355,223.5715789794922,47923700
2024-11-18,223.81998425203597,228.28148462394066,223.7404903183321,226.57240295410156,44633700
2024-11-19,225.53899960732684,228.69881907074455,225.22103903072198,226.83074951171875,36211800
2024-11-20,226.61215353970658,228.47027695087482,224.45593165289552,227.5461883544922,35169600
2024-11-21,227.42695953023323,228.69883223369175,224.2770861035494,227.06924438476562,42108300
2024-11-22,226.6121530455377,229.25526960886552,226.6121530455377,228.41065979003906,38168300
2024-11-25,229.99057974831032,231.7692092379923,228.28149797848934,231.39161682128906,90152800
2024-11-26,231.84870566104107,234.07449047305911,231.84870566104107,233.56771850585938,45986200
2024-11-27,232.9814664022851,234.1937224347506,232.32565277909848,233.43853759765625,33498400
2024-11-29,233.3192972938568,236.3002516789311,232.48463370489634,235.82330322265625,28481400
2024-12-02,235.76369091824088,239.26133321145704,235.654388648958,238.06895446777344,48137100
2024-12-03,238.28756099978403,241.21882985808793,237.3833345065081,241.10952758789062,38861000
2024-12-04,241.32814402991647,242.56027739454964,239.7184333911867,241.46725463867188,44383900
2024-12-05,242.4410361127995,242.98753231090083,240.59284370740727,241.49705505371094,40033900
2024-12-06,241.36788746709487,243.0769692456264,240.5431549096241,241.29832458496094,36870600
2024-12-09,240.29476865400252,245.67042745795882,240.21527470643758,245.18353271484375,44649200
2024-12-10,245.32261857013248,246.63424582967986,243.7824557106041,246.19703674316406,36914800
2024-12-11,246.38582450957213,249.2077910379196,244.69660488558225,244.92515563964844,45205800
2024-12-12,245.32261935264157,247.1608807008323,244.12029436088807,246.38583374023438,32777500
2024-12-13,246.24671899982582,247.70737273801882,244.67674782957272,246.55474853515625,33155300
2024-12-16,246.4156487620838,249.7841268474892,246.07779571830554,249.44627380371094,51694800
2024-12-17,248.49236434269267,252.21855739876366,248.19426586582333,251.8707733154297,51356400
2024-12-18,250.559158393614,252.66569465886903,246.16722071424974,246.47525024414062,56774100
2024-12-19,245.92873792847348,250.400169527173,245.5213371883983,248.20419311523438,60882300
2024-12-20,246.4653249902114,253.3811464831127,244.13025293349912,252.8743896484375,147495300
2024-12-23,253.15257310041957,254.02697602810866,251.84094596601008,253.64939880371094,40858800
2024-12-24,253.86804957710976,256.5707679464462,253.6693071300515,256.56085205078125,23234700
2024-12-26,256.5508929178466,258.44877099351584,255.99445048269988,257.3756103515625,27237100
2024-12-27,256.19316170058187,257.05766400729357,251.45345479939442,253.96739196777344,42355300
2024-12-30,250.6287158030117,251.890657464443,249.15811581542044,250.59890747070312,35557500
2024-12-31,250.83739579916153,251.6720594492945,247.84649497663966,248.83021545410156,39480700
2025-01-02,247.34966196417784,247.51859606258614,240.28481431614935,242.3019256591797,55740700
2025-01-03,241.81503295898438,242.62981931594805,240.3543640210219,241.81503295898438,40244100
2025-01-06,242.75898865424097,245.75982034447205,241.65603491404494,243.44461059570312,45045600
2025-01-07,241.4374487975533,243.9911405526811,239.81780708502322,240.67234802246094,40856000
2025-01-08,240.38417847646193,242.1628232218062,238.52605495049286,241.1592254638672,37628900
2025-01-10,238.48628640867517,238.63534322792128,231.52079498772144,235.3463592529297,61710900
